unit_id,family_id,variant,category,mode,runtime_key,scope,in_content_release,source_scene_id,scene_direction,overlay_count,asset_mapping_status
ACT-BARTERBATTERY-A,ACT-BARTERBATTERY,A,"Gathering, work, barter, and rest",Shared,,compatible_narrative,true,act-barterbattery-a-scene,Resident holds a replacement battery beside a small grocery bundle; a radio sits nearby.,0,needs_art_catalog_mapping
ACT-BARTERBATTERY-B,ACT-BARTERBATTERY,B,"Gathering, work, barter, and rest",Shared,,compatible_narrative,false,act-barterbattery-b-scene,"Exchange table holds a plain battery, groceries and an unopened printed shop quote.",0,needs_art_catalog_mapping
ACT-BARTERBATTERY-C,ACT-BARTERBATTERY,C,"Gathering, work, barter, and rest",Shared,,compatible_narrative,false,act-barterbattery-c-scene,Resident taps a real battery while an unlettered radio display glows beside empty political leaflets.,0,needs_art_catalog_mapping
ACT-BARTERSUPPLIES-A,ACT-BARTERSUPPLIES,A,"Gathering, work, barter, and rest",Shared,,compatible_narrative,true,act-bartersupplies-a-scene,Resident sets plain groceries opposite an intact spare; no money or goods have changed hands yet.,0,needs_art_catalog_mapping
ACT-BARTERSUPPLIES-B,ACT-BARTERSUPPLIES,B,"Gathering, work, barter, and rest",Shared,,compatible_narrative,false,act-bartersupplies-b-scene,Two travelers and a local regard a tire and groceries arranged like a modest negotiating table.,0,needs_art_catalog_mapping
ACT-BARTERSUPPLIES-C,ACT-BARTERSUPPLIES,C,"Gathering, work, barter, and rest",Shared,,compatible_narrative,false,act-bartersupplies-c-scene,"Simple swap table in front of a radio; groceries are unmistakably practical, the spare visibly intact.",0,needs_art_catalog_mapping
ACT-BARTERTIRE-A,ACT-BARTERTIRE,A,"Gathering, work, barter, and rest",Shared,,compatible_narrative,true,act-bartertire-a-scene,Resident presents an intact spare beside a modest grocery bundle and an ordinary radio.,0,needs_art_catalog_mapping
ACT-BARTERTIRE-B,ACT-BARTERTIRE,B,"Gathering, work, barter, and rest",Shared,,compatible_narrative,false,act-bartertire-b-scene,Two ordinary people compare an intact tire and plain groceries across a community swap table.,0,needs_art_catalog_mapping
ACT-BARTERTIRE-C,ACT-BARTERTIRE,C,"Gathering, work, barter, and rest",Shared,,compatible_narrative,false,act-bartertire-c-scene,A spare tire lies flat on a swap table like an oddly practical conference table.,0,needs_art_catalog_mapping
ACT-CASHWORK-A,ACT-CASHWORK,A,"Gathering, work, barter, and rest",Shared,,compatible_narrative,true,act-cashwork-a-scene,Owner gestures to an empty tip jar beside dishes waiting to be cleared; travelers are still considering the job.,0,needs_art_catalog_mapping
ACT-CASHWORK-B,ACT-CASHWORK,B,"Gathering, work, barter, and rest",Shared,,compatible_narrative,false,act-cashwork-b-scene,Large blank banner and stage crates await lifting while a wealthy donor rehearses near an assembled podium.,0,needs_art_catalog_mapping
ACT-CASHWORK-C,ACT-CASHWORK,C,"Gathering, work, barter, and rest",Shared,,compatible_narrative,false,act-cashwork-c-scene,Delivery truck waits by a damaged access road; shop owner offers work beside untouched crates.,0,needs_art_catalog_mapping
ACT-FOODWORK-A,ACT-FOODWORK,A,"Gathering, work, barter, and rest",Shared,,compatible_narrative,true,act-foodwork-a-scene,Pantry coordinator offers a sorting station beside clearly separated incoming donations and outgoing groceries.,0,needs_art_catalog_mapping
ACT-FOODWORK-B,ACT-FOODWORK,B,"Gathering, work, barter, and rest",Shared,,compatible_narrative,false,act-foodwork-b-scene,Kitchen worker stands between untouched catered trays and plain takeaway containers; travelers have not started work.,0,needs_art_catalog_mapping
ACT-FOODWORK-C,ACT-FOODWORK,C,"Gathering, work, barter, and rest",Shared,,compatible_narrative,false,act-foodwork-c-scene,Volunteer displays an empty cash drawer beside a sorting bench and plain grocery invoices.,0,needs_art_catalog_mapping
ACT-FORAGE-A,ACT-FORAGE,A,"Gathering, work, barter, and rest",Shared,,compatible_narrative,true,act-forage-a-scene,Guide points out familiar edible berries to current travelers; a blank phone form sits unused beside a basket.,0,needs_art_catalog_mapping
ACT-FORAGE-B,ACT-FORAGE,B,"Gathering, work, barter, and rest",Shared,,compatible_narrative,false,act-forage-b-scene,Former public botanist shows travelers two clearly different plants without a harvesting tutorial or readable labels.,0,needs_art_catalog_mapping
ACT-FORAGE-C,ACT-FORAGE,C,"Gathering, work, barter, and rest",Shared,,compatible_narrative,false,act-forage-c-scene,"Ordinary travelers gather with a guide while a distant, elegant catered reception is glimpsed beyond a venue fence.",0,needs_art_catalog_mapping
ACT-GLEAN-A,ACT-GLEAN,A,"Gathering, work, barter, and rest",Shared,,compatible_narrative,true,act-glean-a-scene,Farmer holds a blank machinery invoice beside a tractor while travelers consider a row of leftover produce.,0,needs_art_catalog_mapping
ACT-GLEAN-B,ACT-GLEAN,B,"Gathering, work, barter, and rest",Shared,,compatible_narrative,false,act-glean-b-scene,Farmer gestures to unharvested produce beside an ordinary radio and an unlettered benefits notice.,0,needs_art_catalog_mapping
ACT-GLEAN-C,ACT-GLEAN,C,"Gathering, work, barter, and rest",Shared,,compatible_narrative,false,act-glean-c-scene,One conspicuously bent carrot sits atop a crate beside a row the crew may glean.,0,needs_art_catalog_mapping
ACT-REST-A,ACT-REST,A,"Gathering, work, barter, and rest",Shared,,compatible_narrative,true,act-rest-a-scene,Current crew rests in or beside the parked van; one traveler holds the keys while a muted radio sits aside.,0,needs_art_catalog_mapping
ACT-REST-B,ACT-REST,B,"Gathering, work, barter, and rest",Shared,,compatible_narrative,false,act-rest-b-scene,Travelers settle at a modest rest stop while a blank radio display shows a distant donor broadcast through a separate overlay.,0,needs_art_catalog_mapping
ACT-REST-C,ACT-REST,C,"Gathering, work, barter, and rest",Shared,,compatible_narrative,false,act-rest-c-scene,Phones face down beside wrapped food while current crew rests by the van; no content embedded on screens.,0,needs_art_catalog_mapping
ALLY-01-A,ALLY-01,A,Ally-departure vignettes,Shared,ally_loss.reason_0,compatible_narrative,true,ally-01-a-scene,Outside contact photographs red hats beside a ring light while a blank goodbye message appears in an inset.,2,needs_art_catalog_mapping
ALLY-01-B,ALLY-01,B,Ally-departure vignettes,Shared,ally_loss.reason_0,compatible_narrative,false,ally-01-b-scene,Outside contact stands beside plain cartons of hats and a customs bill; the traveling crew sees the request on a blank phone.,1,needs_art_catalog_mapping
ALLY-01-C,ALLY-01,C,Ally-departure vignettes,Shared,ally_loss.reason_0,compatible_narrative,false,ally-01-c-scene,"Outside contact adjusts an enormous donor-event microphone while a small, unconnected microphone sits aside.",1,needs_art_catalog_mapping
ALLY-02-A,ALLY-02,A,Ally-departure vignettes,Shared,ally_loss.reason_1,compatible_narrative,true,ally-02-a-scene,Outside contact carries a box of desk belongings past an empty public-service counter; blank forms overflow the box.,1,needs_art_catalog_mapping
ALLY-02-B,ALLY-02,B,Ally-departure vignettes,Shared,ally_loss.reason_1,compatible_narrative,false,ally-02-b-scene,Outside contact holds a disconnected office headset beside a cardboard box; the same extension appears only as an editable overlay.,1,needs_art_catalog_mapping
ALLY-02-C,ALLY-02,C,Ally-departure vignettes,Shared,ally_loss.reason_1,compatible_narrative,false,ally-02-c-scene,Outside contact packs an office desk while the owner’s adult son occupies a larger desk behind them.,1,needs_art_catalog_mapping
ALLY-03-A,ALLY-03,A,Ally-departure vignettes,Shared,ally_loss.reason_2,compatible_narrative,true,ally-03-a-scene,Outside contact checks a garage invoice beside a work apron and an overnight shift alarm.,1,needs_art_catalog_mapping
ALLY-03-B,ALLY-03,B,Ally-departure vignettes,Shared,ally_loss.reason_2,compatible_narrative,false,ally-03-b-scene,Outside contact puts a medical bill under a second job’s timecard; no dollar figures embedded.,1,needs_art_catalog_mapping
ALLY-03-C,ALLY-03,C,Ally-departure vignettes,Shared,ally_loss.reason_2,compatible_narrative,false,ally-03-c-scene,Outside contact pulls on a second work apron beside a sparsely filled grocery bag.,1,needs_art_catalog_mapping
ALLY-04-A,ALLY-04,A,Ally-departure vignettes,Shared,ally_loss.reason_3,compatible_narrative,true,ally-04-a-scene,"Outside contact sets up rival-color merchandise tables, with an identical blank card reader on each.",1,needs_art_catalog_mapping
ALLY-04-B,ALLY-04,B,Ally-departure vignettes,Shared,ally_loss.reason_3,compatible_narrative,false,ally-04-b-scene,Outside contact flips reversible blank souvenir tags on identical coastal trinkets.,2,needs_art_catalog_mapping
ALLY-04-C,ALLY-04,C,Ally-departure vignettes,Shared,ally_loss.reason_3,compatible_narrative,false,ally-04-c-scene,"Outside contact works at a laptop beside a monthly calendar and a theatrical countdown clock, all text as overlays.",1,needs_art_catalog_mapping
ALLY-05-A,ALLY-05,A,Ally-departure vignettes,Shared,ally_loss.reason_4,compatible_narrative,true,ally-05-a-scene,Outside contact closes a blank group-chat screen with a physical padlock lying uselessly beside the phone.,1,needs_art_catalog_mapping
ALLY-05-B,ALLY-05,B,Ally-departure vignettes,Shared,ally_loss.reason_4,compatible_narrative,false,ally-05-b-scene,Outside contact shields blank milk bottles from a phone displaying an unanswered crew message.,1,needs_art_catalog_mapping
ALLY-05-C,ALLY-05,C,Ally-departure vignettes,Shared,ally_loss.reason_4,compatible_narrative,false,ally-05-c-scene,Outside contact pushes an unlettered receipt away while blocking a message on a blank phone.,1,needs_art_catalog_mapping
ALLY-06-A,ALLY-06,A,Ally-departure vignettes,Shared,ally_loss.reason_5,compatible_narrative,true,ally-06-a-scene,Outside contact rests an injured ankle beside a closed ramp; well-dressed guests use a nearby unobstructed entry.,1,needs_art_catalog_mapping
ALLY-06-B,ALLY-06,B,Ally-departure vignettes,Shared,ally_loss.reason_5,compatible_narrative,false,ally-06-b-scene,Outside contact sits with a sore back beside cleaning equipment and an empty service desk.,1,needs_art_catalog_mapping
ALLY-06-C,ALLY-06,C,Ally-departure vignettes,Shared,ally_loss.reason_5,compatible_narrative,false,ally-06-c-scene,Outside contact rests a sore shoulder beside speakers on a handcart; a distant donor event has professional stagehands.,1,needs_art_catalog_mapping
CARE-01-A,CARE-01,A,Crew-care scenarios,Shared,trail.care_reason_0,compatible_narrative,true,care-01-a-scene,The affected traveler heads toward a portable toilet while a raw-milk vendor proudly presents an unlettered bottle. A small knife-shaped shadow falls from the bottle; no violence.,2,needs_art_catalog_mapping
CARE-01-B,CARE-01,B,Crew-care scenarios,Shared,trail.care_reason_0,compatible_narrative,false,care-01-b-scene,Unplugged mini-fridge behind a MAHA vendor; affected traveler leaning near a wash station. The unplugged cable is the focal gag.,2,needs_art_catalog_mapping
CARE-01-C,CARE-01,C,Crew-care scenarios,Shared,trail.care_reason_0,compatible_narrative,false,care-01-c-scene,Vendor offers another blank milk bottle while the ill traveler sits beside the van. Keep the second bottle sealed and conspicuously separate.,22,needs_art_catalog_mapping
CARE-02-A,CARE-02,A,Crew-care scenarios,Shared,trail.care_reason_1,compatible_narrative,true,care-02-a-scene,Dehydrated traveler rests beside unloaded crates. A boss stands with a marker beside a blank warning board; heat shimmers beyond his small patch of shade.,3,needs_art_catalog_mapping
CARE-02-B,CARE-02,B,Crew-care scenarios,Shared,trail.care_reason_1,compatible_narrative,false,care-02-b-scene,A boss blocks a shaded water cooler while the affected traveler sits among delivery crates. His own full glass has condensation.,13,needs_art_catalog_mapping
CARE-02-C,CARE-02,C,Crew-care scenarios,Shared,trail.care_reason_1,compatible_narrative,false,care-02-c-scene,"Rally-stage crates on hot asphalt, traveler in shade, organizer leaning protectively over a private ice cooler. No baked-in rally lettering.",18,needs_art_catalog_mapping
CARE-03-A,CARE-03,A,Crew-care scenarios,Shared,trail.care_reason_2,compatible_narrative,true,care-03-a-scene,Exhausted traveler at a late-night diner table with a small mountain of blank forms and a crumpled work glove.,26,needs_art_catalog_mapping
CARE-03-B,CARE-03,B,Crew-care scenarios,Shared,trail.care_reason_2,compatible_narrative,false,care-03-b-scene,Traveler nods over a laptop beside a former public worker holding a plain résumé; repetitive empty form boxes remain blank for overlays.,19,needs_art_catalog_mapping
CARE-03-C,CARE-03,C,Crew-care scenarios,Shared,trail.care_reason_2,compatible_narrative,false,care-03-c-scene,Exhausted adult traveler faces a blank application while a contractor’s family portrait prominently displays a child in an oversized executive chair.,18,needs_art_catalog_mapping
CARE-04-A,CARE-04,A,Crew-care scenarios,Shared,trail.care_reason_3,compatible_narrative,true,care-04-a-scene,"Wellness stall with unlettered tonic bottles and a bucket beneath the counter; affected traveler turned away, vendor holding a blank loyalty card.",2,needs_art_catalog_mapping
CARE-04-B,CARE-04,B,Crew-care scenarios,Shared,trail.care_reason_3,compatible_narrative,false,care-04-b-scene,Ill traveler beside a wellness display; vendor scrutinizes an unmarked powder sachet through a magnifying glass as though it were a suspicious ballot.,15,needs_art_catalog_mapping
CARE-04-C,CARE-04,C,Crew-care scenarios,Shared,trail.care_reason_3,compatible_narrative,false,care-04-c-scene,Vendor gestures away from an unlettered supplement bottle toward the affected traveler; a second stall worker quietly flips a blank guarantee card.,20,needs_art_catalog_mapping
CARE-05-A,CARE-05,A,Crew-care scenarios,Shared,trail.care_reason_4,compatible_narrative,true,care-05-a-scene,Traveler slumps between two otherwise identical blank maps; the route lines match precisely while removable label boxes sit in different piles.,2,needs_art_catalog_mapping
CARE-05-B,CARE-05,B,Crew-care scenarios,Shared,trail.care_reason_4,compatible_narrative,false,care-05-b-scene,"Exhausted traveler compares an old folded guide with a blank digital map, both showing the same unmistakable mountain silhouette.",2,needs_art_catalog_mapping
CARE-05-C,CARE-05,C,Crew-care scenarios,Shared,trail.care_reason_4,compatible_narrative,false,care-05-c-scene,A traveler studies a route loop on a blank phone beside the van; the same distinctive gas-station statue appears through both windows.,36,needs_art_catalog_mapping
CARE-06-A,CARE-06,A,Crew-care scenarios,Shared,trail.care_reason_5,compatible_narrative,true,care-06-a-scene,Exhausted traveler at a garage counter holding a white napkin near a blank card reader; an unlettered parts box sits between them and the cashier.,2,needs_art_catalog_mapping
CARE-06-B,CARE-06,B,Crew-care scenarios,Shared,trail.care_reason_5,compatible_narrative,false,care-06-b-scene,Traveler draws arrows between an unlettered invoice and a nearly empty wallet; every arrow returns to the wallet.,21,needs_art_catalog_mapping
CARE-06-C,CARE-06,C,Crew-care scenarios,Shared,trail.care_reason_5,compatible_narrative,false,care-06-c-scene,Sleep-deprived traveler holds a phone while another handset in the van visibly vibrates beside a blank parts invoice.,17,needs_art_catalog_mapping
CARE-07-A,CARE-07,A,Crew-care scenarios,Shared,trail.care_reason_6,compatible_narrative,true,care-07-a-scene,"Traveler nods over a plain laptop while five physical work objects—keys, gloves, brush, map and radio—line the table.",0,needs_art_catalog_mapping
CARE-07-B,CARE-07,B,Crew-care scenarios,Shared,trail.care_reason_6,compatible_narrative,false,care-07-b-scene,Traveler in the van faces an overflowing blank chat screen; nearby delivery driver holds a pizza box and a phone with the same notification shapes.,22,needs_art_catalog_mapping
CARE-07-C,CARE-07,C,Crew-care scenarios,Shared,trail.care_reason_6,compatible_narrative,false,care-07-c-scene,Sleep-deprived traveler turns down a blank phone screen showing only an oversized padlock icon; generic notification tiles pile behind it.,16,needs_art_catalog_mapping
CARE-08-A,CARE-08,A,Crew-care scenarios,Shared,trail.care_reason_7,compatible_narrative,true,care-08-a-scene,Injured traveler beside crates of blank memoir covers; an affluent fundraiser guest steps around the crates toward a podium. Other crew remain by the van.,19,needs_art_catalog_mapping
CARE-08-B,CARE-08,B,Crew-care scenarios,Shared,trail.care_reason_7,compatible_narrative,false,care-08-b-scene,Affected traveler sits beside heavy donated groceries; fictional politician comfortably lifts an obviously empty open-bottomed box for a photographer.,15,needs_art_catalog_mapping
CARE-08-C,CARE-08,C,Crew-care scenarios,Shared,trail.care_reason_7,compatible_narrative,false,care-08-c-scene,Strained traveler beside sacks and an unused hand truck; a volunteer looks up at a completely ordinary dry ceiling.,13,needs_art_catalog_mapping
COND-CLEAR-A,COND-CLEAR,A,"Weather, illness, hunger, and exposure",Shared,,compatible_narrative,true,cond-clear-a-scene,Clear sky over the van; a radio inside carries a boastful announcement through a separate overlay.,0,needs_art_catalog_mapping
COND-CLEAR-B,COND-CLEAR,B,"Weather, illness, hunger, and exposure",Shared,,compatible_narrative,false,cond-clear-b-scene,"Open road beneath clear sky, with an unused marker lying beside a folded weather map.",0,needs_art_catalog_mapping
COND-CLEAR-C,COND-CLEAR,C,"Weather, illness, hunger, and exposure",Shared,,compatible_narrative,false,cond-clear-c-scene,Sunlit van and an ordinary weather radio beside an unlettered forecast map.,0,needs_art_catalog_mapping
COND-COLD-A,COND-COLD,A,"Weather, illness, hunger, and exposure",Shared,,compatible_narrative,true,cond-cold-a-scene,Travelers bundle up by the van while a warmly lit donor-dinner image appears on a blank display.,0,needs_art_catalog_mapping
COND-COLD-B,COND-COLD,B,"Weather, illness, hunger, and exposure",Shared,,compatible_narrative,false,cond-cold-b-scene,"Cold travelers outside a visibly closed visitor center, with a blank reduced-hours notice on the locked door.",0,needs_art_catalog_mapping
COND-COLD-C,COND-COLD,C,"Weather, illness, hunger, and exposure",Shared,,compatible_narrative,false,cond-cold-c-scene,Crew shares appropriate blankets beside the van under a blank luxury-donor billboard.,0,needs_art_catalog_mapping
COND-COLDEXPOSURE-A,COND-COLDEXPOSURE,A,"Weather, illness, hunger, and exposure",Shared,,compatible_narrative,true,cond-coldexposure-a-scene,"Cold travelers seek real shelter while one keeps a stiff, blank donor leaflet folded inside a bag, never portrayed as adequate care.",0,needs_art_catalog_mapping
COND-COLDEXPOSURE-B,COND-COLDEXPOSURE,B,"Weather, illness, hunger, and exposure",Shared,,compatible_narrative,false,cond-coldexposure-b-scene,"Crew reaches an available sheltered spot beside a locked, unstaffed public building with a blank hours notice.",0,needs_art_catalog_mapping
COND-COLDEXPOSURE-C,COND-COLDEXPOSURE,C,"Weather, illness, hunger, and exposure",Shared,,compatible_narrative,false,cond-coldexposure-c-scene,Affected traveler holds a hand near a radio before turning toward real shelter offered by the scene.,0,needs_art_catalog_mapping
COND-HEAT-A,COND-HEAT,A,"Weather, illness, hunger, and exposure",Shared,,compatible_narrative,true,cond-heat-a-scene,"Travelers sit in shade beside the van, with visibly hot upholstery and an ordinary water bottle.",0,needs_art_catalog_mapping
COND-HEAT-B,COND-HEAT,B,"Weather, illness, hunger, and exposure",Shared,,compatible_narrative,false,cond-heat-b-scene,Heat haze bends the road; a traveler cautiously hovers a hand above the hot steering wheel.,0,needs_art_catalog_mapping
COND-HEAT-C,COND-HEAT,C,"Weather, illness, hunger, and exposure",Shared,,compatible_narrative,false,cond-heat-c-scene,"Crew seeks shade outside the van; a distant broadcast image shows a suited official beside visible cooling vents, with no text.",0,needs_art_catalog_mapping
COND-HEATEXPOSURE-A,COND-HEATEXPOSURE,A,"Weather, illness, hunger, and exposure",Shared,,compatible_narrative,true,cond-heatexposure-a-scene,"Affected travelers sit in available shade with water and clear heat distress, never a comic corpse.",0,needs_art_catalog_mapping
COND-HEATEXPOSURE-B,COND-HEATEXPOSURE,B,"Weather, illness, hunger, and exposure",Shared,,compatible_narrative,false,cond-heatexposure-b-scene,Traveler avoids a hot steering wheel while a capped marker rests on an unaltered blank forecast map.,0,needs_art_catalog_mapping
COND-HEATEXPOSURE-C,COND-HEATEXPOSURE,C,"Weather, illness, hunger, and exposure",Shared,,compatible_narrative,false,cond-heatexposure-c-scene,Travelers shelter beneath the shade of a large blank energy-event banner; no graphic injury.,0,needs_art_catalog_mapping
COND-HUNGER-A,COND-HUNGER,A,"Weather, illness, hunger, and exposure",Shared,,compatible_narrative,true,cond-hunger-a-scene,Empty bowl held below an ordinary radio inside the van; no magic food or actual benefit enrollment implied.,0,needs_art_catalog_mapping
COND-HUNGER-B,COND-HUNGER,B,"Weather, illness, hunger, and exposure",Shared,,compatible_narrative,false,cond-hunger-b-scene,Travelers look from a sparse food bag toward a shop window filled with unreachable groceries and blank price tags.,0,needs_art_catalog_mapping
COND-HUNGER-C,COND-HUNGER,C,"Weather, illness, hunger, and exposure",Shared,,compatible_narrative,false,cond-hunger-c-scene,Hungry travelers compare a modest food bag with a blank donor-dinner leaflet showing an extravagant plate.,0,needs_art_catalog_mapping
COND-ILLNESS-A,COND-ILLNESS,A,"Weather, illness, hunger, and exposure",Shared,,compatible_narrative,true,cond-illness-a-scene,An unwell current traveler rests beside plain care supplies and a muted budget-news broadcast.,0,needs_art_catalog_mapping
COND-ILLNESS-B,COND-ILLNESS,B,"Weather, illness, hunger, and exposure",Shared,,compatible_narrative,false,cond-illness-b-scene,"Affected traveler rests in a modest chair while a glossy, unlettered wellness poster hangs far behind.",0,needs_art_catalog_mapping
COND-ILLNESS-C,COND-ILLNESS,C,"Weather, illness, hunger, and exposure",Shared,,compatible_narrative,false,cond-illness-c-scene,Unwell traveler under a blanket with a blank work-requirements form deliberately set aside.,0,needs_art_catalog_mapping
COND-SMOKE-A,COND-SMOKE,A,"Weather, illness, hunger, and exposure",Shared,,compatible_narrative,true,cond-smoke-a-scene,Smoky road beyond tightly closed van windows; travelers check conditions on a blank phone.,0,needs_art_catalog_mapping
COND-SMOKE-B,COND-SMOKE,B,"Weather, illness, hunger, and exposure",Shared,,compatible_narrative,false,cond-smoke-b-scene,"The van faces a road fading into smoke, with the next road sign only a silhouette and no legible text.",0,needs_art_catalog_mapping
COND-SMOKE-C,COND-SMOKE,C,"Weather, illness, hunger, and exposure",Shared,,compatible_narrative,false,cond-smoke-c-scene,Smoky air surrounds an industrial-history display outside a closed van window; the panel remains blank for overlays.,0,needs_art_catalog_mapping
COND-STORM-A,COND-STORM,A,"Weather, illness, hunger, and exposure",Shared,,compatible_narrative,true,cond-storm-a-scene,Rain beats against the van while a traveler holds a small marker beneath an enormous storm front.,0,needs_art_catalog_mapping
COND-STORM-B,COND-STORM,B,"Weather, illness, hunger, and exposure",Shared,,compatible_narrative,false,cond-storm-b-scene,Travelers catch a roof drip in a cup while moving a radio out of its path.,0,needs_art_catalog_mapping
COND-STORM-C,COND-STORM,C,"Weather, illness, hunger, and exposure",Shared,,compatible_narrative,false,cond-storm-c-scene,Wet van interior with two unlettered maps and one saturated towel between them.,0,needs_art_catalog_mapping
CONTEXT-D-C,,,Endpoint-context records,Shared,D.C.,reference_or_functional,false,context-d-c-scene,"A restrained origin or destination establishing shot for D.C., using its sourced town-profile attraction where appropriate. An origin shows the six departing travelers; D.C. shows only actual arrivals. Keep all lettering separate.",0,needs_art_catalog_mapping
CONTEXT-LOS-ANGELES,,,Endpoint-context records,Shared,Los Angeles,reference_or_functional,false,context-los-angeles-scene,"A restrained origin or destination establishing shot for Los Angeles, using its sourced town-profile attraction where appropriate. An origin shows the six departing travelers; D.C. shows only actual arrivals. Keep all lettering separate.",0,needs_art_catalog_mapping
CONTEXT-PORTLAND,,,Endpoint-context records,Shared,Portland,reference_or_functional,false,context-portland-scene,"A restrained origin or destination establishing shot for Portland, using its sourced town-profile attraction where appropriate. An origin shows the six departing travelers; D.C. shows only actual arrivals. Keep all lettering separate.",0,needs_art_catalog_mapping
CONTEXT-SACRAMENTO,,,Endpoint-context records,Shared,Sacramento,reference_or_functional,false,context-sacramento-scene,"A restrained origin or destination establishing shot for Sacramento, using its sourced town-profile attraction where appropriate. An origin shows the six departing travelers; D.C. shows only actual arrivals. Keep all lettering separate.",0,needs_art_catalog_mapping
CONTEXT-SAN-DIEGO,,,Endpoint-context records,Shared,San Diego,reference_or_functional,false,context-san-diego-scene,"A restrained origin or destination establishing shot for San Diego, using its sourced town-profile attraction where appropriate. An origin shows the six departing travelers; D.C. shows only actual arrivals. Keep all lettering separate.",0,needs_art_catalog_mapping
CONTEXT-SAN-FRANCISCO,,,Endpoint-context records,Shared,San Francisco,reference_or_functional,false,context-san-francisco-scene,"A restrained origin or destination establishing shot for San Francisco, using its sourced town-profile attraction where appropriate. An origin shows the six departing travelers; D.C. shows only actual arrivals. Keep all lettering separate.",0,needs_art_catalog_mapping
CONTEXT-SEATTLE,,,Endpoint-context records,Shared,Seattle,reference_or_functional,false,context-seattle-scene,"A restrained origin or destination establishing shot for Seattle, using its sourced town-profile attraction where appropriate. An origin shows the six departing travelers; D.C. shows only actual arrivals. Keep all lettering separate.",0,needs_art_catalog_mapping
CROSS-01-A,CROSS-01,A,Crossing packages,Shared,,compatible_narrative,true,cross-01-a-scene,Officer peers suspiciously into the open hood of the stopped van; an ordinary alternator becomes the focal point. No dismantling or damage.,0,needs_art_catalog_mapping
CROSS-01-B,CROSS-01,B,Crossing packages,Shared,,compatible_narrative,false,cross-01-b-scene,"Officer holds a folded blank map at arm’s length beside the waiting van. The tiny coastal area, not any human ethnicity, is the visual target.",0,needs_art_catalog_mapping
CROSS-01-C,CROSS-01,C,Crossing packages,Shared,,compatible_narrative,false,cross-01-c-scene,An officer bends toward a blank manufacturer plate while the travelers wait beside the van; a towering stack of blank forms dwarfs the tiny plate.,0,needs_art_catalog_mapping
CROSS-02C-A,CROSS-02C,A,Crossing packages,Classic,,compatible_narrative,true,cross-02c-a-scene,Two tired crossing workers physically support a raised barrier beside an oversized blank office nameplate; the van remains on the approach.,0,needs_art_catalog_mapping
CROSS-02C-B,CROSS-02C,B,Crossing packages,Classic,,compatible_narrative,false,cross-02c-b-scene,"Boss proudly displays a blank inspection sheet beside an obvious concrete crack, with the waiting van safely before the crossing.",0,needs_art_catalog_mapping
CROSS-02C-C,CROSS-02C,C,Crossing packages,Classic,,compatible_narrative,false,cross-02c-c-scene,Crossing worker holds a blank steel quote beside a solitary cone and an unfinished repair area. Keep the van safely on the approach.,0,needs_art_catalog_mapping
CROSS-02D-A,CROSS-02D,A,Crossing packages,Deep End,,compatible_narrative,true,cross-02d-a-scene,Officer presents a blank loyalty questionnaire to the waiting travelers; a huge blank patriotic banner nearly conceals a broken lane marker.,0,needs_art_catalog_mapping
CROSS-02D-B,CROSS-02D,B,Crossing packages,Deep End,,compatible_narrative,false,cross-02d-b-scene,Empty clerk booth with a blank touchscreen and a sticky note showing only a crude human sketch. The payment reader remains conspicuously lit.,0,needs_art_catalog_mapping
CROSS-02D-C,CROSS-02D,C,Crossing packages,Deep End,,compatible_narrative,false,cross-02d-c-scene,Confused guard checks a blank phone beside a lowered barrier; a peanut vendor farther back casually checks his own phone.,0,needs_art_catalog_mapping
CROSS-03-A,CROSS-03,A,Crossing packages,Shared,,compatible_narrative,true,cross-03-a-scene,"Official peers into the ordinary van, then gestures toward a cash tray. The travelers’ case folder sits plainly in view.",0,needs_art_catalog_mapping
CROSS-03-B,CROSS-03,B,Crossing packages,Shared,,compatible_narrative,false,cross-03-b-scene,"Officer weighs a thick, unlettered case folder beside a conspicuously thin blank official-history booklet, with the van waiting behind.",0,needs_art_catalog_mapping
CROSS-03-C,CROSS-03,C,Crossing packages,Shared,,compatible_narrative,false,cross-03-c-scene,An official balances blank appointment papers on an upturned bucket where a desk used to stand. Keep the van before the barrier.,0,needs_art_catalog_mapping
ENC-C01-A,ENC-C01,A,Road encounters,Classic,classic_bridge_crews,compatible_narrative,true,enc-c01-a-display,National-park picnic area beside the stopped van,0,needs_art_catalog_mapping
ENC-C01-B,ENC-C01,B,Road encounters,Classic,classic_bridge_crews,compatible_narrative,false,enc-c01-b-display,Roadside repair co-op with salvage appliances,1,needs_art_catalog_mapping
ENC-C01-C,ENC-C01,C,Road encounters,Classic,classic_bridge_crews,compatible_narrative,false,enc-c01-c-display,Small town museum with a factory-gate exhibit,1,needs_art_catalog_mapping
ENC-C02-A,ENC-C02,A,Road encounters,Classic,classic_civic_potluck,compatible_narrative,true,enc-c02-a-display,Community pantry beside the highway,1,needs_art_catalog_mapping
ENC-C02-B,ENC-C02,B,Road encounters,Classic,classic_civic_potluck,compatible_narrative,false,enc-c02-b-display,Church-hall supper with a benefit-paperwork table,1,needs_art_catalog_mapping
ENC-C02-C,ENC-C02,C,Road encounters,Classic,classic_civic_potluck,compatible_narrative,false,enc-c02-c-display,Community kitchen receiving a political-dinner donation,1,needs_art_catalog_mapping
ENC-C03-A,ENC-C03,A,Road encounters,Classic,classic_crossing_block_party,compatible_narrative,true,enc-c03-a-display,School community hall hosting a voluntary satirical fundraiser,1,needs_art_catalog_mapping
ENC-C03-B,ENC-C03,B,Road encounters,Classic,classic_crossing_block_party,compatible_narrative,false,enc-c03-b-display,Inland boat-club pond fundraiser,1,needs_art_catalog_mapping
ENC-C03-C,ENC-C03,C,Road encounters,Classic,classic_crossing_block_party,compatible_narrative,false,enc-c03-c-display,Public-library privacy workshop,1,needs_art_catalog_mapping
ENC-C04-A,ENC-C04,A,Road encounters,Classic,classic_freeway_mural,compatible_narrative,true,enc-c04-a-display,Overgrown picnic shelter near a park road,0,needs_art_catalog_mapping
ENC-C04-B,ENC-C04,B,Road encounters,Classic,classic_freeway_mural,compatible_narrative,false,enc-c04-b-display,Roadside alteration co-op,0,needs_art_catalog_mapping
ENC-C04-C,ENC-C04,C,Road encounters,Classic,classic_freeway_mural,compatible_narrative,false,enc-c04-c-display,Travelling workers' fair beside a highway stop,1,needs_art_catalog_mapping
ENC-C05-A,ENC-C05,A,Road encounters,Classic,classic_mail_drop,compatible_narrative,true,enc-c05-a-display,Library community correspondence table,1,needs_art_catalog_mapping
ENC-C05-B,ENC-C05,B,Road encounters,Classic,classic_mail_drop,compatible_narrative,false,enc-c05-b-display,Roadside community letter table,1,needs_art_catalog_mapping
ENC-C05-C,ENC-C05,C,Road encounters,Classic,classic_mail_drop,compatible_narrative,false,enc-c05-c-display,Roadside diner correspondence table,1,needs_art_catalog_mapping
ENC-C06-A,ENC-C06,A,Road encounters,Classic,classic_media_training,compatible_narrative,true,enc-c06-a-display,Community-hall teach-in with a safe display ladder,1,needs_art_catalog_mapping
ENC-C06-B,ENC-C06,B,Road encounters,Classic,classic_media_training,compatible_narrative,false,enc-c06-b-display,Public workshop preparing for future Medicaid work checks,1,needs_art_catalog_mapping
ENC-C06-C,ENC-C06,C,Road encounters,Classic,classic_media_training,compatible_narrative,false,enc-c06-c-display,Veterans' community hall beneath a leaking roof,1,needs_art_catalog_mapping
ENC-C07-A,ENC-C07,A,Road encounters,Classic,classic_mutual_aid,compatible_narrative,true,enc-c07-a-display,Roadside tool co-op with repairable stock,1,needs_art_catalog_mapping
ENC-C07-B,ENC-C07,B,Road encounters,Classic,classic_mutual_aid,compatible_narrative,false,enc-c07-b-display,School-hall fundraiser with donated desks,1,needs_art_catalog_mapping
ENC-C07-C,ENC-C07,C,Road encounters,Classic,classic_mutual_aid,compatible_narrative,false,enc-c07-c-display,Public research fundraiser with unplugged demonstration equipment,1,needs_art_catalog_mapping
ENC-C08-A,ENC-C08,A,Road encounters,Classic,classic_mutual_aid_dispatch,compatible_narrative,true,enc-c08-a-display,Roadside map-club table with two coast charts,1,needs_art_catalog_mapping
ENC-C08-B,ENC-C08,B,Road encounters,Classic,classic_mutual_aid_dispatch,compatible_narrative,false,enc-c08-b-display,Roadside café with a mock political-dinner display,1,needs_art_catalog_mapping
ENC-C08-C,ENC-C08,C,Road encounters,Classic,classic_mutual_aid_dispatch,compatible_narrative,false,enc-c08-c-display,Town walking-tour stop beside a former neighborhood parking area,1,needs_art_catalog_mapping
ENC-C09-A,ENC-C09,A,Road encounters,Classic,classic_neighborhood_watch,compatible_narrative,true,enc-c09-a-display,Park-road turnout beside a visitor mural,0,needs_art_catalog_mapping
ENC-C09-B,ENC-C09,B,Road encounters,Classic,classic_neighborhood_watch,compatible_narrative,false,enc-c09-b-display,Roadside tyre shop,1,needs_art_catalog_mapping
ENC-C09-C,ENC-C09,C,Road encounters,Classic,classic_neighborhood_watch,compatible_narrative,false,enc-c09-c-display,Library outreach demonstration beside a public entrance,1,needs_art_catalog_mapping
ENC-C10-A,ENC-C10,A,Road encounters,Classic,classic_overpass_stage,compatible_narrative,true,enc-c10-a-display,Roadside civic fair staging area,1,needs_art_catalog_mapping
ENC-C10-B,ENC-C10,B,Road encounters,Classic,classic_overpass_stage,compatible_narrative,false,enc-c10-b-display,Roadside community health fundraiser,1,needs_art_catalog_mapping
ENC-C10-C,ENC-C10,C,Road encounters,Classic,classic_overpass_stage,compatible_narrative,false,enc-c10-c-display,Community demonstration staging area beside the road,1,needs_art_catalog_mapping
ENC-C11-A,ENC-C11,A,Road encounters,Classic,classic_press_briefing,compatible_narrative,true,enc-c11-a-display,Public research briefing in a roadside community hall,1,needs_art_catalog_mapping
ENC-C11-B,ENC-C11,B,Road encounters,Classic,classic_press_briefing,compatible_narrative,false,enc-c11-b-display,Public preparatory benefits workshop,1,needs_art_catalog_mapping
ENC-C11-C,ENC-C11,C,Road encounters,Classic,classic_press_briefing,compatible_narrative,false,enc-c11-c-display,Community map desk at a highway rest stop,1,needs_art_catalog_mapping
ENC-C12-A,ENC-C12,A,Road encounters,Classic,classic_press_pool_qna,compatible_narrative,true,enc-c12-a-display,Town-museum public caption review,1,needs_art_catalog_mapping
ENC-C12-B,ENC-C12,B,Road encounters,Classic,classic_press_pool_qna,compatible_narrative,false,enc-c12-b-display,Public food-assistance meeting in a community hall,1,needs_art_catalog_mapping
ENC-C12-C,ENC-C12,C,Road encounters,Classic,classic_press_pool_qna,compatible_narrative,false,enc-c12-c-display,Open local-business meeting near a roadside café,1,needs_art_catalog_mapping
ENC-C13-A,ENC-C13,A,Road encounters,Classic,classic_radio_phonebank,compatible_narrative,true,enc-c13-a-display,Roadside marina print counter,1,needs_art_catalog_mapping
ENC-C13-B,ENC-C13,B,Road encounters,Classic,classic_radio_phonebank,compatible_narrative,false,enc-c13-b-display,Catering-depot public safety demonstration,1,needs_art_catalog_mapping
ENC-C13-C,ENC-C13,C,Road encounters,Classic,classic_radio_phonebank,compatible_narrative,false,enc-c13-c-display,Small print shop beside a highway,1,needs_art_catalog_mapping
ENC-C14-A,ENC-C14,A,Road encounters,Classic,classic_service_station,compatible_narrative,true,enc-c14-a-display,Roadside workers' protest with a cooling shelter,1,needs_art_catalog_mapping
ENC-C14-B,ENC-C14,B,Road encounters,Classic,classic_service_station,compatible_narrative,false,enc-c14-b-display,Community-clinic public information and first-aid table,1,needs_art_catalog_mapping
ENC-C14-C,ENC-C14,C,Road encounters,Classic,classic_service_station,compatible_narrative,false,enc-c14-c-display,Park roadside first-aid table,1,needs_art_catalog_mapping
ENC-C15-A,ENC-C15,A,Road encounters,Classic,classic_union_blockade,compatible_narrative,true,enc-c15-a-display,Roadside civic picnic,1,needs_art_catalog_mapping
ENC-C15-B,ENC-C15,B,Road encounters,Classic,classic_union_blockade,compatible_narrative,false,enc-c15-b-display,School-community picnic discussing a fictional local board proposal,1,needs_art_catalog_mapping
ENC-C15-C,ENC-C15,C,Road encounters,Classic,classic_union_blockade,compatible_narrative,false,enc-c15-c-display,Library community supper and citation-checking event,1,needs_art_catalog_mapping
ENC-C16-A,ENC-C16,A,Road encounters,Classic,classic_water_drive,compatible_narrative,true,enc-c16-a-display,Roadside canning kitchen loading area,1,needs_art_catalog_mapping
ENC-C16-B,ENC-C16,B,Road encounters,Classic,classic_water_drive,compatible_narrative,false,enc-c16-b-display,Boat-club roadside entrance with replacement visitor signs,1,needs_art_catalog_mapping
ENC-C16-C,ENC-C16,C,Road encounters,Classic,classic_water_drive,compatible_narrative,false,enc-c16-c-display,School-supply exchange beside a roadside community center,1,needs_art_catalog_mapping
ENC-C17-A,ENC-C17,A,Road encounters,Classic,fundraiser_detour,compatible_narrative,true,enc-c17-a-display,Volunteer-maintained park picnic area,1,needs_art_catalog_mapping
ENC-C17-B,ENC-C17,B,Road encounters,Classic,fundraiser_detour,compatible_narrative,false,enc-c17-b-display,Community kitchen at a highway stop,1,needs_art_catalog_mapping
ENC-C17-C,ENC-C17,C,Road encounters,Classic,fundraiser_detour,compatible_narrative,false,enc-c17-c-display,Roadside community-newsroom reading room,1,needs_art_catalog_mapping
ENC-C18-A,ENC-C18,A,Road encounters,Classic,town_hall_drift,compatible_narrative,true,enc-c18-a-display,Community building with an out-of-service lift and staircase,1,needs_art_catalog_mapping
ENC-C18-B,ENC-C18,B,Road encounters,Classic,town_hall_drift,compatible_narrative,false,enc-c18-b-display,Roadside hotel ground-floor corridor,1,needs_art_catalog_mapping
ENC-C18-C,ENC-C18,C,Road encounters,Classic,town_hall_drift,compatible_narrative,false,enc-c18-c-display,Roadside hall with a standing-room public meeting,1,needs_art_catalog_mapping
ENC-D01-A,ENC-D01,A,Road encounters,Deep End,beltway_briefing,compatible_narrative,true,enc-d01-a-display,Roadside satirical museum with a theatrical memory-washing machine,1,needs_art_catalog_mapping
ENC-D01-B,ENC-D01,B,Road encounters,Deep End,beltway_briefing,compatible_narrative,false,enc-d01-b-display,Roadside mock research séance,1,needs_art_catalog_mapping
ENC-D01-C,ENC-D01,C,Road encounters,Deep End,beltway_briefing,compatible_narrative,false,enc-d01-c-display,Roadside tourist booth with a vibrating relief map,1,needs_art_catalog_mapping
ENC-D02-A,ENC-D02,A,Road encounters,Deep End,deep_circuit_breaker,compatible_narrative,true,enc-d02-a-display,Traveling trade-fair demonstration beside a shaded rest point,1,needs_art_catalog_mapping
ENC-D02-B,ENC-D02,B,Road encounters,Deep End,deep_circuit_breaker,compatible_narrative,false,enc-d02-b-display,Preparatory benefits fair with an exaggerated rotating model gate,1,needs_art_catalog_mapping
ENC-D02-C,ENC-D02,C,Road encounters,Deep End,deep_circuit_breaker,compatible_narrative,false,enc-d02-c-display,Roadside surplus shop with a theatrically fortified rest bench,1,needs_art_catalog_mapping
ENC-D03-A,ENC-D03,A,Road encounters,Deep End,deep_field_intel,compatible_narrative,true,enc-d03-a-display,Workers' fair with a theatrical gift-inspection tunnel,1,needs_art_catalog_mapping
ENC-D03-B,ENC-D03,B,Road encounters,Deep End,deep_field_intel,compatible_narrative,false,enc-d03-b-display,Bookshop mock classroom display,2,needs_art_catalog_mapping
ENC-D03-C,ENC-D03,C,Road encounters,Deep End,deep_field_intel,compatible_narrative,false,enc-d03-c-display,Community kitchen with a theatrical austerity slicer,1,needs_art_catalog_mapping
ENC-D04-A,ENC-D04,A,Road encounters,Deep End,deep_grassroots_signal,compatible_narrative,true,enc-d04-a-display,Roadside technology fair with a sandwich-message demonstration,1,needs_art_catalog_mapping
ENC-D04-B,ENC-D04,B,Road encounters,Deep End,deep_grassroots_signal,compatible_narrative,false,enc-d04-b-display,Roadside tariff-promotion demonstration,1,needs_art_catalog_mapping
ENC-D04-C,ENC-D04,C,Road encounters,Deep End,deep_grassroots_signal,compatible_narrative,false,enc-d04-c-display,Roadside MAHA souvenir stall,1,needs_art_catalog_mapping
ENC-D05-A,ENC-D05,A,Road encounters,Deep End,deep_media_ambush,compatible_narrative,true,enc-d05-a-display,Roadside parent-organized return-to-sender booth,1,needs_art_catalog_mapping
ENC-D05-B,ENC-D05,B,Road encounters,Deep End,deep_media_ambush,compatible_narrative,false,enc-d05-b-display,Roadside political-money exhibit,1,needs_art_catalog_mapping
ENC-D05-C,ENC-D05,C,Road encounters,Deep End,deep_media_ambush,compatible_narrative,false,enc-d05-c-display,Roadside coverage-umbrella demonstration,1,needs_art_catalog_mapping
ENC-D06-A,ENC-D06,A,Road encounters,Deep End,deep_memorandum_dump,compatible_narrative,true,enc-d06-a-display,Roadside hardware shop with a theatrical oversized invoice,1,needs_art_catalog_mapping
ENC-D06-B,ENC-D06,B,Road encounters,Deep End,deep_memorandum_dump,compatible_narrative,false,enc-d06-b-display,Town-museum company-store exhibit,1,needs_art_catalog_mapping
ENC-D06-C,ENC-D06,C,Road encounters,Deep End,deep_memorandum_dump,compatible_narrative,false,enc-d06-c-display,Roadside office-supply shop with a satirical message chute,1,needs_art_catalog_mapping
ENC-D07-A,ENC-D07,A,Road encounters,Deep End,deep_secure_line,compatible_narrative,true,enc-d07-a-display,Roadside workshop with an exaggerated calendar printer,1,needs_art_catalog_mapping
ENC-D07-B,ENC-D07,B,Road encounters,Deep End,deep_secure_line,compatible_narrative,false,enc-d07-b-display,Roadside stationery exhibit with a double-handled filing drawer,1,needs_art_catalog_mapping
ENC-D07-C,ENC-D07,C,Road encounters,Deep End,deep_secure_line,compatible_narrative,false,enc-d07-c-display,Roadside public-research exhibit with a roofless lab model,1,needs_art_catalog_mapping
ENC-D08-A,ENC-D08,A,Road encounters,Deep End,deep_state_dirge,compatible_narrative,true,enc-d08-a-display,Satirical classroom attraction with an entrance test and short exit slide,1,needs_art_catalog_mapping
ENC-D08-B,ENC-D08,B,Road encounters,Deep End,deep_state_dirge,compatible_narrative,false,enc-d08-b-display,Roadside tariff-promotion maze,1,needs_art_catalog_mapping
ENC-D08-C,ENC-D08,C,Road encounters,Deep End,deep_state_dirge,compatible_narrative,false,enc-d08-c-display,Traveling public-infrastructure exhibit with a garage-shaped pedestrian gate,1,needs_art_catalog_mapping
ENC-D09-A,ENC-D09,A,Road encounters,Deep End,deep_watch_party,compatible_narrative,true,enc-d09-a-display,Roadside diner with a mock exclusive political dinner,1,needs_art_catalog_mapping
ENC-D09-B,ENC-D09,B,Road encounters,Deep End,deep_watch_party,compatible_narrative,false,enc-d09-b-display,Roadside hall with an exaggerated privacy demonstration,1,needs_art_catalog_mapping
ENC-D09-C,ENC-D09,C,Road encounters,Deep End,deep_watch_party,compatible_narrative,false,enc-d09-c-display,Park-road tourist stall with a mechanical ranger parody,1,needs_art_catalog_mapping
ENC-D10-A,ENC-D10,A,Road encounters,Deep End,deep_watchdog_sync,compatible_narrative,true,enc-d10-a-display,Roadside temp-work office reception,1,needs_art_catalog_mapping
ENC-D10-B,ENC-D10,B,Road encounters,Deep End,deep_watchdog_sync,compatible_narrative,false,enc-d10-b-display,Town-museum factory-worker display,1,needs_art_catalog_mapping
ENC-D10-C,ENC-D10,C,Road encounters,Deep End,deep_watchdog_sync,compatible_narrative,false,enc-d10-c-display,Library public review of fictional revised storybooks,1,needs_art_catalog_mapping
ENC-D11-A,ENC-D11,A,Road encounters,Deep End,deep_waystation_boost,compatible_narrative,true,enc-d11-a-display,Public approach to a freight yard with two marked exit routes,1,needs_art_catalog_mapping
ENC-D11-B,ENC-D11,B,Road encounters,Deep End,deep_waystation_boost,compatible_narrative,false,enc-d11-b-display,Marina entrance where several internal lanes meet,1,needs_art_catalog_mapping
ENC-D11-C,ENC-D11,C,Road encounters,Deep End,deep_waystation_boost,compatible_narrative,false,enc-d11-c-display,Roadside hotel exit during an independent political fundraiser,1,needs_art_catalog_mapping
ENC-D12-A,ENC-D12,A,Road encounters,Deep End,deep_rustbelt_convoy,compatible_narrative,true,enc-d12-a-display,Park-road junction with an open service lane and signed public loop,0,needs_art_catalog_mapping
ENC-D12-B,ENC-D12,B,Road encounters,Deep End,deep_rustbelt_convoy,compatible_narrative,false,enc-d12-b-display,Rest-stop lot hosting a traveling Rail Trail funding exhibit,1,needs_art_catalog_mapping
ENC-D12-C,ENC-D12,C,Road encounters,Deep End,deep_rustbelt_convoy,compatible_narrative,false,enc-d12-c-display,Roadside produce yard with two clear outgoing lanes,1,needs_art_catalog_mapping
ENC-D13-A,ENC-D13,A,Road encounters,Deep End,deep_beltway_fastpass,compatible_narrative,true,enc-d13-a-display,Roadside surplus market with two named queues joining one exit,1,needs_art_catalog_mapping
ENC-D13-B,ENC-D13,B,Road encounters,Deep End,deep_beltway_fastpass,compatible_narrative,false,enc-d13-b-display,Trade-show parking exit with exaggerated document security,1,needs_art_catalog_mapping
ENC-D13-C,ENC-D13,C,Road encounters,Deep End,deep_beltway_fastpass,compatible_narrative,false,enc-d13-c-display,Community demonstration junction near a school-supply event,1,needs_art_catalog_mapping
ENC-S01-A,ENC-S01,A,Road encounters,Shared,raw_milk,compatible_narrative,true,enc-s01-a-display,Park visitor-service storage area beside a turnout,0,needs_art_catalog_mapping
ENC-S01-B,ENC-S01,B,Road encounters,Shared,raw_milk,compatible_narrative,false,enc-s01-b-display,Roadside garage volunteer repair day,1,needs_art_catalog_mapping
ENC-S01-C,ENC-S01,C,Road encounters,Shared,raw_milk,compatible_narrative,false,enc-s01-c-display,Veterans' hall supper and ceremonial-storage table,1,needs_art_catalog_mapping
ENC-S02-A,ENC-S02,A,Road encounters,Shared,tariff_whiplash,compatible_narrative,true,enc-s02-a-display,Roadside fair with opposing tariff-cost and slogan tables,1,needs_art_catalog_mapping
ENC-S02-B,ENC-S02,B,Road encounters,Shared,tariff_whiplash,compatible_narrative,false,enc-s02-b-display,Library public health-information fair,1,needs_art_catalog_mapping
ENC-S02-C,ENC-S02,C,Road encounters,Shared,tariff_whiplash,compatible_narrative,false,enc-s02-c-display,Civic picnic with campaign-finance examples,1,needs_art_catalog_mapping
ENC-S03-A,ENC-S03,A,Road encounters,Shared,clinic_triage,compatible_narrative,true,enc-s03-a-display,Community benefits-preparation workshop,1,needs_art_catalog_mapping
ENC-S03-B,ENC-S03,B,Road encounters,Shared,clinic_triage,compatible_narrative,false,enc-s03-b-display,Public research teach-in with a disassembled chair model,1,needs_art_catalog_mapping
ENC-S03-C,ENC-S03,C,Road encounters,Shared,clinic_triage,compatible_narrative,false,enc-s03-c-display,Temp-work office public briefing and volunteer desk,1,needs_art_catalog_mapping
ENC-S04-A,ENC-S04,A,Road encounters,Shared,overnight_briefing,compatible_narrative,true,enc-s04-a-display,Roadside freight-office rest-area desk,1,needs_art_catalog_mapping
ENC-S04-B,ENC-S04,B,Road encounters,Shared,overnight_briefing,compatible_narrative,false,enc-s04-b-display,Park campground service desk after staffing cuts,1,needs_art_catalog_mapping
ENC-S04-C,ENC-S04,C,Road encounters,Shared,overnight_briefing,compatible_narrative,false,enc-s04-c-display,Marina visitor area with stacked benches and an older shaded corner,1,needs_art_catalog_mapping
ENC-S05-A,ENC-S05,A,Road encounters,Shared,sat_straw_reserve,compatible_narrative,true,enc-s05-a-display,Roadside grocery with layers of shelf-price stickers,1,needs_art_catalog_mapping
ENC-S05-B,ENC-S05,B,Road encounters,Shared,sat_straw_reserve,compatible_narrative,false,enc-s05-b-display,Temp-work center with a small food counter and surrendered-gift inventory,1,needs_art_catalog_mapping
ENC-S05-C,ENC-S05,C,Road encounters,Shared,sat_straw_reserve,compatible_narrative,false,enc-s05-c-display,Roadside surplus-market café and souvenir counter,1,needs_art_catalog_mapping
ENC-S06-A,ENC-S06,A,Road encounters,Shared,sat_corn_bullets,compatible_narrative,true,enc-s06-a-display,Library citation-checking fair,1,needs_art_catalog_mapping
ENC-S06-B,ENC-S06,B,Road encounters,Shared,sat_corn_bullets,compatible_narrative,false,enc-s06-b-display,Roadside print shop with a public message-routing display,1,needs_art_catalog_mapping
ENC-S06-C,ENC-S06,C,Road encounters,Shared,sat_corn_bullets,compatible_narrative,false,enc-s06-c-display,Roadside parent-run public-letter stall,1,needs_art_catalog_mapping
ENC-S07-A,ENC-S07,A,Road encounters,Shared,sat_grant_groceries,compatible_narrative,true,enc-s07-a-display,Park campground volunteer tent beside an unused service desk,1,needs_art_catalog_mapping
ENC-S07-B,ENC-S07,B,Road encounters,Shared,sat_grant_groceries,compatible_narrative,false,enc-s07-b-display,Roadside machine shop receiving salvaged steel,1,needs_art_catalog_mapping
ENC-S07-C,ENC-S07,C,Road encounters,Shared,sat_grant_groceries,compatible_narrative,false,enc-s07-c-display,Community pantry fundraiser with an empty donated freezer,1,needs_art_catalog_mapping
ENC-S08-A,ENC-S08,A,Road encounters,Shared,sat_cow_citations,compatible_narrative,true,enc-s08-a-display,Roadside café campaign-finance information table,1,needs_art_catalog_mapping
ENC-S08-B,ENC-S08,B,Road encounters,Shared,sat_cow_citations,compatible_narrative,false,enc-s08-b-display,Roadside diner health-law information table,1,needs_art_catalog_mapping
ENC-S08-C,ENC-S08,C,Road encounters,Shared,sat_cow_citations,compatible_narrative,false,enc-s08-c-display,Roadside souvenir print shop with a naming-order display and food counter,1,needs_art_catalog_mapping
ENC-S09-A,ENC-S09,A,Road encounters,Shared,sat_forecast_corrected,compatible_narrative,true,road-s09-a,Roadside construction trade fair,1,needs_art_catalog_mapping
ENC-S09-B,ENC-S09,B,Road encounters,Shared,sat_forecast_corrected,compatible_narrative,false,road-s09-b,Fictional roadside wellness fair,1,needs_art_catalog_mapping
ENC-S09-C,ENC-S09,C,Road encounters,Shared,sat_forecast_corrected,compatible_narrative,false,road-s09-c,Independent political committee’s roadside picnic,1,needs_art_catalog_mapping
ENC-S10-A,ENC-S10,A,Road encounters,Shared,sat_parking_gulf,compatible_narrative,true,road-s10-a,Flooded roadside parking entrance,1,needs_art_catalog_mapping
ENC-S10-B,ENC-S10,B,Road encounters,Shared,sat_parking_gulf,compatible_narrative,false,road-s10-b,Roadside souvenir-printing stall,2,needs_art_catalog_mapping
ENC-S10-C,ENC-S10,C,Road encounters,Shared,sat_parking_gulf,compatible_narrative,false,road-s10-c,Motel meeting-room entrance,2,needs_art_catalog_mapping
ENC-S11-A,ENC-S11,A,Road encounters,Shared,sat_library_minimum,compatible_narrative,true,road-s11-a,Shop beside a fictional national-park entrance,1,needs_art_catalog_mapping
ENC-S11-B,ENC-S11,B,Road encounters,Shared,sat_library_minimum,compatible_narrative,false,road-s11-b,Community book-sale discussion table,1,needs_art_catalog_mapping
ENC-S11-C,ENC-S11,C,Road encounters,Shared,sat_library_minimum,compatible_narrative,false,road-s11-c,Print shop producing school-help leaflets,1,needs_art_catalog_mapping
ENC-S12-A,ENC-S12,A,Road encounters,Shared,sat_tariff_forklift,compatible_narrative,true,road-s12-a,Produce-yard hiring entrance,2,needs_art_catalog_mapping
ENC-S12-B,ENC-S12,B,Road encounters,Shared,sat_tariff_forklift,compatible_narrative,false,road-s12-b,Discount-store loading bay beside a waiting parent,1,needs_art_catalog_mapping
ENC-S12-C,ENC-S12,C,Road encounters,Shared,sat_tariff_forklift,compatible_narrative,false,road-s12-c,Catering-supply depot,2,needs_art_catalog_mapping
ENC-S13-A,ENC-S13,A,Road encounters,Shared,sat_alternator_tariff,compatible_narrative,true,road-s13-a,Roadside grocery counter,1,needs_art_catalog_mapping
ENC-S13-B,ENC-S13,B,Road encounters,Shared,sat_alternator_tariff,compatible_narrative,false,road-s13-b,Roadside parts-shop till,1,needs_art_catalog_mapping
ENC-S13-C,ENC-S13,C,Road encounters,Shared,sat_alternator_tariff,compatible_narrative,false,road-s13-c,Roadside general-store counter,1,needs_art_catalog_mapping
ENC-S14-A,ENC-S14,A,Road encounters,Shared,sat_billion_pothole,compatible_narrative,true,road-s14-a,Independent committee’s event-equipment depot,2,needs_art_catalog_mapping
ENC-S14-B,ENC-S14,B,Road encounters,Shared,sat_billion_pothole,compatible_narrative,false,road-s14-b,Clinic fundraiser equipment entrance,1,needs_art_catalog_mapping
ENC-S14-C,ENC-S14,C,Road encounters,Shared,sat_billion_pothole,compatible_narrative,false,road-s14-c,Private visa-agent promotional open house,1,needs_art_catalog_mapping
ENC-S15-A,ENC-S15,A,Road encounters,Shared,sat_bridge_bullets,compatible_narrative,true,road-s15-a,Community workshop about future Medicaid requirements,1,needs_art_catalog_mapping
ENC-S15-B,ENC-S15,B,Road encounters,Shared,sat_bridge_bullets,compatible_narrative,false,road-s15-b,Community display discussing federal history policy,1,needs_art_catalog_mapping
ENC-S15-C,ENC-S15,C,Road encounters,Shared,sat_bridge_bullets,compatible_narrative,false,road-s15-c,Food-assistance information table,1,needs_art_catalog_mapping
ENC-S16-A,ENC-S16,A,Road encounters,Shared,sat_press_pool_radio,compatible_narrative,true,road-s16-a,Roadside café counter,2,needs_art_catalog_mapping
ENC-S16-B,ENC-S16,B,Road encounters,Shared,sat_press_pool_radio,compatible_narrative,false,road-s16-b,Parcel-shop counter,2,needs_art_catalog_mapping
ENC-S16-C,ENC-S16,C,Road encounters,Shared,sat_press_pool_radio,compatible_narrative,false,road-s16-c,Party-supply loading bay,2,needs_art_catalog_mapping
ENC-S17-A,ENC-S17,A,Road encounters,Shared,sat_hydration_pressure,compatible_narrative,true,road-s17-a,Truck-stop shower promotion beside a sandwich counter,1,needs_art_catalog_mapping
ENC-S17-B,ENC-S17,B,Road encounters,Shared,sat_hydration_pressure,compatible_narrative,false,road-s17-b,Gym open house with a contractor’s policy stall,1,needs_art_catalog_mapping
ENC-S17-C,ENC-S17,C,Road encounters,Shared,sat_hydration_pressure,compatible_narrative,false,road-s17-c,Truck-stop washroom entrance,1,needs_art_catalog_mapping
ENC-S18-A,ENC-S18,A,Road encounters,Shared,sat_museum_grant,compatible_narrative,true,road-s18-a,School fundraiser book stall,1,needs_art_catalog_mapping
ENC-S18-B,ENC-S18,B,Road encounters,Shared,sat_museum_grant,compatible_narrative,false,road-s18-b,Souvenir printer’s postcard racks,1,needs_art_catalog_mapping
ENC-S18-C,ENC-S18,C,Road encounters,Shared,sat_museum_grant,compatible_narrative,false,road-s18-c,Used-book history stall,2,needs_art_catalog_mapping
ENC-S19-A,ENC-S19,A,Road encounters,Shared,sat_factcheck_shift,compatible_narrative,true,road-s19-a,Copy-shop collating bench,1,needs_art_catalog_mapping
ENC-S19-B,ENC-S19,B,Road encounters,Shared,sat_factcheck_shift,compatible_narrative,false,road-s19-b,University research open-day service area,1,needs_art_catalog_mapping
ENC-S19-C,ENC-S19,C,Road encounters,Shared,sat_factcheck_shift,compatible_narrative,false,road-s19-c,Political-event printer’s finishing table,1,needs_art_catalog_mapping
ENC-S20-A,ENC-S20,A,Road encounters,Shared,sat_food_shelf,compatible_narrative,true,road-s20-a,Co-op food loading bay,1,needs_art_catalog_mapping
ENC-S20-B,ENC-S20,B,Road encounters,Shared,sat_food_shelf,compatible_narrative,false,road-s20-b,Food-bank packing table,1,needs_art_catalog_mapping
ENC-S20-C,ENC-S20,C,Road encounters,Shared,sat_food_shelf,compatible_narrative,false,road-s20-c,Farm-co-op hiring shed,2,needs_art_catalog_mapping
ENC-S21-A,ENC-S21,A,Road encounters,Shared,sat_cabinet_guest,compatible_narrative,true,road-s21-a,Marine-supply counter,2,needs_art_catalog_mapping
ENC-S21-B,ENC-S21,B,Road encounters,Shared,sat_cabinet_guest,compatible_narrative,false,road-s21-b,Military-surplus gift counter,2,needs_art_catalog_mapping
ENC-S21-C,ENC-S21,C,Road encounters,Shared,sat_cabinet_guest,compatible_narrative,false,road-s21-c,Travel-shop luggage counter,2,needs_art_catalog_mapping
ENC-S22-A,ENC-S22,A,Road encounters,Shared,sat_name_infrastructure,compatible_narrative,true,road-s22-a,Beltway transport-book stall,2,needs_art_catalog_mapping
ENC-S22-B,ENC-S22,B,Road encounters,Shared,sat_name_infrastructure,compatible_narrative,false,road-s22-b,Military-souvenir bookstall,2,needs_art_catalog_mapping
ENC-S22-C,ENC-S22,C,Road encounters,Shared,sat_name_infrastructure,compatible_narrative,false,road-s22-c,Souvenir stall discussing federal historical-presentation changes,1,needs_art_catalog_mapping
ENC-S23-A,ENC-S23,A,Road encounters,Shared,sat_straw_inspection,compatible_narrative,true,road-s23-a,Burger-stand filming setup,1,needs_art_catalog_mapping
ENC-S23-B,ENC-S23,B,Road encounters,Shared,sat_straw_inspection,compatible_narrative,false,road-s23-b,Community workshop preparing for 2027 rules,1,needs_art_catalog_mapping
ENC-S23-C,ENC-S23,C,Road encounters,Shared,sat_straw_inspection,compatible_narrative,false,road-s23-c,Private roadside history display imitating the federal directive,1,needs_art_catalog_mapping
ENC-S24-A,ENC-S24,A,Road encounters,Shared,sat_shower_force,compatible_narrative,true,road-s24-a,Hardware launch with a traveler shower service,1,needs_art_catalog_mapping
ENC-S24-B,ENC-S24,B,Road encounters,Shared,sat_shower_force,compatible_narrative,false,road-s24-b,Motel lobby with a leaking decorative fountain,1,needs_art_catalog_mapping
ENC-S24-C,ENC-S24,C,Road encounters,Shared,sat_shower_force,compatible_narrative,false,road-s24-c,Hotel information event about the Gold Card,1,needs_art_catalog_mapping
ENC-S25-A,ENC-S25,A,Road encounters,Shared,sat_receipt_museum,compatible_narrative,true,road-s25-a,Print-shop government-stationery counter,2,needs_art_catalog_mapping
ENC-S25-B,ENC-S25,B,Road encounters,Shared,sat_receipt_museum,compatible_narrative,false,road-s25-b,Conference-poster printing workshop,1,needs_art_catalog_mapping
ENC-S25-C,ENC-S25,C,Road encounters,Shared,sat_receipt_museum,compatible_narrative,false,road-s25-c,Commercial picture-framing workshop,1,needs_art_catalog_mapping
ENC-S26-A,ENC-S26,A,Road encounters,Shared,sat_transit_ribbon,compatible_narrative,true,road-s26-a,Beltway supporters’ leaflet stall,1,needs_art_catalog_mapping
ENC-S26-B,ENC-S26,B,Road encounters,Shared,sat_transit_ribbon,compatible_narrative,false,road-s26-b,Food-drive printing and distribution table,1,needs_art_catalog_mapping
ENC-S26-C,ENC-S26,C,Road encounters,Shared,sat_transit_ribbon,compatible_narrative,false,road-s26-c,Baby-supply charity sale,1,needs_art_catalog_mapping
ENC-S27-A,ENC-S27,A,Road encounters,Shared,sat_weather_desk,compatible_narrative,true,road-s27-a,Fictional park-side concession and information window,1,needs_art_catalog_mapping
ENC-S27-B,ENC-S27,B,Road encounters,Shared,sat_weather_desk,compatible_narrative,false,road-s27-b,Independent political-event loading entrance,1,needs_art_catalog_mapping
ENC-S27-C,ENC-S27,C,Road encounters,Shared,sat_weather_desk,compatible_narrative,false,road-s27-c,Local patriotic-education campaign stall,1,needs_art_catalog_mapping
ENC-S28-A,ENC-S28,A,Road encounters,Shared,sat_bibliography_emergency,compatible_narrative,true,road-s28-a,Community health fair printing table,1,needs_art_catalog_mapping
ENC-S28-B,ENC-S28,B,Road encounters,Shared,sat_bibliography_emergency,compatible_narrative,false,road-s28-b,Clinic fundraiser and appointment-card table,1,needs_art_catalog_mapping
ENC-S28-C,ENC-S28,C,Road encounters,Shared,sat_bibliography_emergency,compatible_narrative,false,road-s28-c,Fair preparing for 2027 Medicaid rules,1,needs_art_catalog_mapping
ENC-S29-A,ENC-S29,A,Road encounters,Shared,west_grant_translation,compatible_narrative,true,road-s29-a,School-display printing shop,2,needs_art_catalog_mapping
ENC-S29-B,ENC-S29,B,Road encounters,Shared,west_grant_translation,compatible_narrative,false,road-s29-b,Souvenir-label printing bench,2,needs_art_catalog_mapping
ENC-S29-C,ENC-S29,C,Road encounters,Shared,west_grant_translation,compatible_narrative,false,road-s29-c,Immigration-promotion print shop,2,needs_art_catalog_mapping
ENC-S30-A,ENC-S30,A,Road encounters,Shared,west_rail_replacement,compatible_narrative,true,road-s30-a,Coastal transport-advocacy meeting loading point,1,needs_art_catalog_mapping
ENC-S30-B,ENC-S30,B,Road encounters,Shared,west_rail_replacement,compatible_narrative,false,road-s30-b,Coastal hotel’s Gold Card information event,1,needs_art_catalog_mapping
ENC-S30-C,ENC-S30,C,Road encounters,Shared,west_rail_replacement,compatible_narrative,false,road-s30-c,Energy-policy meeting loading area,1,needs_art_catalog_mapping
ENC-S31-A,ENC-S31,A,Road encounters,Shared,west_laboratory_overhead,compatible_narrative,true,road-s31-a,Laboratory open-day service table,1,needs_art_catalog_mapping
ENC-S31-B,ENC-S31,B,Road encounters,Shared,west_laboratory_overhead,compatible_narrative,false,road-s31-b,Community health-information fair,1,needs_art_catalog_mapping
ENC-S31-C,ENC-S31,C,Road encounters,Shared,west_laboratory_overhead,compatible_narrative,false,road-s31-c,Rural health fundraiser equipment table,1,needs_art_catalog_mapping
ENC-S32-A,ENC-S32,A,Road encounters,Shared,west_wind_loyalty,compatible_narrative,true,road-s32-a,Turbine-repair information stall,1,needs_art_catalog_mapping
ENC-S32-B,ENC-S32,B,Road encounters,Shared,west_wind_loyalty,compatible_narrative,false,road-s32-b,Energy-policy repair fair,1,needs_art_catalog_mapping
ENC-S32-C,ENC-S32,C,Road encounters,Shared,west_wind_loyalty,compatible_narrative,false,road-s32-c,Mountain-region contractors’ fair,1,needs_art_catalog_mapping
ENC-S33-A,ENC-S33,A,Road encounters,Shared,west_desert_pressure,compatible_narrative,true,road-s33-a,Desert service-stop shower promotion,1,needs_art_catalog_mapping
ENC-S33-B,ENC-S33,B,Road encounters,Shared,west_desert_pressure,compatible_narrative,false,road-s33-b,Desert drinks-promotion refill station,1,needs_art_catalog_mapping
ENC-S33-C,ENC-S33,C,Road encounters,Shared,west_desert_pressure,compatible_narrative,false,road-s33-c,Desert contractors’ trade stall discussing Florida policy,1,needs_art_catalog_mapping
ENC-S34-A,ENC-S34,A,Road encounters,Shared,west_beef_passports,compatible_narrative,true,road-s34-a,Wholesale loading depot,1,needs_art_catalog_mapping
ENC-S34-B,ENC-S34,B,Road encounters,Shared,west_beef_passports,compatible_narrative,false,road-s34-b,Hotel laundry depot,1,needs_art_catalog_mapping
ENC-S34-C,ENC-S34,C,Road encounters,Shared,west_beef_passports,compatible_narrative,false,road-s34-c,Baby-goods warehouse collection counter,2,needs_art_catalog_mapping
ENC-W-MW-C01-A,ENC-W-MW-C01,A,Road encounters,Classic,,separate_encounter_mechanics,false,road-w-mw-c01-a,Rural clinic parking-lot fundraiser,3,deferred_mechanics
ENC-W-MW-C01-B,ENC-W-MW-C01,B,Road encounters,Classic,,separate_encounter_mechanics,false,road-w-mw-c01-b,Mountain-town immigration information fair,3,deferred_mechanics
ENC-W-MW-C01-C,ENC-W-MW-C01,C,Road encounters,Classic,,separate_encounter_mechanics,false,road-w-mw-c01-c,Mountain farm stand beside a former school-delivery truck,4,deferred_mechanics
ENC-W-MW-C02-A,ENC-W-MW-C02,A,Road encounters,Classic,,separate_encounter_mechanics,false,road-w-mw-c02-a,Mountain wind-equipment storage yard,3,deferred_mechanics
ENC-W-MW-C02-B,ENC-W-MW-C02,B,Road encounters,Classic,,separate_encounter_mechanics,false,road-w-mw-c02-b,Mountain trade-fair energy booth,2,deferred_mechanics
ENC-W-MW-C02-C,ENC-W-MW-C02,C,Road encounters,Classic,,separate_encounter_mechanics,false,road-w-mw-c02-c,Mountain visitor-fair refreshment area,2,deferred_mechanics
ENC-W-MW-D01-A,ENC-W-MW-D01,A,Road encounters,Deep End,,separate_encounter_mechanics,false,road-w-mw-d01-a,Medical-school fundraiser with a supply-cost display,3,deferred_mechanics
ENC-W-MW-D01-B,ENC-W-MW-D01,B,Road encounters,Deep End,,separate_encounter_mechanics,false,road-w-mw-d01-b,Mountain-town bindery loading doorway,3,deferred_mechanics
ENC-W-MW-D01-C,ENC-W-MW-D01,C,Road encounters,Deep End,,separate_encounter_mechanics,false,road-w-mw-d01-c,Mountain energy-training center open day,3,deferred_mechanics
ENC-W-MW-D02-A,ENC-W-MW-D02,A,Road encounters,Deep End,,separate_encounter_mechanics,false,road-w-mw-d02-a,Mountain wind-project open house,3,deferred_mechanics
ENC-W-MW-D02-B,ENC-W-MW-D02,B,Road encounters,Deep End,,separate_encounter_mechanics,false,road-w-mw-d02-b,Mountain luxury-property expo,4,deferred_mechanics
ENC-W-MW-D02-C,ENC-W-MW-D02,C,Road encounters,Deep End,,separate_encounter_mechanics,false,road-w-mw-d02-c,Mountain garden-supply shop with bagged gravel,3,deferred_mechanics
ENC-W-PC-C01-A,ENC-W-PC-C01,A,Road encounters,Classic,,separate_encounter_mechanics,false,road-w-pc-c01-a,Coastal grocery loading entrance,3,deferred_mechanics
ENC-W-PC-C01-B,ENC-W-PC-C01,B,Road encounters,Classic,,separate_encounter_mechanics,false,road-w-pc-c01-b,Marina grocery adjoining a fundraiser delivery area,3,deferred_mechanics
ENC-W-PC-C01-C,ENC-W-PC-C01,C,Road encounters,Classic,,separate_encounter_mechanics,false,road-w-pc-c01-c,Coastal fruit stand beside a loaded farm truck,4,deferred_mechanics
ENC-W-PC-C02-A,ENC-W-PC-C02,A,Road encounters,Classic,,separate_encounter_mechanics,false,road-w-pc-c02-a,Coastal national-park toilet block and visitor display,3,deferred_mechanics
ENC-W-PC-C02-B,ENC-W-PC-C02,B,Road encounters,Classic,,separate_encounter_mechanics,false,road-w-pc-c02-b,Library foyer with a local political demonstration beside its help area,2,deferred_mechanics
ENC-W-PC-C02-C,ENC-W-PC-C02,C,Road encounters,Classic,,separate_encounter_mechanics,false,road-w-pc-c02-c,Coastal grocery entrance beside an account promotion table,3,deferred_mechanics
ENC-W-PC-D01-A,ENC-W-PC-D01,A,Road encounters,Deep End,,separate_encounter_mechanics,false,road-w-pc-d01-a,Print room preparing a local coal-history exhibit,3,deferred_mechanics
ENC-W-PC-D01-B,ENC-W-PC-D01,B,Road encounters,Deep End,,separate_encounter_mechanics,false,road-w-pc-d01-b,Coastal laboratory fundraiser with a temporary print table,3,deferred_mechanics
ENC-W-PC-D01-C,ENC-W-PC-D01,C,Road encounters,Deep End,,separate_encounter_mechanics,false,road-w-pc-d01-c,Community book-fair print table,4,deferred_mechanics
ENC-W-PC-D02-A,ENC-W-PC-D02,A,Road encounters,Deep End,,separate_encounter_mechanics,false,road-w-pc-d02-a,Waterfront civic fair entrance,3,deferred_mechanics
ENC-W-PC-D02-B,ENC-W-PC-D02,B,Road encounters,Deep End,,separate_encounter_mechanics,false,road-w-pc-d02-b,Coastal fair campaign-finance exhibit,3,deferred_mechanics
ENC-W-PC-D02-C,ENC-W-PC-D02,C,Road encounters,Deep End,,separate_encounter_mechanics,false,road-w-pc-d02-c,Civic-fair volunteer station,3,deferred_mechanics
ENC-W-SW-C01-A,ENC-W-SW-C01,A,Road encounters,Classic,,separate_encounter_mechanics,false,road-w-sw-c01-a,Desert motel reception beside a demonstration bathroom,3,deferred_mechanics
ENC-W-SW-C01-B,ENC-W-SW-C01,B,Road encounters,Classic,,separate_encounter_mechanics,false,road-w-sw-c01-b,Desert fair refreshment booth and political display,3,deferred_mechanics
ENC-W-SW-C01-C,ENC-W-SW-C01,C,Road encounters,Classic,,separate_encounter_mechanics,false,road-w-sw-c01-c,Desert contractor hiring table with portable misting chair,3,deferred_mechanics
ENC-W-SW-C02-A,ENC-W-SW-C02,A,Road encounters,Classic,,separate_encounter_mechanics,false,road-w-sw-c02-a,Desert produce depot receiving area,3,deferred_mechanics
ENC-W-SW-C02-B,ENC-W-SW-C02,B,Road encounters,Classic,,separate_encounter_mechanics,false,road-w-sw-c02-b,Desert community food-drive table,3,deferred_mechanics
ENC-W-SW-C02-C,ENC-W-SW-C02,C,Road encounters,Classic,,separate_encounter_mechanics,false,road-w-sw-c02-c,Desert agricultural packing shed,3,deferred_mechanics
ENC-W-SW-D01-A,ENC-W-SW-D01,A,Road encounters,Deep End,,separate_encounter_mechanics,false,road-w-sw-d01-a,Desert packing-yard hiring area,2,deferred_mechanics
ENC-W-SW-D01-B,ENC-W-SW-D01,B,Road encounters,Deep End,,separate_encounter_mechanics,false,road-w-sw-d01-b,Desert energy fair beside a cooling tent,3,deferred_mechanics
ENC-W-SW-D01-C,ENC-W-SW-D01,C,Road encounters,Deep End,,separate_encounter_mechanics,false,road-w-sw-d01-c,Desert motel courtyard with a private cooling-shower demonstration,3,deferred_mechanics
ENC-W-SW-D02-A,ENC-W-SW-D02,A,Road encounters,Deep End,,separate_encounter_mechanics,false,road-w-sw-d02-a,Desert wholesale-depot label station,3,deferred_mechanics
ENC-W-SW-D02-B,ENC-W-SW-D02,B,Road encounters,Deep End,,separate_encounter_mechanics,false,road-w-sw-d02-b,Desert resort supply dock before a political banquet,3,deferred_mechanics
ENC-W-SW-D02-C,ENC-W-SW-D02,C,Road encounters,Deep End,,separate_encounter_mechanics,false,road-w-sw-d02-c,Desert property fair catering entrance,4,deferred_mechanics
END-COLD-A,END-COLD,A,Ending packages,Shared,Exposure:cold,compatible_narrative,true,end-cold-a-scene,Cold at the recorded stopping place; an explicitly editorial inset contrasts a catered potato beneath a silver cloche. No invented death tableau.,0,needs_art_catalog_mapping
END-COLD-B,END-COLD,B,Ending packages,Shared,Exposure:cold,compatible_narrative,false,end-cold-b-scene,"Recorded cold stopping place, with a separate illustrative cutaway of an unstaffed public entrance; do not imply a particular denied service caused the ending.",0,needs_art_catalog_mapping
END-COLD-C,END-COLD,C,Ending packages,Shared,Exposure:cold,compatible_narrative,false,end-cold-c-scene,"Actual cold conditions at the stopping place, with a small editorial inset of a foam-covered microphone in a heated briefing room.",0,needs_art_catalog_mapping
END-COLLAPSE-BREAKDOWN-A,END-COLLAPSE-BREAKDOWN,A,Ending packages,Shared,Collapse:breakdown,compatible_narrative,true,end-collapse-breakdown-a-scene,Actual broken van with an unresolved blank repair quote; do not show a replacement fitted or money paid.,0,needs_art_catalog_mapping
END-COLLAPSE-BREAKDOWN-B,END-COLLAPSE-BREAKDOWN,B,Ending packages,Shared,Collapse:breakdown,compatible_narrative,false,end-collapse-breakdown-b-scene,Actual unresolved mechanical failure with a pristine blank nameplate beside the tools; no invented successful repair.,0,needs_art_catalog_mapping
END-COLLAPSE-BREAKDOWN-C,END-COLLAPSE-BREAKDOWN,C,Ending packages,Shared,Collapse:breakdown,compatible_narrative,false,end-collapse-breakdown-c-scene,"Actual broken vehicle at its recorded stopping place, with an unlettered efficiency brochure deliberately outside the repair tools.",0,needs_art_catalog_mapping
END-COLLAPSE-CROSSING-A,END-COLLAPSE-CROSSING,A,Ending packages,Shared,Collapse:crossing,compatible_narrative,true,end-collapse-crossing-a-scene,"Actual failed crossing and present travelers, with a sealed donor envelope in a clearly editorial inset; no fall, collision or death unless recorded.",0,needs_art_catalog_mapping
END-COLLAPSE-CROSSING-B,END-COLLAPSE-CROSSING,B,Ending packages,Shared,Collapse:crossing,compatible_narrative,false,end-collapse-crossing-b-scene,"Actual crossing barrier and failed journey state, with an oversized blank official nameplate as the visual focal point.",0,needs_art_catalog_mapping
END-COLLAPSE-CROSSING-C,END-COLLAPSE-CROSSING,C,Ending packages,Shared,Collapse:crossing,compatible_narrative,false,end-collapse-crossing-c-scene,"Actual failed crossing, paired with an editorially oversized blank official-history book and a tiny inset page; no invented catastrophe.",0,needs_art_catalog_mapping
END-COLLAPSE-DISEASE-A,END-COLLAPSE-DISEASE,A,Ending packages,Shared,Collapse:disease,compatible_narrative,true,end-collapse-disease-a-scene,Unlettered work-requirements form sits unused beside the actual health-care belongings at the stopping place; no invented benefit enrollment or death.,0,needs_art_catalog_mapping
END-COLLAPSE-DISEASE-B,END-COLLAPSE-DISEASE,B,Ending packages,Shared,Collapse:disease,compatible_narrative,false,end-collapse-disease-b-scene,Actual journey health belongings contrasted with a clean blank budget chart in an editorial inset; no invented diagnosis or casualty.,0,needs_art_catalog_mapping
END-COLLAPSE-DISEASE-C,END-COLLAPSE-DISEASE,C,Ending packages,Shared,Collapse:disease,compatible_narrative,false,end-collapse-disease-c-scene,Actual care belongings and stopped vehicle; a separate editorial image of an unlettered raw-milk stall makes no claim that milk caused this particular illness.,0,needs_art_catalog_mapping
END-COLLAPSE-HUNGER-A,END-COLLAPSE-HUNGER,A,Ending packages,Shared,Collapse:hunger,compatible_narrative,true,end-collapse-hunger-a-scene,Empty food container at the actual stopping point beside a blank government budget chart; no invented fatality or benefit denial.,0,needs_art_catalog_mapping
END-COLLAPSE-HUNGER-B,END-COLLAPSE-HUNGER,B,Ending packages,Shared,Collapse:hunger,compatible_narrative,false,end-collapse-hunger-b-scene,"Empty ordinary plate in the actual van, with a clearly editorial inset of an elaborate donor dinner place setting.",0,needs_art_catalog_mapping
END-COLLAPSE-HUNGER-C,END-COLLAPSE-HUNGER,C,Ending packages,Shared,Collapse:hunger,compatible_narrative,false,end-collapse-hunger-c-scene,Sparse food storage in the actual stopped van; a separate illustrative shop shelf remains full behind blank price cards.,0,needs_art_catalog_mapping
END-COLLAPSE-PANIC-A,END-COLLAPSE-PANIC,A,Ending packages,Shared,Collapse:panic,compatible_narrative,true,end-collapse-panic-a-scene,"Radio switched off at the actual stopping point, with the present travelers shown without invented medical intervention or death.",0,needs_art_catalog_mapping
END-COLLAPSE-PANIC-B,END-COLLAPSE-PANIC,B,Ending packages,Shared,Collapse:panic,compatible_narrative,false,end-collapse-panic-b-scene,"Actual stopped vehicle and set-aside radio; editorial inset of an overbuilt blank reassurance podium, without armed threats toward travelers.",0,needs_art_catalog_mapping
END-COLLAPSE-PANIC-C,END-COLLAPSE-PANIC,C,Ending packages,Shared,Collapse:panic,compatible_narrative,false,end-collapse-panic-c-scene,"Actual stopping place, with an illustrative cutaway of a school bucket catching a roof leak beside a thick blank policy binder.",0,needs_art_catalog_mapping
END-COLLAPSE-VEHICLE-A,END-COLLAPSE-VEHICLE,A,Ending packages,Shared,Collapse:vehicle,compatible_narrative,true,end-collapse-vehicle-a-scene,"Actual stopped and damaged vehicle at the recorded location; blank grandiose name card kept separate from the body, with no invented destruction.",0,needs_art_catalog_mapping
END-COLLAPSE-VEHICLE-B,END-COLLAPSE-VEHICLE,B,Ending packages,Shared,Collapse:vehicle,compatible_narrative,false,end-collapse-vehicle-b-scene,Actual damaged vehicle beside a blank repair quote and the travelers’ existing work notes; no invented bill paid.,0,needs_art_catalog_mapping
END-COLLAPSE-VEHICLE-C,END-COLLAPSE-VEHICLE,C,Ending packages,Shared,Collapse:vehicle,compatible_narrative,false,end-collapse-vehicle-c-scene,Actual stopped vehicle at the recorded location with visibly worn components appropriate to its state; no invented crash or fixed road position.,0,needs_art_catalog_mapping
END-COLLAPSE-WEATHER-A,END-COLLAPSE-WEATHER,A,Ending packages,Shared,Collapse:weather,compatible_narrative,true,end-collapse-weather-a-scene,Actual recorded weather and stopping place with a blank route map and small capped marker inside the van.,0,needs_art_catalog_mapping
END-COLLAPSE-WEATHER-B,END-COLLAPSE-WEATHER,B,Ending packages,Shared,Collapse:weather,compatible_narrative,false,end-collapse-weather-b-scene,"Actual weather at the recorded stopping point, with a blank map folded beside the window; no invented coastal location.",0,needs_art_catalog_mapping
END-COLLAPSE-WEATHER-C,END-COLLAPSE-WEATHER,C,Ending packages,Shared,Collapse:weather,compatible_narrative,false,end-collapse-weather-c-scene,Actual obstructing weather seen from the stopped van; a radio remains on the dashboard with no readable lettering.,0,needs_art_catalog_mapping
END-DESTROYED-A,END-DESTROYED,A,Ending packages,Shared,VehicleFailure:destroyed,compatible_narrative,true,end-destroyed-a-scene,"Actual destroyed vehicle at the recorded location; no added collision, fire or casualties. A blank repair quote lies among ordinary belongings.",0,needs_art_catalog_mapping
END-DESTROYED-B,END-DESTROYED,B,Ending packages,Shared,VehicleFailure:destroyed,compatible_narrative,false,end-destroyed-b-scene,"Recorded destroyed vehicle shown honestly, with a grand blank nameplate lying incongruously nearby; no invented tow or scrapyard arrival.",0,needs_art_catalog_mapping
END-DESTROYED-C,END-DESTROYED,C,Ending packages,Shared,VehicleFailure:destroyed,compatible_narrative,false,end-destroyed-c-scene,"Recorded destroyed van beside an editorially juxtaposed blank upward-arrow efficiency chart, with no invented victims.",0,needs_art_catalog_mapping
END-FALLBACK-A,END-FALLBACK,A,Ending packages,Shared,result.epilogue.generic,compatible_narrative,true,end-fallback-a-scene,"Unlettered journey notebook missing its final entry; a blank misdirected-message screen appears as an editorial gag, without asserting any traveler’s location or fate.",0,needs_art_catalog_mapping
END-FALLBACK-B,END-FALLBACK,B,Ending packages,Shared,result.epilogue.generic,compatible_narrative,false,end-fallback-b-scene,"Open blank final page of a journey notebook with an absurdly ornate blank official-history cover beside it; neutral background, no invented ending.",0,needs_art_catalog_mapping
END-FALLBACK-C,END-FALLBACK,C,Ending packages,Shared,result.epilogue.generic,compatible_narrative,false,end-fallback-c-scene,"Incomplete unlettered journey log beside a nearly unused pen and blank efficiency chart; no implied victory, defeat, death or D.C. arrival.",0,needs_art_catalog_mapping
END-HEAT-A,END-HEAT,A,Ending packages,Shared,Exposure:heat,compatible_narrative,true,end-heat-a-scene,Recorded hot stopping place contrasted with a plainly editorial inset of an indoor politician beside an unlettered thermostat.,0,needs_art_catalog_mapping
END-HEAT-B,END-HEAT,B,Ending packages,Shared,Exposure:heat,compatible_narrative,false,end-heat-b-scene,"Recorded heat at the stopping place; a capped marker beside a blank weather map in the van, without altered temperature or invented death.",0,needs_art_catalog_mapping
END-HEAT-C,END-HEAT,C,Ending packages,Shared,Exposure:heat,compatible_narrative,false,end-heat-c-scene,"Actual heat at the stopping point; a broadcast image of a cooled studio appears only as an illustrative inset, with no embedded words.",0,needs_art_catalog_mapping
END-INCOMPLETE-A,END-INCOMPLETE,A,Ending packages,Shared,result.epilogue.incomplete,compatible_narrative,true,end-incomplete-a-scene,"Open route notebook at the actual current location, with an explicitly editorial donor-dinner place setting inset; no implied arrival or terminal loss.",0,needs_art_catalog_mapping
END-INCOMPLETE-B,END-INCOMPLETE,B,Ending packages,Shared,result.epilogue.incomplete,compatible_narrative,false,end-incomplete-b-scene,"Open, unlettered journey notebook beside the actual vehicle at its recorded location; no completed hearing or invented fate.",0,needs_art_catalog_mapping
END-INCOMPLETE-C,END-INCOMPLETE,C,Ending packages,Shared,result.epilogue.incomplete,compatible_narrative,false,end-incomplete-c-scene,"Actual current vehicle and open route map, with only the currently present roster; no new driver or asserted terminal outcome.",0,needs_art_catalog_mapping
END-SANITY-A,END-SANITY,A,Ending packages,Shared,SanityLoss,compatible_narrative,true,end-sanity-a-scene,"Journey case and a safely set-aside radio beside the actual stopped vehicle; show only recorded present travelers, without depicting invented injuries.",0,needs_art_catalog_mapping
END-SANITY-B,END-SANITY,B,Ending packages,Shared,SanityLoss,compatible_narrative,false,end-sanity-b-scene,Unlettered journey notebook beside the actual vehicle at its recorded stopping point; an oversized blank official-name card appears in a clearly editorial inset.,0,needs_art_catalog_mapping
END-SANITY-C,END-SANITY,C,Ending packages,Shared,SanityLoss,compatible_narrative,false,end-sanity-c-scene,Travel radio is switched off beside an unlettered five-line note in the actual stopped van. No suicide imagery or invented death.,0,needs_art_catalog_mapping
END-VICTORY-A,END-VICTORY,A,Ending packages,Shared,BossVictory,compatible_narrative,true,end-victory-a-scene,Recorded surviving arrivals celebrate modestly at the hearing while a fictional lobbyist studies a few ordinary coins; no new law-signing ceremony.,0,needs_art_catalog_mapping
END-VICTORY-B,END-VICTORY,B,Ending packages,Shared,BossVictory,compatible_narrative,false,end-victory-b-scene,Hearing chair tries to take the foreground while actual surviving arrivals exchange a knowing look beside their case folder.,0,needs_art_catalog_mapping
END-VICTORY-C,END-VICTORY,C,Ending packages,Shared,BossVictory,compatible_narrative,false,end-victory-c-scene,Actual surviving arrivals share relief at the hearing; a fictional efficiency enthusiast studies the public microphone cable suspiciously.,0,needs_art_catalog_mapping
END-VOTEFAIL-A,END-VOTEFAIL,A,Ending packages,Shared,BossVoteFailed,compatible_narrative,true,end-votefail-a-scene,Recorded surviving arrivals collect their case after the failed vote; a clerk carries a sealed blank donor envelope toward a catered side room.,0,needs_art_catalog_mapping
END-VOTEFAIL-B,END-VOTEFAIL,B,Ending packages,Shared,BossVoteFailed,compatible_narrative,false,end-votefail-b-scene,Hearing chair arranges a flattering photo while the actual arriving travelers’ blank case folder is moved just outside its frame.,0,needs_art_catalog_mapping
END-VOTEFAIL-C,END-VOTEFAIL,C,Ending packages,Shared,BossVoteFailed,compatible_narrative,false,end-votefail-c-scene,Actual surviving arrivals gather their ordinary bags after the hearing while a fictional efficiency official points proudly at a blank zero-cost chart.,0,needs_art_catalog_mapping
HEARING-C-A,HEARING-C,A,Hearing introductions and transitions,Classic,,compatible_narrative,true,hearing-c-a-scene,"Actual arriving travelers at a small public microphone; the chair keeps a blank case folder beneath an elaborate, unlettered dinner menu.",0,needs_art_catalog_mapping
HEARING-C-B,HEARING-C,B,Hearing introductions and transitions,Classic,,compatible_narrative,false,hearing-c-b-scene,Hearing chair opens a folder containing a neatly wrapped lunch while the actual arriving travelers wait with their case.,0,needs_art_catalog_mapping
HEARING-C-C,HEARING-C,C,Hearing introductions and transitions,Classic,,compatible_narrative,false,hearing-c-c-scene,"Actual arriving travelers face a hearing chair who tries covering an ordinary blank bill with an ornate, blank patriotic brochure.",0,needs_art_catalog_mapping
HEARING-D-A,HEARING-D,A,Hearing introductions and transitions,Deep End,,compatible_narrative,true,hearing-d-a-scene,"An absurdly formal hearing chair is occupied by a sealed blank envelope, while the actual arriving travelers stand at an ordinary public microphone.",0,needs_art_catalog_mapping
HEARING-D-B,HEARING-D,B,Hearing introductions and transitions,Deep End,,compatible_narrative,false,hearing-d-b-scene,Actual arriving travelers address a vacant clerk’s chair below a self-satisfied hearing official; a blank minute book remains visibly closed.,0,needs_art_catalog_mapping
HEARING-D-C,HEARING-D,C,Hearing introductions and transitions,Deep End,,compatible_narrative,false,hearing-d-c-scene,"Oversized gavel held by a fictional hearing chair, with a clerk steadying water glasses and the actual arriving travelers waiting at the microphone.",0,needs_art_catalog_mapping
MODE-C,,,Mode descriptions,Shared,mode.classic,reference_or_functional,false,mode-c-scene,The familiar ordinary van on a readable road with a modest supply stop and open horizon; political absurdity suggested through an oversized empty official sign.,0,needs_art_catalog_mapping
MODE-D,,,Mode descriptions,Shared,mode.deep,reference_or_functional,false,mode-d-scene,"The familiar van and road in the Deep End palette, with a recognizably stranger accumulation of official barriers and distorted civic scenery; no promise of a specific event.",0,needs_art_catalog_mapping
OPEN-JOURNALIST-A,OPEN-JOURNALIST,A,Character departure introductions,Shared,,compatible_narrative,true,open-journalist-a-scene,Journalist checks a blank map beside the Seattle departure van while five companions load ordinary luggage. A phone stays firmly face down.,0,needs_art_catalog_mapping
OPEN-JOURNALIST-B,OPEN-JOURNALIST,B,Character departure introductions,Shared,,compatible_narrative,false,open-journalist-b-scene,Seattle departure with a journalist opening an unlettered notebook while five companions arrange visibly worn belongings in the van.,0,needs_art_catalog_mapping
OPEN-JOURNALIST-C,OPEN-JOURNALIST,C,Character departure introductions,Shared,,compatible_narrative,false,open-journalist-c-scene,"Journalist and five companions stand by a fueled departure van, counting ordinary shared travel money rather than a new reward.",0,needs_art_catalog_mapping
OPEN-LOBBYIST-A,OPEN-LOBBYIST,A,Character departure introductions,Shared,,compatible_narrative,true,open-lobbyist-a-scene,Lobbyist and five companions board an ordinary Los Angeles departure van; a few existing coins lie in the open glove box.,0,needs_art_catalog_mapping
OPEN-LOBBYIST-B,OPEN-LOBBYIST,B,Character departure introductions,Shared,,compatible_narrative,false,open-lobbyist-b-scene,Lobbyist shows five companions an ordinary unlettered shop receipt beside groceries being loaded into the departure van.,0,needs_art_catalog_mapping
OPEN-LOBBYIST-C,OPEN-LOBBYIST,C,Character departure introductions,Shared,,compatible_narrative,false,open-lobbyist-c-scene,Lobbyist and five companions share a modest takeaway meal beside the Los Angeles departure van; no elite venue or hired help.,0,needs_art_catalog_mapping
OPEN-ORGANIZER-A,OPEN-ORGANIZER,A,Character departure introductions,Shared,,compatible_narrative,true,open-organizer-a-scene,Portland organizer coordinates five companions fitting luggage and a modest cooler into the van without extra staff.,0,needs_art_catalog_mapping
OPEN-ORGANIZER-B,OPEN-ORGANIZER,B,Character departure introductions,Shared,,compatible_narrative,false,open-organizer-b-scene,Organizer and five companions gather around a modest gas-money jar beside the departure van; no implied new funds.,0,needs_art_catalog_mapping
OPEN-ORGANIZER-C,OPEN-ORGANIZER,C,Character departure introductions,Shared,,compatible_narrative,false,open-organizer-c-scene,Portland organizer places blank work and expense papers in an existing case folder while five companions finish loading the van.,0,needs_art_catalog_mapping
OPEN-SATIRIST-A,OPEN-SATIRIST,A,Character departure introductions,Shared,,compatible_narrative,true,open-satirist-a-scene,Satirist and five companions examine a blank map and their existing travel money beside a San Diego departure van.,0,needs_art_catalog_mapping
OPEN-SATIRIST-B,OPEN-SATIRIST,B,Character departure introductions,Shared,,compatible_narrative,false,open-satirist-b-scene,Satirist gathers five companions around a blank route map outside the San Diego departure van; one ordinary phone is deliberately put away.,0,needs_art_catalog_mapping
OPEN-SATIRIST-C,OPEN-SATIRIST,C,Character departure introductions,Shared,,compatible_narrative,false,open-satirist-c-scene,Satirist and five companions pack a modest breakfast beside a blank naming-ceremony image on a phone at the San Diego departure point.,0,needs_art_catalog_mapping
OPEN-STAFFER-A,OPEN-STAFFER,A,Character departure introductions,Shared,,compatible_narrative,true,open-staffer-a-scene,Staffer holds a small blank van nameplate while five companions load the Sacramento departure vehicle; its actual mechanical state stays unchanged.,0,needs_art_catalog_mapping
OPEN-STAFFER-B,OPEN-STAFFER,B,Character departure introductions,Shared,,compatible_narrative,false,open-staffer-b-scene,"Staffer and five companions carefully fit into the departure van in Sacramento, with every seat occupant visibly real and no extra staff.",0,needs_art_catalog_mapping
OPEN-STAFFER-C,OPEN-STAFFER,C,Character departure introductions,Shared,,compatible_narrative,false,open-staffer-c-scene,Staffer puts an unlettered policy folder beside ordinary food in the Sacramento departure van while five companions finish packing.,0,needs_art_catalog_mapping
OPEN-WHISTLEBLOWER-A,OPEN-WHISTLEBLOWER,A,Character departure introductions,Shared,,compatible_narrative,true,open-whistleblower-a-scene,Whistleblower and five companions inspect the ordinary departure van in San Francisco; the brake pedal is visible through an open door.,0,needs_art_catalog_mapping
OPEN-WHISTLEBLOWER-B,OPEN-WHISTLEBLOWER,B,Character departure introductions,Shared,,compatible_narrative,false,open-whistleblower-b-scene,Whistleblower closes an unlettered case folder in the San Francisco departure van while five companions load luggage.,0,needs_art_catalog_mapping
OPEN-WHISTLEBLOWER-C,OPEN-WHISTLEBLOWER,C,Character departure introductions,Shared,,compatible_narrative,false,open-whistleblower-c-scene,Whistleblower squeezes an unlettered case folder beside ordinary luggage and existing bills as five companions board the van.,0,needs_art_catalog_mapping
ORDER-DEREGULATE-A,ORDER-DEREGULATE,A,Executive-order bulletins,Shared,war_dept_reorg,compatible_narrative,true,order-deregulate-a-scene,Official renaming ceremony on a roadside screen; the van’s hood sits open in the foreground.,2,needs_art_catalog_mapping
ORDER-DEREGULATE-B,ORDER-DEREGULATE,B,Executive-order bulletins,Shared,war_dept_reorg,compatible_narrative,false,order-deregulate-b-scene,A pristine blank sign is delivered beside neglected machinery while a traveler listens to the van.,1,needs_art_catalog_mapping
ORDER-DEREGULATE-C,ORDER-DEREGULATE,C,Executive-order bulletins,Shared,war_dept_reorg,compatible_narrative,false,order-deregulate-c-scene,Travelers glance at their battered van beside a grand military-name unveiling shown on an unlettered display.,1,needs_art_catalog_mapping
ORDER-GAG-A,ORDER-GAG,A,Executive-order bulletins,Shared,book_panic,compatible_narrative,true,order-gag-a-scene,Librarian stands beside a locked book cart and a large blank approved-reading sheet.,1,needs_art_catalog_mapping
ORDER-GAG-B,ORDER-GAG,B,Executive-order bulletins,Shared,book_panic,compatible_narrative,false,order-gag-b-scene,Opaque curtain covers the entrance to a historical exhibit; an adult visitor studies the conspicuous covered space.,1,needs_art_catalog_mapping
ORDER-GAG-C,ORDER-GAG,C,Executive-order bulletins,Shared,book_panic,compatible_narrative,false,order-gag-c-scene,A classroom hallway has two buckets beneath roof leaks while a huge blank policy binder sits dry on a shelf.,1,needs_art_catalog_mapping
ORDER-MILITARIZE-A,ORDER-MILITARIZE,A,Executive-order bulletins,Shared,travel_ban_lite,compatible_narrative,true,order-militarize-a-scene,Van waits behind a new portable barrier while an officer consults a blank checklist.,1,needs_art_catalog_mapping
ORDER-MILITARIZE-B,ORDER-MILITARIZE,B,Executive-order bulletins,Shared,travel_ban_lite,compatible_narrative,false,order-militarize-b-scene,Traveler holds blank documents at a checkpoint; the van waits behind them with luggage visible.,1,needs_art_catalog_mapping
ORDER-MILITARIZE-C,ORDER-MILITARIZE,C,Executive-order bulletins,Shared,travel_ban_lite,compatible_narrative,false,order-militarize-c-scene,An ordinary domestic road is split by a portable inspection booth; a traveler points toward the same landscape on both sides.,1,needs_art_catalog_mapping
ORDER-SHUTDOWN-A,ORDER-SHUTDOWN,A,Executive-order bulletins,Shared,shutdown,compatible_narrative,true,order-shutdown-a-scene,Closed public-service windows below a warmly lit political fundraiser; an ordinary worker waits with a lunch bag.,1,needs_art_catalog_mapping
ORDER-SHUTDOWN-B,ORDER-SHUTDOWN,B,Executive-order bulletins,Shared,shutdown,compatible_narrative,false,order-shutdown-b-scene,"Dark public-service monitors beside one brightly glowing, blank campaign-donation screen.",2,needs_art_catalog_mapping
ORDER-SHUTDOWN-C,ORDER-SHUTDOWN,C,Executive-order bulletins,Shared,shutdown,compatible_narrative,false,order-shutdown-c-scene,An ordinary empty dinner plate sits below oversized negotiation chairs in an illustrative cutaway; no claim of an actual meeting.,1,needs_art_catalog_mapping
ORDER-TARIFFS-A,ORDER-TARIFFS,A,Executive-order bulletins,Shared,tariff_tsunami,compatible_narrative,true,order-tariffs-a-scene,Plain grocery bag sits between an empty wallet and a blank customs invoice.,1,needs_art_catalog_mapping
ORDER-TARIFFS-B,ORDER-TARIFFS,B,Executive-order bulletins,Shared,tariff_tsunami,compatible_narrative,false,order-tariffs-b-scene,Cashier shows a blank receipt long enough to curl around one modest loaf.,1,needs_art_catalog_mapping
ORDER-TARIFFS-C,ORDER-TARIFFS,C,Executive-order bulletins,Shared,tariff_tsunami,compatible_narrative,false,order-tariffs-c-scene,Traveler stretches toward groceries while a tall blank price card visually stands between them.,1,needs_art_catalog_mapping
ORDER-TAXCUTS-A,ORDER-TAXCUTS,A,Executive-order bulletins,Shared,doe_eliminated,compatible_narrative,true,order-taxcuts-a-scene,"Empty education office with a lone illuminated, unlettered exit-sign panel above a tiny lectern.",1,needs_art_catalog_mapping
ORDER-TAXCUTS-B,ORDER-TAXCUTS,B,Executive-order bulletins,Shared,doe_eliminated,compatible_narrative,false,order-taxcuts-b-scene,An office door is closed while a student-facing service counter has a blank fee jar and no staff.,1,needs_art_catalog_mapping
ORDER-TAXCUTS-C,ORDER-TAXCUTS,C,Executive-order bulletins,Shared,doe_eliminated,compatible_narrative,false,order-taxcuts-c-scene,Teacher holds half a pencil before a large empty board; a blank closure notice is pinned beside the door.,1,needs_art_catalog_mapping
PERSONA-JOURNALIST,,,Persona descriptions,Shared,journalist,reference_or_functional,false,persona-journalist-scene,An ordinary road traveler with a notebook and practical shoulder bag; blank press credential optional.,0,needs_art_catalog_mapping
PERSONA-LOBBYIST,,,Persona descriptions,Shared,lobbyist,reference_or_functional,false,persona-lobbyist-scene,"An ordinary traveler with a battered portfolio and a plain contacts notebook; no bodyguard, aide, private car or luxury office.",0,needs_art_catalog_mapping
PERSONA-ORGANIZER,,,Persona descriptions,Shared,organizer,reference_or_functional,false,persona-organizer-scene,An ordinary traveler arranging a small stack of unlettered contact cards beside communal supplies.,0,needs_art_catalog_mapping
PERSONA-SATIRIST,,,Persona descriptions,Shared,satirist,reference_or_functional,false,persona-satirist-scene,An ordinary traveler with a blank notebook and amused expression beside the modest van.,0,needs_art_catalog_mapping
PERSONA-STAFFER,,,Persona descriptions,Shared,staffer,reference_or_functional,false,persona-staffer-scene,"An ordinary traveler with a blank checklist and tangled charger, ready to do practical work.",0,needs_art_catalog_mapping
PERSONA-WHISTLEBLOWER,,,Persona descriptions,Shared,whistleblower,reference_or_functional,false,persona-whistleblower-scene,"An ordinary traveler holding a plain evidence folder close, with backup folders in a practical bag.",0,needs_art_catalog_mapping
PROFILE-01,,,Town profiles,Shared,Albuquerque,reference_or_functional,false,profile-01-scene,"A compact Albuquerque place vignette based on the profile’s sourced attraction: Albuquerque Museum — art and history near Old Town. Keep signs, maps, plaques and building lettering blank for overlays. Do not invent a disaster or closure.",0,needs_art_catalog_mapping
PROFILE-02,,,Town profiles,Shared,Amarillo,reference_or_functional,false,profile-02-scene,"A compact Amarillo place vignette based on the profile’s sourced attraction: Nearby Palo Duro Canyon State Park — red-rock canyon trails. Keep signs, maps, plaques and building lettering blank for overlays. Do not invent a disaster or closure.",0,needs_art_catalog_mapping
PROFILE-03,,,Town profiles,Shared,Austin,reference_or_functional,false,profile-03-scene,"A compact Austin place vignette based on the profile’s sourced attraction: The Congress Avenue Bridge shelters one of North America’s largest urban bat colonies. Keep signs, maps, plaques and building lettering blank for overlays. Do not invent a disaster or closure.",0,needs_art_catalog_mapping
PROFILE-04,,,Town profiles,Shared,Billings,reference_or_functional,false,profile-04-scene,"A compact Billings place vignette based on the profile’s sourced attraction: Moss Mansion — a historic house museum. Keep signs, maps, plaques and building lettering blank for overlays. Do not invent a disaster or closure.",0,needs_art_catalog_mapping
PROFILE-05,,,Town profiles,Shared,Boise,reference_or_functional,false,profile-05-scene,"A compact Boise place vignette based on the profile’s sourced attraction: Idaho State Capitol — the state’s historic seat of government. Keep signs, maps, plaques and building lettering blank for overlays. Do not invent a disaster or closure.",0,needs_art_catalog_mapping
PROFILE-06,,,Town profiles,Shared,Cheyenne,reference_or_functional,false,profile-06-scene,"A compact Cheyenne place vignette based on the profile’s sourced attraction: Cheyenne Depot Museum — railroad history in the restored Union Pacific depot. Keep signs, maps, plaques and building lettering blank for overlays. Do not invent a disaster or closure.",0,needs_art_catalog_mapping
PROFILE-07,,,Town profiles,Shared,Chicago,reference_or_functional,false,profile-07-scene,"A compact Chicago place vignette based on the profile’s sourced attraction: Millennium Park’s Cloud Gate reflects the Chicago skyline in a polished steel sculpture. Keep signs, maps, plaques and building lettering blank for overlays. Do not invent a disaster or closure.",0,needs_art_catalog_mapping
PROFILE-08,,,Town profiles,Shared,Cleveland,reference_or_functional,false,profile-08-scene,"A compact Cleveland place vignette based on the profile’s sourced attraction: The Cuyahoga empties into Lake Erie at Cleveland. Its 1969 fire helped galvanize the national water-pollution response. Keep signs, maps, plaques and building lettering blank for overlays. Do not invent a disaster or closure.",0,needs_art_catalog_mapping
PROFILE-09,,,Town profiles,Shared,Columbia,reference_or_functional,false,profile-09-scene,"A compact Columbia place vignette based on the profile’s sourced attraction: The MKT Trail follows an old railroad bed from downtown Columbia to the Katy Trail near McBaine. Keep signs, maps, plaques and building lettering blank for overlays. Do not invent a disaster or closure.",0,needs_art_catalog_mapping
PROFILE-10,,,Town profiles,Shared,Cumberland,reference_or_functional,false,profile-10-scene,"A compact Cumberland place vignette based on the profile’s sourced attraction: The C&O Canal reached Cumberland in 1850. Today its towpath meets the Great Allegheny Passage here. Keep signs, maps, plaques and building lettering blank for overlays. Do not invent a disaster or closure.",0,needs_art_catalog_mapping
PROFILE-11,,,Town profiles,Shared,D.C.,reference_or_functional,false,profile-11-scene,"A compact D.C. place vignette based on the profile’s sourced attraction: The C&O Canal connected communities along the Potomac with markets in D.C.; it carried coal, lumber and farm products. Keep signs, maps, plaques and building lettering blank for overlays. Do not invent a disaster or closure.",0,needs_art_catalog_mapping
PROFILE-12,,,Town profiles,Shared,Dallas,reference_or_functional,false,profile-12-scene,"A compact Dallas place vignette based on the profile’s sourced attraction: Fair Park preserves a major collection of 1930s Art Deco architecture, with museums and public art. Keep signs, maps, plaques and building lettering blank for overlays. Do not invent a disaster or closure.",0,needs_art_catalog_mapping
PROFILE-13,,,Town profiles,Shared,Denver,reference_or_functional,false,profile-13-scene,"A compact Denver place vignette based on the profile’s sourced attraction: Denver’s mile-high elevation is commemorated on the west steps of the Colorado State Capitol. Keep signs, maps, plaques and building lettering blank for overlays. Do not invent a disaster or closure.",0,needs_art_catalog_mapping
PROFILE-14,,,Town profiles,Shared,Des Moines,reference_or_functional,false,profile-14-scene,"A compact Des Moines place vignette based on the profile’s sourced attraction: The Pappajohn Sculpture Park opened in downtown Des Moines in 2009, on 4.4 acres. Keep signs, maps, plaques and building lettering blank for overlays. Do not invent a disaster or closure.",0,needs_art_catalog_mapping
PROFILE-15,,,Town profiles,Shared,El Paso,reference_or_functional,false,profile-15-scene,"A compact El Paso place vignette based on the profile’s sourced attraction: Chamizal National Memorial — the peaceful settlement of a U.S.–Mexico boundary dispute. Keep signs, maps, plaques and building lettering blank for overlays. Do not invent a disaster or closure.",0,needs_art_catalog_mapping
PROFILE-16,,,Town profiles,Shared,Flagstaff,reference_or_functional,false,profile-16-scene,"A compact Flagstaff place vignette based on the profile’s sourced attraction: Lowell Observatory — the observatory where Pluto was discovered. Keep signs, maps, plaques and building lettering blank for overlays. Do not invent a disaster or closure.",0,needs_art_catalog_mapping
PROFILE-17,,,Town profiles,Shared,Frederick,reference_or_functional,false,profile-17-scene,"A compact Frederick place vignette based on the profile’s sourced attraction: Downtown Frederick is known for its clustered church spires. Keep signs, maps, plaques and building lettering blank for overlays. Do not invent a disaster or closure.",0,needs_art_catalog_mapping
PROFILE-18,,,Town profiles,Shared,Hagerstown,reference_or_functional,false,profile-18-scene,"A compact Hagerstown place vignette based on the profile’s sourced attraction: Jonathan Hager founded the settlement in 1762. His house survives as a city museum. Keep signs, maps, plaques and building lettering blank for overlays. Do not invent a disaster or closure.",0,needs_art_catalog_mapping
PROFILE-19,,,Town profiles,Shared,Iowa City,reference_or_functional,false,profile-19-scene,"A compact Iowa City place vignette based on the profile’s sourced attraction: Iowa City became a UNESCO City of Literature in November 2008, the first such city in the United States. Keep signs, maps, plaques and building lettering blank for overlays. Do not invent a disaster or closure.",0,needs_art_catalog_mapping
PROFILE-20,,,Town profiles,Shared,Joplin,reference_or_functional,false,profile-20-scene,"A compact Joplin place vignette based on the profile’s sourced attraction: Joplin grew as a lead and zinc mining town. Its history museum preserves that mining heritage. Keep signs, maps, plaques and building lettering blank for overlays. Do not invent a disaster or closure.",0,needs_art_catalog_mapping
PROFILE-21,,,Town profiles,Shared,Kansas City,reference_or_functional,false,profile-21-scene,"A compact Kansas City place vignette based on the profile’s sourced attraction: Kansas City’s many public fountains gave it the nickname City of Fountains. Keep signs, maps, plaques and building lettering blank for overlays. Do not invent a disaster or closure.",0,needs_art_catalog_mapping
PROFILE-22,,,Town profiles,Shared,La Crosse,reference_or_functional,false,profile-22-scene,"A compact La Crosse place vignette based on the profile’s sourced attraction: Riverside Park looks over the Mississippi River; its International Friendship Gardens include plants from around the world. Keep signs, maps, plaques and building lettering blank for overlays. Do not invent a disaster or closure.",0,needs_art_catalog_mapping
PROFILE-23,,,Town profiles,Shared,Las Vegas,reference_or_functional,false,profile-23-scene,"A compact Las Vegas place vignette based on the profile’s sourced attraction: The Neon Museum — rescued signs from Las Vegas history. Keep signs, maps, plaques and building lettering blank for overlays. Do not invent a disaster or closure.",0,needs_art_catalog_mapping
PROFILE-24,,,Town profiles,Shared,Los Angeles,reference_or_functional,false,profile-24-scene,"A compact Los Angeles place vignette based on the profile’s sourced attraction: Griffith Observatory — astronomy and views across the city. Keep signs, maps, plaques and building lettering blank for overlays. Do not invent a disaster or closure.",0,needs_art_catalog_mapping
PROFILE-25,,,Town profiles,Shared,Madison,reference_or_functional,false,profile-25-scene,"A compact Madison place vignette based on the profile’s sourced attraction: Downtown Madison occupies an isthmus between Lakes Mendota and Monona. Keep signs, maps, plaques and building lettering blank for overlays. Do not invent a disaster or closure.",0,needs_art_catalog_mapping
PROFILE-26,,,Town profiles,Shared,Minneapolis,reference_or_functional,false,profile-26-scene,"A compact Minneapolis place vignette based on the profile’s sourced attraction: The Stone Arch Bridge opened in 1883 as a railroad bridge and later became a walking and cycling crossing. Keep signs, maps, plaques and building lettering blank for overlays. Do not invent a disaster or closure.",0,needs_art_catalog_mapping
PROFILE-27,,,Town profiles,Shared,Missoula,reference_or_functional,false,profile-27-scene,"A compact Missoula place vignette based on the profile’s sourced attraction: A Carousel for Missoula — a community-built, hand-carved carousel. Keep signs, maps, plaques and building lettering blank for overlays. Do not invent a disaster or closure.",0,needs_art_catalog_mapping
PROFILE-28,,,Town profiles,Shared,North Platte,reference_or_functional,false,profile-28-scene,"A compact North Platte place vignette based on the profile’s sourced attraction: Union Pacific’s Bailey Yard in North Platte is a major rail sorting hub, with 315 miles of track. Keep signs, maps, plaques and building lettering blank for overlays. Do not invent a disaster or closure.",0,needs_art_catalog_mapping
PROFILE-29,,,Town profiles,Shared,Oklahoma City,reference_or_functional,false,profile-29-scene,"A compact Oklahoma City place vignette based on the profile’s sourced attraction: The Bricktown Canal was one of nine projects in the original MAPS initiative approved by voters in 1993. Keep signs, maps, plaques and building lettering blank for overlays. Do not invent a disaster or closure.",0,needs_art_catalog_mapping
PROFILE-30,,,Town profiles,Shared,Omaha,reference_or_functional,false,profile-30-scene,"A compact Omaha place vignette based on the profile’s sourced attraction: The Bob Kerrey Pedestrian Bridge crosses the Missouri River between Nebraska and Iowa. Keep signs, maps, plaques and building lettering blank for overlays. Do not invent a disaster or closure.",0,needs_art_catalog_mapping
PROFILE-31,,,Town profiles,Shared,Phoenix,reference_or_functional,false,profile-31-scene,"A compact Phoenix place vignette based on the profile’s sourced attraction: Heard Museum — American Indian art and culture. Keep signs, maps, plaques and building lettering blank for overlays. Do not invent a disaster or closure.",0,needs_art_catalog_mapping
PROFILE-32,,,Town profiles,Shared,Pittsburgh,reference_or_functional,false,profile-32-scene,"A compact Pittsburgh place vignette based on the profile’s sourced attraction: Pittsburgh’s Three Rivers Water Trail provides access to the Allegheny, Monongahela and Ohio rivers. Keep signs, maps, plaques and building lettering blank for overlays. Do not invent a disaster or closure.",0,needs_art_catalog_mapping
PROFILE-33,,,Town profiles,Shared,Portland,reference_or_functional,false,profile-33-scene,"A compact Portland place vignette based on the profile’s sourced attraction: Washington Park — gardens, museums and wooded trails. Keep signs, maps, plaques and building lettering blank for overlays. Do not invent a disaster or closure.",0,needs_art_catalog_mapping
PROFILE-34,,,Town profiles,Shared,Rapid City,reference_or_functional,false,profile-34-scene,"A compact Rapid City place vignette based on the profile’s sourced attraction: Nearby Mount Rushmore — the carved granite memorial in the Black Hills. Keep signs, maps, plaques and building lettering blank for overlays. Do not invent a disaster or closure.",0,needs_art_catalog_mapping
PROFILE-35,,,Town profiles,Shared,Reno,reference_or_functional,false,profile-35-scene,"A compact Reno place vignette based on the profile’s sourced attraction: National Automobile Museum — historic cars and recreated street scenes. Keep signs, maps, plaques and building lettering blank for overlays. Do not invent a disaster or closure.",0,needs_art_catalog_mapping
PROFILE-36,,,Town profiles,Shared,Sacramento,reference_or_functional,false,profile-36-scene,"A compact Sacramento place vignette based on the profile’s sourced attraction: California State Railroad Museum — locomotives and the story of western rail. Keep signs, maps, plaques and building lettering blank for overlays. Do not invent a disaster or closure.",0,needs_art_catalog_mapping
PROFILE-37,,,Town profiles,Shared,Salt Lake City,reference_or_functional,false,profile-37-scene,"A compact Salt Lake City place vignette based on the profile’s sourced attraction: Natural History Museum of Utah — fossils and the landscapes of the Intermountain West. Keep signs, maps, plaques and building lettering blank for overlays. Do not invent a disaster or closure.",0,needs_art_catalog_mapping
PROFILE-38,,,Town profiles,Shared,San Antonio,reference_or_functional,false,profile-38-scene,"A compact San Antonio place vignette based on the profile’s sourced attraction: San Antonio Missions — historic mission sites along the river. Keep signs, maps, plaques and building lettering blank for overlays. Do not invent a disaster or closure.",0,needs_art_catalog_mapping
PROFILE-39,,,Town profiles,Shared,San Diego,reference_or_functional,false,profile-39-scene,"A compact San Diego place vignette based on the profile’s sourced attraction: Balboa Park — museums, gardens and Spanish Colonial Revival architecture. Keep signs, maps, plaques and building lettering blank for overlays. Do not invent a disaster or closure.",0,needs_art_catalog_mapping
PROFILE-40,,,Town profiles,Shared,San Francisco,reference_or_functional,false,profile-40-scene,"A compact San Francisco place vignette based on the profile’s sourced attraction: The Presidio — a former military post turned national park site. Keep signs, maps, plaques and building lettering blank for overlays. Do not invent a disaster or closure.",0,needs_art_catalog_mapping
PROFILE-41,,,Town profiles,Shared,Seattle,reference_or_functional,false,profile-41-scene,"A compact Seattle place vignette based on the profile’s sourced attraction: Pike Place Market — the waterfront public market. Keep signs, maps, plaques and building lettering blank for overlays. Do not invent a disaster or closure.",0,needs_art_catalog_mapping
PROFILE-42,,,Town profiles,Shared,Sioux Falls,reference_or_functional,false,profile-42-scene,"A compact Sioux Falls place vignette based on the profile’s sourced attraction: Falls Park — the waterfalls of the Big Sioux River. Keep signs, maps, plaques and building lettering blank for overlays. Do not invent a disaster or closure.",0,needs_art_catalog_mapping
PROFILE-43,,,Town profiles,Shared,South Bend,reference_or_functional,false,profile-43-scene,"A compact South Bend place vignette based on the profile’s sourced attraction: South Bend’s East Race Waterway is an urban whitewater course. The city announced it would be closed for upgrades in the 2026 season. Keep signs, maps, plaques and building lettering blank for overlays. Do not invent a disaster or closure.",0,needs_art_catalog_mapping
PROFILE-44,,,Town profiles,Shared,Spokane,reference_or_functional,false,profile-44-scene,"A compact Spokane place vignette based on the profile’s sourced attraction: Riverfront Park — Spokane Falls and the former world’s fair grounds. Keep signs, maps, plaques and building lettering blank for overlays. Do not invent a disaster or closure.",0,needs_art_catalog_mapping
PROFILE-45,,,Town profiles,Shared,"Springfield, IL",reference_or_functional,false,profile-45-scene,"A compact Springfield, IL place vignette based on the profile’s sourced attraction: Abraham Lincoln bought the Springfield house at Eighth and Jackson Streets in 1844 and left for D.C. in 1861. Keep signs, maps, plaques and building lettering blank for overlays. Do not invent a disaster or closure.",0,needs_art_catalog_mapping
PROFILE-46,,,Town profiles,Shared,"Springfield, MO",reference_or_functional,false,profile-46-scene,"A compact Springfield, MO place vignette based on the profile’s sourced attraction: The name Route 66 was proposed from Springfield on April 30, 1926. Keep signs, maps, plaques and building lettering blank for overlays. Do not invent a disaster or closure.",0,needs_art_catalog_mapping
PROFILE-47,,,Town profiles,Shared,St. Louis,reference_or_functional,false,profile-47-scene,"A compact St. Louis place vignette based on the profile’s sourced attraction: The Gateway Arch is 630 feet tall and equally wide at ground level. Keep signs, maps, plaques and building lettering blank for overlays. Do not invent a disaster or closure.",0,needs_art_catalog_mapping
PROFILE-48,,,Town profiles,Shared,Toledo,reference_or_functional,false,profile-48-scene,"A compact Toledo place vignette based on the profile’s sourced attraction: Glass City Center stands in downtown Toledo, a short block from the Maumee River and about six miles from Lake Erie. Keep signs, maps, plaques and building lettering blank for overlays. Do not invent a disaster or closure.",0,needs_art_catalog_mapping
PROFILE-49,,,Town profiles,Shared,Tucson,reference_or_functional,false,profile-49-scene,"A compact Tucson place vignette based on the profile’s sourced attraction: Saguaro National Park — giant cacti on both sides of Tucson. Keep signs, maps, plaques and building lettering blank for overlays. Do not invent a disaster or closure.",0,needs_art_catalog_mapping
PROFILE-50,,,Town profiles,Shared,Tulsa,reference_or_functional,false,profile-50-scene,"A compact Tulsa place vignette based on the profile’s sourced attraction: Tulsa’s 11th Street bridge crossed the Arkansas River in 1917; it was renamed for Route 66 advocate Cyrus Avery in 2004. Keep signs, maps, plaques and building lettering blank for overlays. Do not invent a disaster or closure.",0,needs_art_catalog_mapping
PROFILE-51,,,Town profiles,Shared,Waco,reference_or_functional,false,profile-51-scene,"A compact Waco place vignette based on the profile’s sourced attraction: Waco Mammoth National Monument preserves a nursery herd of Columbian mammoths, including females and young. Keep signs, maps, plaques and building lettering blank for overlays. Do not invent a disaster or closure.",0,needs_art_catalog_mapping
REPAIR-ALTERNATOR-A,REPAIR-ALTERNATOR,A,Breakdown and repair packages,Shared,,compatible_narrative,true,repair-alternator-a-scene,Traveler calls a mechanic beside the stopped van; a blank part quote and a small wallet lie by the exposed alternator.,0,needs_art_catalog_mapping
REPAIR-ALTERNATOR-B,REPAIR-ALTERNATOR,B,Breakdown and repair packages,Shared,,compatible_narrative,false,repair-alternator-b-scene,Failed alternator framed beneath the open hood; multiple unlettered cables lead from it toward the van’s devices.,0,needs_art_catalog_mapping
REPAIR-ALTERNATOR-C,REPAIR-ALTERNATOR,C,Breakdown and repair packages,Shared,,compatible_narrative,false,repair-alternator-c-scene,Travelers study the failed alternator beside a radio carrying an unseen fundraiser announcement; no invented dinner attendance.,0,needs_art_catalog_mapping
REPAIR-BATTERY-A,REPAIR-BATTERY,A,Breakdown and repair packages,Shared,,compatible_narrative,true,repair-battery-a-scene,Open hood above the dead battery; a traveler holds a blank notepad like an absurd performance appraisal. Do not show a fitted replacement yet.,0,needs_art_catalog_mapping
REPAIR-BATTERY-B,REPAIR-BATTERY,B,Breakdown and repair packages,Shared,,compatible_narrative,false,repair-battery-b-scene,"Dark dashboard, silent radio and a phone still playing a speech beside an open hood. All displays blank for overlays.",0,needs_art_catalog_mapping
REPAIR-BATTERY-C,REPAIR-BATTERY,C,Breakdown and repair packages,Shared,,compatible_narrative,false,repair-battery-c-scene,"Two clearly visible battery terminals beneath the van’s open hood, with a traveler glancing from them toward a blank radio.",0,needs_art_catalog_mapping
REPAIR-FUELPUMP-A,REPAIR-FUELPUMP,A,Breakdown and repair packages,Shared,,compatible_narrative,true,repair-fuelpump-a-scene,Stopped van with a fuel-pump diagram on a blank repair sheet; traveler points between the actual tank area and engine. No spilling fuel.,0,needs_art_catalog_mapping
REPAIR-FUELPUMP-B,REPAIR-FUELPUMP,B,Breakdown and repair packages,Shared,,compatible_narrative,false,repair-fuelpump-b-scene,"Traveler holds a blank pump quote beside the stopped van, with the empty tool position and closed wallet making the unresolved repair clear.",0,needs_art_catalog_mapping
REPAIR-FUELPUMP-C,REPAIR-FUELPUMP,C,Breakdown and repair packages,Shared,,compatible_narrative,false,repair-fuelpump-c-scene,"Traveler peers skeptically at the harmless tailpipe before returning to a blank fuel-system diagram; the van is safely stopped, with no leak or explosion.",0,needs_art_catalog_mapping
REPAIR-TIRE-A,REPAIR-TIRE,A,Breakdown and repair packages,Shared,,compatible_narrative,true,repair-tire-a-scene,Stopped van with a failed tire below a blank luxury political billboard. A strip of tread lies beneath the smiling suited figure.,0,needs_art_catalog_mapping
REPAIR-TIRE-B,REPAIR-TIRE,B,Breakdown and repair packages,Shared,,compatible_narrative,false,repair-tire-b-scene,"Traveler compares a blown tire with a blank quote on a phone; tire, wallet and waiting van form the scene.",0,needs_art_catalog_mapping
REPAIR-TIRE-C,REPAIR-TIRE,C,Breakdown and repair packages,Shared,,compatible_narrative,false,repair-tire-c-scene,Traveler points to the good side of the van’s visibly failed tire. The tire remains attached and the repair unresolved.,0,needs_art_catalog_mapping
SHOP-ALTERNATOR,,,Shop-item descriptions,Shared,alternator,reference_or_functional,false,shop-alternator-scene,"Clean inventory cutout of Alternator on a plain background, matching the game’s pixel-art inventory style. No purchase, installation or consumption is implied; labels and quantity are editable overlays.",0,needs_art_catalog_mapping
SHOP-BATTERY,,,Shop-item descriptions,Shared,battery,reference_or_functional,false,shop-battery-scene,"Clean inventory cutout of Battery on a plain background, matching the game’s pixel-art inventory style. No purchase, installation or consumption is implied; labels and quantity are editable overlays.",0,needs_art_catalog_mapping
SHOP-COATS,,,Shop-item descriptions,Shared,coats,reference_or_functional,false,shop-coats-scene,"Clean inventory cutout of Warm Coats on a plain background, matching the game’s pixel-art inventory style. No purchase, installation or consumption is implied; labels and quantity are editable overlays.",0,needs_art_catalog_mapping
SHOP-FUEL_PUMP,,,Shop-item descriptions,Shared,fuel_pump,reference_or_functional,false,shop-fuel_pump-scene,"Clean inventory cutout of Fuel Pump on a plain background, matching the game’s pixel-art inventory style. No purchase, installation or consumption is implied; labels and quantity are editable overlays.",0,needs_art_catalog_mapping
SHOP-LEGAL_FUND,,,Shop-item descriptions,Shared,legal_fund,reference_or_functional,false,shop-legal_fund-scene,"Clean inventory cutout of Legal Fund on a plain background, matching the game’s pixel-art inventory style. No purchase, installation or consumption is implied; labels and quantity are editable overlays.",0,needs_art_catalog_mapping
SHOP-MASKS,,,Shop-item descriptions,Shared,masks,reference_or_functional,false,shop-masks-scene,"Clean inventory cutout of Masks on a plain background, matching the game’s pixel-art inventory style. No purchase, installation or consumption is implied; labels and quantity are editable overlays.",0,needs_art_catalog_mapping
SHOP-PONCHOS,,,Shop-item descriptions,Shared,ponchos,reference_or_functional,false,shop-ponchos-scene,"Clean inventory cutout of Ponchos on a plain background, matching the game’s pixel-art inventory style. No purchase, installation or consumption is implied; labels and quantity are editable overlays.",0,needs_art_catalog_mapping
SHOP-PRESS_PASS,,,Shop-item descriptions,Shared,press_pass,reference_or_functional,false,shop-press_pass-scene,"Clean inventory cutout of Press Pass on a plain background, matching the game’s pixel-art inventory style. No purchase, installation or consumption is implied; labels and quantity are editable overlays.",0,needs_art_catalog_mapping
SHOP-RATIONS,,,Shop-item descriptions,Shared,rations,reference_or_functional,false,shop-rations-scene,"Clean inventory cutout of Rations Pack on a plain background, matching the game’s pixel-art inventory style. No purchase, installation or consumption is implied; labels and quantity are editable overlays.",0,needs_art_catalog_mapping
SHOP-SPARE_TIRE,,,Shop-item descriptions,Shared,spare_tire,reference_or_functional,false,shop-spare_tire-scene,"Clean inventory cutout of Spare Tire on a plain background, matching the game’s pixel-art inventory style. No purchase, installation or consumption is implied; labels and quantity are editable overlays.",0,needs_art_catalog_mapping
SHOP-WATER,,,Shop-item descriptions,Shared,water,reference_or_functional,false,shop-water-scene,"Clean inventory cutout of Water Jugs on a plain background, matching the game’s pixel-art inventory style. No purchase, installation or consumption is implied; labels and quantity are editable overlays.",0,needs_art_catalog_mapping
TOWN-01-A,TOWN-01,A,Town conversations,Shared,Albuquerque,compatible_narrative,true,TOWN-01-A-SCENE,"At an Albuquerque bus stop, a warehouse picker studies the crew’s walking route.",0,needs_art_catalog_mapping
TOWN-01-B,TOWN-01,B,Town conversations,Shared,Albuquerque,compatible_narrative,false,TOWN-01-B-SCENE,"Outside an Albuquerque laundromat, a retired machinist discusses the city’s lawsuit while the crew waits for dry clothes.",0,needs_art_catalog_mapping
TOWN-01-C,TOWN-01,C,Town conversations,Shared,Albuquerque,compatible_narrative,false,TOWN-01-C-SCENE,"Outside an Albuquerque rental office, a grounds worker compares notices with the travelers.",0,needs_art_catalog_mapping
TOWN-02-A,TOWN-02,A,Town conversations,Shared,Amarillo,compatible_narrative,true,TOWN-02-A-SCENE,"At an Amarillo grocery picnic table, a feed-store loader notices the crew dividing a sandwich.",0,needs_art_catalog_mapping
TOWN-02-B,TOWN-02,B,Town conversations,Shared,Amarillo,compatible_narrative,false,TOWN-02-B-SCENE,"At an Amarillo diner counter, a delivery driver reads a Pantex audit beside the travelers.",0,needs_art_catalog_mapping
TOWN-02-C,TOWN-02,C,Town conversations,Shared,Amarillo,compatible_narrative,false,TOWN-02-C-SCENE,"While the van cools in Amarillo, an appliance repairer recalls the nuclear-worker firings.",0,needs_art_catalog_mapping
TOWN-03-A,TOWN-03,A,Town conversations,Shared,Austin,compatible_narrative,true,TOWN-03-A-SCENE,"Outside an Austin library, a retired delivery driver tells the travelers why a veterans’ reading group paused.",0,needs_art_catalog_mapping
TOWN-03-B,TOWN-03,B,Town conversations,Shared,Austin,compatible_narrative,false,TOWN-03-B-SCENE,"At an Austin discount store, a teacher compares classroom supplies with the travelers’ grocery money.",0,needs_art_catalog_mapping
TOWN-03-C,TOWN-03,C,Town conversations,Shared,Austin,compatible_narrative,false,TOWN-03-C-SCENE,"At an Austin bus stop, a cafeteria worker asks where the travelers’ protest trip is headed.",0,needs_art_catalog_mapping
TOWN-04-A,TOWN-04,A,Town conversations,Shared,Billings,compatible_narrative,true,TOWN-04-A-SCENE,"At a Billings supermarket, a shelf stocker compares a protein bar with a pastry beside the travelers.",0,needs_art_catalog_mapping
TOWN-04-B,TOWN-04,B,Town conversations,Shared,Billings,compatible_narrative,false,TOWN-04-B-SCENE,"Outside a Billings apartment building, a cleaner checks a state tax notice while the travelers ask directions.",0,needs_art_catalog_mapping
TOWN-04-C,TOWN-04,C,Town conversations,Shared,Billings,compatible_narrative,false,TOWN-04-C-SCENE,"Near a Billings public building, a seamstress waits beside the travelers with some mending.",0,needs_art_catalog_mapping
TOWN-05-A,TOWN-05,A,Town conversations,Shared,Boise,compatible_narrative,true,TOWN-05-A-SCENE,"At a Boise laundromat, a university mailroom worker reads an old funding update beside the travelers.",0,needs_art_catalog_mapping
TOWN-05-B,TOWN-05,B,Town conversations,Shared,Boise,compatible_narrative,false,TOWN-05-B-SCENE,"Outside Boise City Hall, a delivery rider tells the travelers about the 2025 flag dispute.",0,needs_art_catalog_mapping
TOWN-05-C,TOWN-05,C,Town conversations,Shared,Boise,compatible_narrative,false,TOWN-05-C-SCENE,"At a Boise grocery store, a classroom aide compares fundraiser cookies with the travelers’ cheap lunch.",0,needs_art_catalog_mapping
TOWN-06-A,TOWN-06,A,Town conversations,Shared,Cheyenne,compatible_narrative,true,TOWN-06-A-SCENE,"At a Cheyenne hardware store, a roofer discusses a state press release with the travelers.",0,needs_art_catalog_mapping
TOWN-06-B,TOWN-06,B,Town conversations,Shared,Cheyenne,compatible_narrative,false,TOWN-06-B-SCENE,"At a Cheyenne copy shop, a shift worker waits beside the travelers with some registration paperwork.",0,needs_art_catalog_mapping
TOWN-06-C,TOWN-06,C,Town conversations,Shared,Cheyenne,compatible_narrative,false,TOWN-06-C-SCENE,"Near Wyoming’s Capitol, a roofer shares a lunch bench with the travelers.",0,needs_art_catalog_mapping
TOWN-07-A,TOWN-07,A,Town conversations,Shared,Chicago,compatible_narrative,true,TOWN-07-A-SCENE,"At a Chicago station entrance, a hotel cleaner compares train routes with the travelers.",0,needs_art_catalog_mapping
TOWN-07-B,TOWN-07,B,Town conversations,Shared,Chicago,compatible_narrative,false,TOWN-07-B-SCENE,"At a Chicago corner store, a delivery driver discusses Trump’s attempted Guard deployment with the travelers.",0,needs_art_catalog_mapping
TOWN-07-C,TOWN-07,C,Town conversations,Shared,Chicago,compatible_narrative,false,TOWN-07-C-SCENE,"At a Chicago bus stop, a grocery clerk counts change beside the travelers.",0,needs_art_catalog_mapping
TOWN-08-A,TOWN-08,A,Town conversations,Shared,Cleveland,compatible_narrative,true,TOWN-08-A-SCENE,"Outside a Cleveland school, a lunchroom worker talks with the travelers during dismissal.",0,needs_art_catalog_mapping
TOWN-08-B,TOWN-08,B,Town conversations,Shared,Cleveland,compatible_narrative,false,TOWN-08-B-SCENE,"On a Cleveland riverwalk, a dock worker recalls the Cuyahoga fires as the travelers stop for water.",0,needs_art_catalog_mapping
TOWN-08-C,TOWN-08,C,Town conversations,Shared,Cleveland,compatible_narrative,false,TOWN-08-C-SCENE,"At a Cleveland riverside bench, a retired sewer worker shares lunch space with the travelers.",0,needs_art_catalog_mapping
TOWN-09-A,TOWN-09,A,Town conversations,Shared,Columbia,compatible_narrative,true,TOWN-09-A-SCENE,"At a Columbia laundromat, a restaurant dishwasher waits beside the travelers.",0,needs_art_catalog_mapping
TOWN-09-B,TOWN-09,B,Town conversations,Shared,Columbia,compatible_narrative,false,TOWN-09-B-SCENE,"At a Columbia grocery checkout, a retail stocker talks with the travelers while waiting in line.",0,needs_art_catalog_mapping
TOWN-09-C,TOWN-09,C,Town conversations,Shared,Columbia,compatible_narrative,false,TOWN-09-C-SCENE,"At a Columbia bus shelter, a janitor opens a pay envelope beside the travelers.",0,needs_art_catalog_mapping
TOWN-10-A,TOWN-10,A,Town conversations,Shared,Cumberland,compatible_narrative,true,TOWN-10-A-SCENE,"Beside Cumberland’s canal, a maintenance worker talks with the travelers over lunch.",0,needs_art_catalog_mapping
TOWN-10-B,TOWN-10,B,Town conversations,Shared,Cumberland,compatible_narrative,false,TOWN-10-B-SCENE,"At Cumberland’s canal terminus, a delivery driver compares the travelers’ map with the waterway.",0,needs_art_catalog_mapping
TOWN-10-C,TOWN-10,C,Town conversations,Shared,Cumberland,compatible_narrative,false,TOWN-10-C-SCENE,"At a Cumberland supermarket, a home-care aide discusses Maryland’s leave timetable with the travelers.",0,needs_art_catalog_mapping
TOWN-11-A,TOWN-11,A,Town conversations,Shared,Dallas,compatible_narrative,true,TOWN-11-A-SCENE,"Outside a Dallas medical campus, a lab cleaner shares a shaded lunch table.",0,needs_art_catalog_mapping
TOWN-11-B,TOWN-11,B,Town conversations,Shared,Dallas,compatible_narrative,false,TOWN-11-B-SCENE,"At a Dallas laundromat, a renter compares housing costs while the van blankets dry.",0,needs_art_catalog_mapping
TOWN-11-C,TOWN-11,C,Town conversations,Shared,Dallas,compatible_narrative,false,TOWN-11-C-SCENE,"Near Fair Park, a custodian chats with you during a food break.",0,needs_art_catalog_mapping
TOWN-12-A,TOWN-12,A,Town conversations,Shared,Denver,compatible_narrative,true,TOWN-12-A-SCENE,"At a Denver bus shelter, a kitchen worker tells you about the city’s unpaid federal bill.",0,needs_art_catalog_mapping
TOWN-12-B,TOWN-12,B,Town conversations,Shared,Denver,compatible_narrative,false,TOWN-12-B-SCENE,"Over food outside a Denver grocery, a warehouse worker explains Colorado’s extra union ballot.",0,needs_art_catalog_mapping
TOWN-12-C,TOWN-12,C,Town conversations,Shared,Denver,compatible_narrative,false,TOWN-12-C-SCENE,"Near the Denver Mint, a grocery clerk compares the coins in your palms.",0,needs_art_catalog_mapping
TOWN-13-A,TOWN-13,A,Town conversations,Shared,Des Moines,compatible_narrative,true,TOWN-13-A-SCENE,"At a Des Moines produce stall, a delivery worker points to the unsold apples.",0,needs_art_catalog_mapping
TOWN-13-B,TOWN-13,B,Town conversations,Shared,Des Moines,compatible_narrative,false,TOWN-13-B-SCENE,"At a Des Moines diner, a parent unfolds a teenager’s work schedule beside the homework.",0,needs_art_catalog_mapping
TOWN-13-C,TOWN-13,C,Town conversations,Shared,Des Moines,compatible_narrative,false,TOWN-13-C-SCENE,"At a Des Moines grocery exit, a school cook pauses beside your modest food purchase.",0,needs_art_catalog_mapping
TOWN-14-A,TOWN-14,A,Town conversations,Shared,El Paso,compatible_narrative,true,TOWN-14-A-SCENE,"At an El Paso food stand, a delivery driver describes the new military border zone.",0,needs_art_catalog_mapping
TOWN-14-B,TOWN-14,B,Town conversations,Shared,El Paso,compatible_narrative,false,TOWN-14-B-SCENE,"At an El Paso park bench, a maintenance worker explains why the border settlement moved families.",0,needs_art_catalog_mapping
TOWN-14-C,TOWN-14,C,Town conversations,Shared,El Paso,compatible_narrative,false,TOWN-14-C-SCENE,"At an El Paso grocery exit, a stocker watches you total the cost of some supplies.",0,needs_art_catalog_mapping
TOWN-15-A,TOWN-15,A,Town conversations,Shared,Flagstaff,compatible_narrative,true,TOWN-15-A-SCENE,"At a Flagstaff picnic table, a plumber hears you discussing water for the next stretch.",0,needs_art_catalog_mapping
TOWN-15-B,TOWN-15,B,Town conversations,Shared,Flagstaff,compatible_narrative,false,TOWN-15-B-SCENE,"Outside a Flagstaff stargazing event, a mechanic steadies a battered amateur telescope.",0,needs_art_catalog_mapping
TOWN-15-C,TOWN-15,C,Town conversations,Shared,Flagstaff,compatible_narrative,false,TOWN-15-C-SCENE,"On a Flagstaff evening walk, a night cleaner stops where the stars show above the shops.",0,needs_art_catalog_mapping
TOWN-16-A,TOWN-16,A,Town conversations,Shared,Frederick,compatible_narrative,true,TOWN-16-A-SCENE,"At a Frederick sandwich counter, a hospital porter discusses Trump’s announced federal health cuts.",0,needs_art_catalog_mapping
TOWN-16-B,TOWN-16,B,Town conversations,Shared,Frederick,compatible_narrative,false,TOWN-16-B-SCENE,"At a Frederick laundromat, a cleaner compares rental applications while your clothes tumble.",0,needs_art_catalog_mapping
TOWN-16-C,TOWN-16,C,Town conversations,Shared,Frederick,compatible_narrative,false,TOWN-16-C-SCENE,"At a Frederick grocery bench, a care worker checks next month’s family calendar.",0,needs_art_catalog_mapping
TOWN-17-A,TOWN-17,A,Town conversations,Shared,Hagerstown,compatible_narrative,true,TOWN-17-A-SCENE,"Outside a Hagerstown post office, an off-duty carrier talks while you sort postcards.",0,needs_art_catalog_mapping
TOWN-17-B,TOWN-17,B,Town conversations,Shared,Hagerstown,compatible_narrative,false,TOWN-17-B-SCENE,"At a Hagerstown repair shop’s public bench, a bookkeeper waits with a stubborn laptop.",0,needs_art_catalog_mapping
TOWN-17-C,TOWN-17,C,Town conversations,Shared,Hagerstown,compatible_narrative,false,TOWN-17-C-SCENE,"Outside Hagerstown’s aviation museum, a retired machinist talks while you eat some food.",0,needs_art_catalog_mapping
TOWN-18-A,TOWN-18,A,Town conversations,Shared,Iowa City,compatible_narrative,true,TOWN-18-A-SCENE,"At an Iowa City café window, a dishwasher chats about the writing program’s lost grants.",0,needs_art_catalog_mapping
TOWN-18-B,TOWN-18,B,Town conversations,Shared,Iowa City,compatible_narrative,false,TOWN-18-B-SCENE,"Near the Iowa City campus, a cleaner points to an emptied office while taking a food break.",0,needs_art_catalog_mapping
TOWN-18-C,TOWN-18,C,Town conversations,Shared,Iowa City,compatible_narrative,false,TOWN-18-C-SCENE,"At an Iowa City grocery bench, a trans cook opens a rental renewal over lunch.",0,needs_art_catalog_mapping
TOWN-19-A,TOWN-19,A,Town conversations,Shared,Joplin,compatible_narrative,true,TOWN-19-A-SCENE,"At a Joplin neighborhood bench, a groundskeeper keeps muddy work boots away from your food.",0,needs_art_catalog_mapping
TOWN-19-B,TOWN-19,B,Town conversations,Shared,Joplin,compatible_narrative,false,TOWN-19-B-SCENE,"At a Joplin grocery exit, a cashier on break buys tissues beside your supplies.",0,needs_art_catalog_mapping
TOWN-19-C,TOWN-19,C,Town conversations,Shared,Joplin,compatible_narrative,false,TOWN-19-C-SCENE,"At a Joplin diner booth, a cleaner sorts pay slips beside a property-sale advertisement.",0,needs_art_catalog_mapping
TOWN-20-A,TOWN-20,A,Town conversations,Shared,Kansas City,compatible_narrative,true,TOWN-20-A-SCENE,"Outside a Kansas City food pantry, a delivery worker discusses a canceled federal order.",0,needs_art_catalog_mapping
TOWN-20-B,TOWN-20,B,Town conversations,Shared,Kansas City,compatible_narrative,false,TOWN-20-B-SCENE,"At a Kansas City streetcar platform, a cook notices you searching for fare money.",0,needs_art_catalog_mapping
TOWN-20-C,TOWN-20,C,Town conversations,Shared,Kansas City,compatible_narrative,false,TOWN-20-C-SCENE,"At a Kansas City food counter, a cleaner in a plain baseball cap recalls the stadium vote.",0,needs_art_catalog_mapping
TOWN-21-A,TOWN-21,A,Town conversations,Shared,La Crosse,compatible_narrative,true,TOWN-21-A-SCENE,"At a La Crosse riverside bench, a bait-shop worker pauses beside your water jug.",0,needs_art_catalog_mapping
TOWN-21-B,TOWN-21,B,Town conversations,Shared,La Crosse,compatible_narrative,false,TOWN-21-B-SCENE,"At a La Crosse café table, a nursing assistant recalls Wisconsin’s abortion-law fight.",0,needs_art_catalog_mapping
TOWN-21-C,TOWN-21,C,Town conversations,Shared,La Crosse,compatible_narrative,false,TOWN-21-C-SCENE,"At a La Crosse grocery bench, a warehouse worker retrieves an ID from a worn wallet.",0,needs_art_catalog_mapping
TOWN-22-A,TOWN-22,A,Town conversations,Shared,Las Vegas,compatible_narrative,true,TOWN-22-A-SCENE,"At a Las Vegas bus stop, a hotel housekeeper watches an almost empty airport shuttle pass.",0,needs_art_catalog_mapping
TOWN-22-B,TOWN-22,B,Town conversations,Shared,Las Vegas,compatible_narrative,false,TOWN-22-B-SCENE,"At a Las Vegas shaded water stop, a groundskeeper sets down a dusty rake.",0,needs_art_catalog_mapping
TOWN-22-C,TOWN-22,C,Town conversations,Shared,Las Vegas,compatible_narrative,false,TOWN-22-C-SCENE,"At a Las Vegas food court, an off-duty server checks a pay slip beside your lunch.",0,needs_art_catalog_mapping
TOWN-23-A,TOWN-23,A,Town conversations,Shared,Madison,compatible_narrative,true,TOWN-23-A-SCENE,"At a Madison campus bus stop, a lab technician watches you check the van’s spare tire.",0,needs_art_catalog_mapping
TOWN-23-B,TOWN-23,B,Town conversations,Shared,Madison,compatible_narrative,false,TOWN-23-B-SCENE,"At a Madison diner, a cleaner describes the billionaire advertising in Wisconsin’s court race.",0,needs_art_catalog_mapping
TOWN-23-C,TOWN-23,C,Town conversations,Shared,Madison,compatible_narrative,false,TOWN-23-C-SCENE,"At a Madison laundromat, a cook fishes an ID out of the clothes before washing.",0,needs_art_catalog_mapping
TOWN-24-A,TOWN-24,A,Town conversations,Shared,Minneapolis,compatible_narrative,true,TOWN-24-A-SCENE,"At a Minneapolis campus café patio, a lab cleaner shares a table with you.",0,needs_art_catalog_mapping
TOWN-24-B,TOWN-24,B,Town conversations,Shared,Minneapolis,compatible_narrative,false,TOWN-24-B-SCENE,"At a Minneapolis grocery bench, a delivery driver rocks a stroller while discussing leave.",0,needs_art_catalog_mapping
TOWN-24-C,TOWN-24,C,Town conversations,Shared,Minneapolis,compatible_narrative,false,TOWN-24-C-SCENE,"At a Minneapolis park table, a school cook eats after finishing the lunch shift.",0,needs_art_catalog_mapping
TOWN-25-A,TOWN-25,A,Town conversations,Shared,Missoula,compatible_narrative,true,TOWN-25-A-SCENE,"At a Missoula coffee counter, a university cleaner waits with a folded shift schedule.",0,needs_art_catalog_mapping
TOWN-25-B,TOWN-25,B,Town conversations,Shared,Missoula,compatible_narrative,false,TOWN-25-B-SCENE,"At a Missoula riverside rest, a maintenance worker points toward the Milltown area.",0,needs_art_catalog_mapping
TOWN-25-C,TOWN-25,C,Town conversations,Shared,Missoula,compatible_narrative,false,TOWN-25-C-SCENE,"Outside Fort Missoula’s museum, a delivery driver reads the detention exhibit with you.",0,needs_art_catalog_mapping
TOWN-26-A,TOWN-26,A,Town conversations,Shared,North Platte,compatible_narrative,true,TOWN-26-A-SCENE,"At a North Platte fuel stop, a farmhand checks the clouds while you fill the van.",0,needs_art_catalog_mapping
TOWN-26-B,TOWN-26,B,Town conversations,Shared,North Platte,compatible_narrative,false,TOWN-26-B-SCENE,"At a North Platte grocery bench, a school bus driver recalls the private-school funding vote.",0,needs_art_catalog_mapping
TOWN-26-C,TOWN-26,C,Town conversations,Shared,North Platte,compatible_narrative,false,TOWN-26-C-SCENE,"At a North Platte diner, a rail worker talks while a freight train passes outside.",0,needs_art_catalog_mapping
TOWN-27-A,TOWN-27,A,Town conversations,Shared,Oklahoma City,compatible_narrative,true,TOWN-27-A-SCENE,"Outside an Oklahoma City grocery, a pantry volunteer unloads some donated food.",0,needs_art_catalog_mapping
TOWN-27-B,TOWN-27,B,Town conversations,Shared,Oklahoma City,compatible_narrative,false,TOWN-27-B-SCENE,"At an Oklahoma City café patio, a school custodian describes the state’s Bible purchase.",0,needs_art_catalog_mapping
TOWN-27-C,TOWN-27,C,Town conversations,Shared,Oklahoma City,compatible_narrative,false,TOWN-27-C-SCENE,"At an Oklahoma City bus stop, a cafeteria worker talks about private-school tax credits.",0,needs_art_catalog_mapping
TOWN-28-A,TOWN-28,A,Town conversations,Shared,Omaha,compatible_narrative,true,TOWN-28-A-SCENE,"At an Omaha medical-campus bus stop, a cleaner discusses the proposed research-cost cap.",0,needs_art_catalog_mapping
TOWN-28-B,TOWN-28,B,Town conversations,Shared,Omaha,compatible_narrative,false,TOWN-28-B-SCENE,"At an Omaha riverside rest, a plumber talks while you rinse mud from your shoes.",0,needs_art_catalog_mapping
TOWN-28-C,TOWN-28,C,Town conversations,Shared,Omaha,compatible_narrative,false,TOWN-28-C-SCENE,"At an Omaha sandwich shop’s public bench, a clerk counts coworkers on their fingers.",0,needs_art_catalog_mapping
TOWN-29-A,TOWN-29,A,Town conversations,Shared,Phoenix,compatible_narrative,true,TOWN-29-A-SCENE,"At a Phoenix shaded food stop, a care worker discusses Arizona’s fight for federal money.",0,needs_art_catalog_mapping
TOWN-29-B,TOWN-29,B,Town conversations,Shared,Phoenix,compatible_narrative,false,TOWN-29-B-SCENE,"At a Phoenix laundromat, a cleaner checks a work schedule while your clothes dry.",0,needs_art_catalog_mapping
TOWN-29-C,TOWN-29,C,Town conversations,Shared,Phoenix,compatible_narrative,false,TOWN-29-C-SCENE,"At a Phoenix bus stop, a delivery worker shifts with the narrow shadow of a pole.",0,needs_art_catalog_mapping
TOWN-30-A,TOWN-30,A,Town conversations,Shared,Pittsburgh,compatible_narrative,true,TOWN-30-A-SCENE,"At a Pittsburgh campus food truck, a lab technician joins you at a standing table.",0,needs_art_catalog_mapping
TOWN-30-B,TOWN-30,B,Town conversations,Shared,Pittsburgh,compatible_narrative,false,TOWN-30-B-SCENE,"At a Pittsburgh diner exit, an off-duty server pockets a work schedule.",0,needs_art_catalog_mapping
TOWN-30-C,TOWN-30,C,Town conversations,Shared,Pittsburgh,compatible_narrative,false,TOWN-30-C-SCENE,"At a Pittsburgh overlook, a window cleaner rests beside your food bag.",0,needs_art_catalog_mapping
TOWN-31-A,TOWN-31,A,Town conversations,Shared,Rapid City,compatible_narrative,true,TOWN-31-A-SCENE,"At a Rapid City campground table, a cleaner compares park dates with your route.",0,needs_art_catalog_mapping
TOWN-31-B,TOWN-31,B,Town conversations,Shared,Rapid City,compatible_narrative,false,TOWN-31-B-SCENE,"At a Rapid City roadside overlook, a carpenter talks about the Black Hills treaty.",0,needs_art_catalog_mapping
TOWN-31-C,TOWN-31,C,Town conversations,Shared,Rapid City,compatible_narrative,false,TOWN-31-C-SCENE,"Outside a Rapid City library, a hotel worker compares reading plans with you.",0,needs_art_catalog_mapping
TOWN-32-A,TOWN-32,A,Town conversations,Shared,Reno,compatible_narrative,true,TOWN-32-A-SCENE,"At a Reno campus picnic table, a technician shifts a lunch cooler into the shade.",0,needs_art_catalog_mapping
TOWN-32-B,TOWN-32,B,Town conversations,Shared,Reno,compatible_narrative,false,TOWN-32-B-SCENE,"At a Reno laundromat, a retired cleaner compares a rental renewal with your travel budget.",0,needs_art_catalog_mapping
TOWN-32-C,TOWN-32,C,Town conversations,Shared,Reno,compatible_narrative,false,TOWN-32-C-SCENE,"At a Reno riverside bench, a maintenance worker describes the federal diversion downstream.",0,needs_art_catalog_mapping
TOWN-33-A,TOWN-33,A,Town conversations,Shared,Salt Lake City,compatible_narrative,true,TOWN-33-A-SCENE,"At a Salt Lake City campus café patio, a lab cleaner waits for a bus.",0,needs_art_catalog_mapping
TOWN-33-B,TOWN-33,B,Town conversations,Shared,Salt Lake City,compatible_narrative,false,TOWN-33-B-SCENE,"At a downtown Salt Lake City transit stop, a cleaner helps you locate the Free Fare Zone.",0,needs_art_catalog_mapping
TOWN-33-C,TOWN-33,C,Town conversations,Shared,Salt Lake City,compatible_narrative,false,TOWN-33-C-SCENE,"Near Salt Lake City Hall, a seamstress pauses while you rest on the steps.",0,needs_art_catalog_mapping
TOWN-34-A,TOWN-34,A,Town conversations,Shared,San Antonio,compatible_narrative,true,TOWN-34-A-SCENE,"At a San Antonio playground bench, a school aide discusses the federal funding freeze.",0,needs_art_catalog_mapping
TOWN-34-B,TOWN-34,B,Town conversations,Shared,San Antonio,compatible_narrative,false,TOWN-34-B-SCENE,"At a San Antonio grocery queue, a bus driver adds pencils to a small food purchase.",0,needs_art_catalog_mapping
TOWN-34-C,TOWN-34,C,Town conversations,Shared,San Antonio,compatible_narrative,false,TOWN-34-C-SCENE,"At a San Antonio park bench, a construction worker explains what stood before HemisFair.",0,needs_art_catalog_mapping
TOWN-35-A,TOWN-35,A,Town conversations,Shared,Sioux Falls,compatible_narrative,true,TOWN-35-A-SCENE,"At a Sioux Falls food pantry’s public bench, a delivery worker talks about the funding gap.",0,needs_art_catalog_mapping
TOWN-35-B,TOWN-35,B,Town conversations,Shared,Sioux Falls,compatible_narrative,false,TOWN-35-B-SCENE,"At a Sioux Falls bus shelter, a trans delivery worker describes South Dakota’s bathroom law.",0,needs_art_catalog_mapping
TOWN-35-C,TOWN-35,C,Town conversations,Shared,Sioux Falls,compatible_narrative,false,TOWN-35-C-SCENE,"At a Sioux Falls feed-store bench, a farmhand discusses the state’s pipeline law.",0,needs_art_catalog_mapping
TOWN-36-A,TOWN-36,A,Town conversations,Shared,South Bend,compatible_narrative,true,TOWN-36-A-SCENE,"At a South Bend café, a campus kitchen worker tells you about Notre Dame’s budget notice.",0,needs_art_catalog_mapping
TOWN-36-B,TOWN-36,B,Town conversations,Shared,South Bend,compatible_narrative,false,TOWN-36-B-SCENE,"Outside South Bend’s auto museum, a retired machinist shares a bench with you.",0,needs_art_catalog_mapping
TOWN-36-C,TOWN-36,C,Town conversations,Shared,South Bend,compatible_narrative,false,TOWN-36-C-SCENE,"At a South Bend grocery bench, a campus cleaner compares bank fees with the university’s tax fight.",0,needs_art_catalog_mapping
TOWN-37-A,TOWN-37,A,Town conversations,Shared,Spokane,compatible_narrative,true,TOWN-37-A-SCENE,"At a Spokane shaded bus stop, a renter uses a folded paper as a fan.",0,needs_art_catalog_mapping
TOWN-37-B,TOWN-37,B,Town conversations,Shared,Spokane,compatible_narrative,false,TOWN-37-B-SCENE,"At a Spokane laundromat, a delivery worker compares a rent notice with a pay slip.",0,needs_art_catalog_mapping
TOWN-37-C,TOWN-37,C,Town conversations,Shared,Spokane,compatible_narrative,false,TOWN-37-C-SCENE,"On a Spokane downtown bench, a warehouse worker explains the city’s old street-speaking ban.",0,needs_art_catalog_mapping
TOWN-38-A,TOWN-38,A,Town conversations,Shared,"Springfield, IL",compatible_narrative,true,TOWN-38-A-SCENE,"Near Lincoln Home in Springfield, a cleaner recalls the shutdown while you rest by the neighborhood fence.",0,needs_art_catalog_mapping
TOWN-38-B,TOWN-38,B,Town conversations,Shared,"Springfield, IL",compatible_narrative,false,TOWN-38-B-SCENE,"At a Springfield laundromat, a cook plans a day off while your blankets dry.",0,needs_art_catalog_mapping
TOWN-38-C,TOWN-38,C,Town conversations,Shared,"Springfield, IL",compatible_narrative,false,TOWN-38-C-SCENE,"At a Springfield grocery checkout, an off-duty stocker compares your food total with an hourly wage.",0,needs_art_catalog_mapping
TOWN-39-A,TOWN-39,A,Town conversations,Shared,"Springfield, MO",compatible_narrative,true,TOWN-39-A-SCENE,"At a Springfield food pantry bench, a delivery worker talks about missing federal orders.",0,needs_art_catalog_mapping
TOWN-39-B,TOWN-39,B,Town conversations,Shared,"Springfield, MO",compatible_narrative,false,TOWN-39-B-SCENE,"At a Springfield grocery bench, a cleaner checks a pay slip against your receipt.",0,needs_art_catalog_mapping
TOWN-39-C,TOWN-39,C,Town conversations,Shared,"Springfield, MO",compatible_narrative,false,TOWN-39-C-SCENE,"At a Springfield utility-work fence, an installer pauses while you check your route.",0,needs_art_catalog_mapping
TOWN-40-A,TOWN-40,A,Town conversations,Shared,St. Louis,compatible_narrative,true,TOWN-40-A-SCENE,"At a St. Louis grocery exit, a food-bank driver describes the canceled Illinois purchasing round.",0,needs_art_catalog_mapping
TOWN-40-B,TOWN-40,B,Town conversations,Shared,St. Louis,compatible_narrative,false,TOWN-40-B-SCENE,"At a St. Louis grocery bench, a cleaner compares baby supplies with your small food purchase.",0,needs_art_catalog_mapping
TOWN-40-C,TOWN-40,C,Town conversations,Shared,St. Louis,compatible_narrative,false,TOWN-40-C-SCENE,"Outside St. Louis’s Old Courthouse, a delivery worker with a stroller pauses beside your van.",0,needs_art_catalog_mapping
TOWN-41-A,TOWN-41,A,Town conversations,Shared,Toledo,compatible_narrative,true,TOWN-41-A-SCENE,"At a Toledo print shop’s public counter, a worker discusses tariff surcharges while you buy a postcard.",0,needs_art_catalog_mapping
TOWN-41-B,TOWN-41,B,Town conversations,Shared,Toledo,compatible_narrative,false,TOWN-41-B-SCENE,"At a Toledo diner, a cleaner recalls Ohio’s decision to use unclaimed funds for football.",0,needs_art_catalog_mapping
TOWN-41-C,TOWN-41,C,Town conversations,Shared,Toledo,compatible_narrative,false,TOWN-41-C-SCENE,"At Toledo’s Glass City Metropark, a groundskeeper rests while you share some food.",0,needs_art_catalog_mapping
TOWN-42-A,TOWN-42,A,Town conversations,Shared,Tucson,compatible_narrative,true,TOWN-42-A-SCENE,"At a Tucson shaded food stop, a city maintenance worker checks a blank phone screen.",0,needs_art_catalog_mapping
TOWN-42-B,TOWN-42,B,Town conversations,Shared,Tucson,compatible_narrative,false,TOWN-42-B-SCENE,"At a Tucson park drinking fountain, a groundskeeper explains the separate irrigation system.",0,needs_art_catalog_mapping
TOWN-42-C,TOWN-42,C,Town conversations,Shared,Tucson,compatible_narrative,false,TOWN-42-C-SCENE,"At a Tucson public overlook near the aircraft-storage area, a mechanic shares a snack with you.",0,needs_art_catalog_mapping
TOWN-43-A,TOWN-43,A,Town conversations,Shared,Tulsa,compatible_narrative,true,TOWN-43-A-SCENE,"At a Tulsa clinic’s outdoor bench, a cleaner discusses the health department’s funding worries.",0,needs_art_catalog_mapping
TOWN-43-B,TOWN-43,B,Town conversations,Shared,Tulsa,compatible_narrative,false,TOWN-43-B-SCENE,"At a Greenwood neighborhood bench, a repair worker tells you about the survivors’ court case.",0,needs_art_catalog_mapping
TOWN-43-C,TOWN-43,C,Town conversations,Shared,Tulsa,compatible_narrative,false,TOWN-43-C-SCENE,"At a Tulsa bus-stop bench, a school bus driver compares the state’s video order with your route.",0,needs_art_catalog_mapping
TOWN-44-A,TOWN-44,A,Town conversations,Shared,Waco,compatible_narrative,true,TOWN-44-A-SCENE,"At a Waco food pantry bench, a cook recalls November’s delayed food assistance.",0,needs_art_catalog_mapping
TOWN-44-B,TOWN-44,B,Town conversations,Shared,Waco,compatible_narrative,false,TOWN-44-B-SCENE,"By Waco’s suspension bridge, a delivery driver pauses while you eat some food.",0,needs_art_catalog_mapping
TOWN-44-C,TOWN-44,C,Town conversations,Shared,Waco,compatible_narrative,false,TOWN-44-C-SCENE,"At a Waco grocery bench, a school aide discusses Texas’s classroom-poster law.",0,needs_art_catalog_mapping
