scenario,mode,strategy,seed_code,seed_value,days_survived,ending_type,ending_cause,encounters_faced,vehicle_breakdowns,final_hp,final_supplies,final_sanity,final_budget_cents,boss.reached,boss_won,miles_traveled,travel_days,partial_travel_days,non_travel_days,avg_mpd,unique_encounters,repairs_spent_cents,bribes_spent_cents,exec_order_active,exec_order_days_remaining,exec_order_cooldown,exposure_streak_heat,exposure_streak_cold,days_with_camp,days_with_repair,travel_ratio,unique_per_20_days,rotation_events,reached_2k_by_150,crossing_events,crossing_permit_uses,crossing_bribe_attempts,crossing_bribe_successes,crossing_detours_taken,crossing_failures,crossing_failure_rate,crossing_bribe_success_rate,day_reason_history,endgame_active,endgame_field_repair_used,endgame_cooldown_days,stop_cap_conversions
"Classic - Aggressive","Classic","Aggressive","CL-ORANGE02",1337,23,"Victory - Boss Defeated","boss.victory",8,1,10,20,2,15000,true,true,2100.0,21,1,1,137.25,8,0,2500,"",0,6,0,0,1,1,0.957,6.96,6,true,3,0,2,2,1,0,0.000,1.000,"||||repair;crossing_pass|||||detour||||||||camp|crossing_pass||||",false,false,0,0
"Classic - Aggressive","Classic","Aggressive","CL-ORANGE02",1338,22,"Boss Vote Failed - Game Over","boss_vote_failed",7,1,9,18,4,15500,true,false,2100.0,21,1,0,137.25,7,0,3500,"",0,0,0,0,0,1,1.000,6.36,6,true,3,0,3,3,0,0,0.000,1.000,"|repair|||crossing_pass||||crossing_pass|||||||||crossing_pass||||",false,false,0,0
"Classic - Aggressive","Classic","Aggressive","CL-ORANGE02",1339,22,"Victory - Boss Defeated","boss.victory",7,0,9,20,4,17000,true,true,2100.0,22,0,0,137.25,7,0,3500,"",0,6,0,0,0,0,1.000,6.36,6,true,3,0,3,2,1,0,0.000,0.667,"||||detour|||||crossing_pass||||||||crossing_pass||||",false,false,0,0
"Classic - Aggressive","Classic","Aggressive","CL-ORANGE02",1340,22,"Victory - Boss Defeated","boss.victory",7,0,8,17,3,17400,true,true,2100.0,21,1,0,137.25,7,0,3500,"",0,0,0,0,0,0,1.000,6.36,5,true,3,0,3,3,0,0,0.000,1.000,"||||crossing_pass||||crossing_pass|||||||||crossing_pass||||",false,false,0,0
"Classic - Aggressive","Classic","Aggressive","CL-ORANGE02",1341,22,"Victory - Boss Defeated","boss.victory",8,0,10,20,4,15900,true,true,2100.0,22,0,0,137.25,8,0,3500,"",0,0,0,0,0,0,1.000,7.27,5,true,3,0,3,3,0,0,0.000,1.000,"||||crossing_pass|||||crossing_pass||||||||crossing_pass||||",false,false,0,0
"Classic - Aggressive","Classic","Aggressive","CL-ORANGE02",1342,22,"Boss Vote Failed - Game Over","boss_vote_failed",7,0,10,18,4,16900,true,false,2100.0,22,0,0,137.25,7,0,3500,"",0,0,0,0,0,0,1.000,6.36,6,true,3,0,3,2,1,0,0.000,0.667,"||||crossing_pass||||detour|||||||||crossing_pass||||",false,false,0,0
"Classic - Aggressive","Classic","Aggressive","CL-ORANGE02",1343,22,"Boss Vote Failed - Game Over","boss_vote_failed",7,0,10,20,3,16500,true,false,2100.0,22,0,0,137.25,7,0,3500,"",0,0,0,0,0,0,1.000,6.36,5,true,3,0,3,3,0,0,0.000,1.000,"||||crossing_pass|||||crossing_pass||||||||crossing_pass||||",false,false,0,0
"Classic - Aggressive","Classic","Aggressive","CL-ORANGE02",1344,22,"Boss Vote Failed - Game Over","boss_vote_failed",8,0,10,19,3,17000,true,false,2100.0,21,1,0,137.25,8,0,3500,"",0,0,0,0,0,0,1.000,7.27,6,true,3,0,3,0,3,0,0.000,0.000,"||||detour|||||detour||||||||detour||||",false,false,0,0
"Classic - Aggressive","Classic","Aggressive","CL-ORANGE02",1345,21,"Boss Vote Failed - Game Over","boss_vote_failed",6,0,9,19,4,17000,true,false,2100.0,21,0,0,143.79,6,0,3500,"",0,0,1,0,0,0,1.000,5.71,5,true,3,0,3,3,0,0,0.000,1.000,"||||crossing_pass||||crossing_pass||||||||crossing_pass||||",false,false,0,0
"Classic - Aggressive","Classic","Aggressive","CL-ORANGE02",1346,22,"Boss Vote Failed - Game Over","boss_vote_failed",8,1,10,18,4,14800,true,false,2100.0,22,0,0,137.25,8,0,3500,"",0,8,0,0,0,1,1.000,7.27,6,true,3,0,3,3,0,0,0.000,1.000,"||||crossing_pass||||repair|crossing_pass||||||||crossing_pass||||",false,false,0,0
"Classic - Aggressive","Classic","Aggressive","CL-ORANGE02",1347,24,"Boss Vote Failed - Game Over","boss_vote_failed",10,1,10,18,4,15000,true,false,2100.0,21,1,2,137.25,10,0,2500,"",0,3,0,0,1,1,0.917,8.33,6,true,3,0,2,1,1,0,0.000,0.500,"repair||||crossing_pass|||||crossing_pass|||||||||detour||camp|||",false,false,0,0
"Classic - Aggressive","Classic","Aggressive","CL-ORANGE02",1348,23,"Victory - Boss Defeated","boss.victory",8,1,10,19,2,12900,true,true,2100.0,22,0,1,137.25,8,3100,3500,"",0,0,0,0,0,1,0.957,6.96,6,true,3,0,3,2,1,0,0.000,0.667,"||||crossing_pass||||detour|||||repair||||crossing_pass|||||",false,false,0,0
"Classic - Aggressive","Classic","Aggressive","CL-ORANGE02",1349,23,"Boss Vote Failed - Game Over","boss_vote_failed",8,0,10,20,4,15500,true,false,2100.0,22,0,1,137.25,8,0,3500,"",0,0,0,0,0,0,0.957,6.96,6,true,3,0,3,3,0,0,0.000,1.000,"||||crossing_pass|||||crossing_pass||||||||crossing_pass|||||",false,false,0,0
"Classic - Aggressive","Classic","Aggressive","CL-ORANGE02",1350,22,"Victory - Boss Defeated","boss.victory",8,0,10,15,4,16000,true,true,2100.0,22,0,0,137.25,8,0,3500,"",0,0,0,0,0,0,1.000,7.27,6,true,3,0,3,3,0,0,0.000,1.000,"||||crossing_pass||||crossing_pass|||||||||crossing_pass||||",false,false,0,0
"Classic - Aggressive","Classic","Aggressive","CL-ORANGE02",1351,22,"Victory - Boss Defeated","boss.victory",6,0,10,18,4,17000,true,true,2100.0,21,0,1,143.79,6,0,3500,"",0,0,0,0,1,0,0.955,5.45,5,true,3,0,3,3,0,0,0.000,1.000,"||||crossing_pass||||crossing_pass|||||camp||||crossing_pass||||",false,false,0,0
"Classic - Aggressive","Classic","Aggressive","CL-ORANGE02",1352,22,"Boss Vote Failed - Game Over","boss_vote_failed",8,0,10,18,3,16500,true,false,2100.0,21,1,0,137.25,8,0,3500,"",0,6,0,0,0,0,1.000,7.27,5,true,3,0,3,3,0,0,0.000,1.000,"||||crossing_pass|||||crossing_pass||||||||crossing_pass||||",false,false,0,0
"Classic - Aggressive","Classic","Aggressive","CL-ORANGE02",1353,22,"Boss Vote Failed - Game Over","boss_vote_failed",6,0,9,19,4,17000,true,false,2100.0,21,0,1,143.79,6,0,3500,"",0,0,0,0,0,0,0.955,5.45,6,true,3,0,3,3,0,0,0.000,1.000,"||||crossing_pass||||crossing_pass||||||||crossing_pass|||||",false,false,0,0
"Classic - Aggressive","Classic","Aggressive","CL-ORANGE02",1354,22,"Victory - Boss Defeated","boss.victory",6,0,10,18,4,17000,true,true,2100.0,22,0,0,137.25,6,0,3500,"",0,5,0,0,0,0,1.000,5.45,6,true,3,0,3,2,1,0,0.000,0.667,"||||detour|||||crossing_pass||||||||crossing_pass||||",false,false,0,0
"Classic - Aggressive","Classic","Aggressive","CL-ORANGE02",1355,22,"Boss Vote Failed - Game Over","boss_vote_failed",6,2,10,18,4,13800,true,false,2100.0,20,2,0,137.25,6,0,3500,"",0,0,0,0,0,2,1.000,5.45,4,true,3,0,3,3,0,0,0.000,1.000,"||||crossing_pass||||crossing_pass||||||repair||repair|crossing_pass||||",false,false,0,0
"Classic - Aggressive","Classic","Aggressive","CL-ORANGE02",1356,22,"Victory - Boss Defeated","boss.victory",7,0,9,19,4,16500,true,true,2100.0,22,0,0,137.25,7,0,3500,"",0,0,0,0,0,0,1.000,6.36,6,true,3,0,3,2,1,0,0.000,0.667,"||||crossing_pass||||detour|||||||||crossing_pass||||",false,false,0,0
"Classic - Aggressive","Classic","Aggressive","CL-ORANGE02",1357,22,"Victory - Boss Defeated","boss.victory",7,0,9,20,4,17000,true,true,2100.0,21,1,0,137.25,7,0,3500,"",0,0,0,0,0,0,1.000,6.36,5,true,3,0,3,2,1,0,0.000,0.667,"||||crossing_pass|||||detour||||||||crossing_pass||||",false,false,0,0
"Classic - Aggressive","Classic","Aggressive","CL-ORANGE02",1358,23,"Boss Vote Failed - Game Over","boss_vote_failed",7,0,10,17,3,16900,true,false,2100.0,22,0,1,137.25,7,0,3500,"",0,4,0,0,0,0,0.957,6.09,6,true,3,0,3,3,0,0,0.000,1.000,"||||crossing_pass|||||crossing_pass||||||||crossing_pass|||||",false,false,0,0
"Classic - Aggressive","Classic","Aggressive","CL-ORANGE02",1359,23,"Boss Vote Failed - Game Over","boss_vote_failed",8,1,10,18,4,14000,true,false,2100.0,23,0,0,131.29,8,0,3500,"",0,4,0,0,1,1,1.000,6.96,6,true,3,0,3,2,1,0,0.000,0.667,"|||repair|detour|||||crossing_pass||||||||crossing_pass||||camp|",false,false,0,0
"Classic - Aggressive","Classic","Aggressive","CL-ORANGE02",1360,22,"Boss Vote Failed - Game Over","boss_vote_failed",7,0,10,18,4,16500,true,false,2100.0,22,0,0,137.25,7,0,3500,"",0,0,0,0,0,0,1.000,6.36,6,true,3,0,3,2,1,0,0.000,0.667,"||||crossing_pass|||||detour||||||||crossing_pass||||",false,false,0,0
"Classic - Aggressive","Classic","Aggressive","CL-ORANGE02",1361,22,"Victory - Boss Defeated","boss.victory",7,1,9,19,3,14400,true,true,2100.0,22,0,0,137.25,7,3100,3500,"travel_ban_lite",1,0,0,0,0,1,1.000,6.36,5,true,3,0,3,3,0,0,0.000,1.000,"||||crossing_pass||||crossing_pass|||||||||repair;crossing_pass||||",false,false,0,0
"Classic - Aggressive","Classic","Aggressive","CL-ORANGE02",1362,22,"Boss Vote Failed - Game Over","boss_vote_failed",7,0,9,18,4,16900,true,false,2100.0,22,0,0,137.25,7,0,3500,"",0,0,0,0,0,0,1.000,6.36,5,true,3,0,3,3,0,0,0.000,1.000,"||||crossing_pass|||||crossing_pass||||||||crossing_pass||||",false,false,0,0
"Classic - Aggressive","Classic","Aggressive","CL-ORANGE02",1363,22,"Boss Vote Failed - Game Over","boss_vote_failed",8,1,8,19,4,15200,true,false,2100.0,21,1,0,137.25,8,2700,3500,"",0,0,0,0,0,1,1.000,7.27,6,true,3,0,3,3,0,0,0.000,1.000,"||||crossing_pass||||crossing_pass|||||||repair||crossing_pass||||",false,false,0,0
"Classic - Aggressive","Classic","Aggressive","CL-ORANGE02",1364,23,"Victory - Boss Defeated","boss.victory",8,0,10,20,2,16900,true,true,2100.0,22,0,1,137.25,8,0,3500,"",0,0,0,0,0,0,0.957,6.96,6,true,3,0,3,2,1,0,0.000,0.667,"||||crossing_pass|||||detour||||||||crossing_pass|||||",false,false,0,0
"Classic - Aggressive","Classic","Aggressive","CL-ORANGE02",1365,23,"Victory - Boss Defeated","boss.victory",6,1,9,18,2,16600,true,true,2100.0,22,0,1,137.25,6,0,2500,"",0,0,0,0,0,1,0.957,5.22,5,true,3,0,2,2,1,0,0.000,1.000,"||||repair;crossing_pass|||||detour|||||||||crossing_pass||||",false,false,0,0
"Classic - Aggressive","Classic","Aggressive","CL-ORANGE02",1366,22,"Victory - Boss Defeated","boss.victory",6,0,10,19,4,17000,true,true,2100.0,20,1,1,143.79,6,0,3500,"",0,0,0,0,0,0,0.955,5.45,5,true,3,0,3,3,0,0,0.000,1.000,"||||crossing_pass||||crossing_pass||||||||crossing_pass|||||",false,false,0,0
"Classic - Aggressive","Classic","Aggressive","CL-ORANGE02",1367,22,"Boss Vote Failed - Game Over","boss_vote_failed",6,1,10,19,3,15300,true,false,2100.0,21,0,1,143.79,6,0,3500,"",0,0,0,0,0,1,0.955,5.45,4,true,3,0,3,3,0,0,0.000,1.000,"||||crossing_pass||||crossing_pass||||||repair|||crossing_pass||||",false,false,0,0
"Classic - Aggressive","Classic","Aggressive","CL-ORANGE02",1368,24,"Boss Vote Failed - Game Over","boss_vote_failed",8,0,9,18,3,15500,true,false,2100.0,22,1,1,131.29,8,0,3500,"",0,0,0,0,1,0,0.958,6.67,7,true,3,0,3,2,1,0,0.000,0.667,"||||crossing_pass|||||detour||||||||camp||crossing_pass||||",false,false,0,0
"Classic - Aggressive","Classic","Aggressive","CL-ORANGE02",1369,22,"Victory - Boss Defeated","boss.victory",8,1,9,20,4,16300,true,true,2100.0,22,0,0,137.25,8,0,3500,"",0,0,0,0,0,1,1.000,7.27,6,true,3,0,3,2,1,0,0.000,0.667,"||||detour||||crossing_pass||||||repair|||crossing_pass||||",false,false,0,0
"Classic - Aggressive","Classic","Aggressive","CL-ORANGE02",1370,23,"Boss Vote Failed - Game Over","boss_vote_failed",7,0,10,19,3,16000,true,false,2100.0,21,0,2,143.79,7,0,3500,"",0,0,0,1,1,0,0.913,6.09,6,true,3,0,3,3,0,0,0.000,1.000,"||||crossing_pass||||crossing_pass||||||||crossing_pass||camp||||",false,false,0,0
"Classic - Aggressive","Classic","Aggressive","CL-ORANGE02",1371,22,"Boss Vote Failed - Game Over","boss_vote_failed",8,0,9,20,3,17000,true,false,2100.0,22,0,0,137.25,8,0,3500,"",0,0,0,0,0,0,1.000,7.27,7,true,3,0,3,3,0,0,0.000,1.000,"||||crossing_pass||||crossing_pass|||||||||crossing_pass||||",false,false,0,0
"Classic - Aggressive","Classic","Aggressive","CL-ORANGE02",1372,22,"Boss Vote Failed - Game Over","boss_vote_failed",7,1,10,14,4,15300,true,false,2100.0,21,1,0,137.25,7,0,2500,"",0,0,0,0,0,1,1.000,6.36,5,true,3,0,2,2,0,0,0.000,1.000,"||||crossing_pass|repair||||crossing_pass||||||||crossing_pass||||",false,false,0,0
"Classic - Aggressive","Classic","Aggressive","CL-ORANGE02",1373,23,"Victory - Boss Defeated","boss.victory",8,2,8,19,4,12300,true,true,2100.0,23,0,0,131.29,8,2700,3500,"",0,0,0,0,0,2,1.000,6.96,8,true,3,0,3,2,1,0,0.000,0.667,"||repair||crossing_pass|||||crossing_pass|||||||repair|detour|||||",false,false,0,0
"Classic - Aggressive","Classic","Aggressive","CL-ORANGE02",1374,23,"Boss Vote Failed - Game Over","boss_vote_failed",7,0,9,18,2,16500,true,false,2100.0,22,0,1,137.25,7,0,3500,"",0,0,0,0,1,0,0.957,6.09,6,true,3,0,3,2,1,0,0.000,0.667,"||||crossing_pass||||detour|||||||||camp|crossing_pass||||",false,false,0,0
"Classic - Aggressive","Classic","Aggressive","CL-ORANGE02",1375,23,"Boss Vote Failed - Game Over","boss_vote_failed",7,1,10,17,4,15500,true,false,2100.0,22,1,0,131.29,7,0,3500,"",0,2,0,1,1,1,1.000,6.09,6,true,3,0,3,2,1,0,0.000,0.667,"||||crossing_pass||repair||detour|||||camp|||||crossing_pass||||",false,false,0,0
"Classic - Aggressive","Classic","Aggressive","CL-ORANGE02",1376,22,"Victory - Boss Defeated","boss.victory",8,0,10,20,4,15500,true,true,2100.0,22,0,0,137.25,8,0,3500,"",0,4,0,0,0,0,1.000,7.27,6,true,3,0,3,3,0,0,0.000,1.000,"||||crossing_pass||||crossing_pass|||||||||crossing_pass||||",false,false,0,0
"Classic - Aggressive","Classic","Aggressive","CL-ORANGE02",1377,23,"Victory - Boss Defeated","boss.victory",6,0,8,18,3,16500,true,true,2100.0,22,0,1,137.25,6,0,3500,"",0,0,0,0,0,0,0.957,5.22,4,true,3,0,3,3,0,0,0.000,1.000,"||||crossing_pass|||||crossing_pass||||||||crossing_pass|||||",false,false,0,0
"Classic - Aggressive","Classic","Aggressive","CL-ORANGE02",1378,22,"Boss Vote Failed - Game Over","boss_vote_failed",7,0,9,16,4,16400,true,false,2100.0,22,0,0,137.25,7,0,3500,"",0,4,0,0,0,0,1.000,6.36,6,true,3,0,3,3,0,0,0.000,1.000,"||||crossing_pass||||crossing_pass|||||||||crossing_pass||||",false,false,0,0
"Classic - Aggressive","Classic","Aggressive","CL-ORANGE02",1379,23,"Boss Vote Failed - Game Over","boss_vote_failed",7,1,10,18,3,16500,true,false,2100.0,22,0,1,137.25,7,0,3500,"book_panic",1,0,0,0,0,1,0.957,6.09,6,true,3,0,3,3,0,0,0.000,1.000,"repair|||||crossing_pass||||crossing_pass||||||||crossing_pass|||||",false,false,0,0
"Classic - Aggressive","Classic","Aggressive","CL-ORANGE02",1380,22,"Boss Vote Failed - Game Over","boss_vote_failed",7,0,9,18,2,18000,true,false,2100.0,22,0,0,137.25,7,0,3500,"",0,9,0,0,0,0,1.000,6.36,6,true,3,0,3,3,0,0,0.000,1.000,"||||crossing_pass||||crossing_pass|||||||||crossing_pass||||",false,false,0,0
"Classic - Aggressive","Classic","Aggressive","CL-ORANGE02",1381,23,"Victory - Boss Defeated","boss.victory",7,0,10,19,2,16500,true,true,2100.0,22,0,1,137.25,7,0,3500,"",0,0,0,0,1,0,0.957,6.09,5,true,3,0,3,3,0,0,0.000,1.000,"||||crossing_pass||||crossing_pass||camp|||||||crossing_pass|||||",false,false,0,0
"Classic - Aggressive","Classic","Aggressive","CL-ORANGE02",1382,22,"Boss Vote Failed - Game Over","boss_vote_failed",7,0,10,18,3,15900,true,false,2100.0,22,0,0,137.25,7,0,3500,"",0,0,0,0,0,0,1.000,6.36,5,true,3,0,3,3,0,0,0.000,1.000,"||||crossing_pass||||crossing_pass|||||||||crossing_pass||||",false,false,0,0
"Classic - Aggressive","Classic","Aggressive","CL-ORANGE02",1383,23,"Boss Vote Failed - Game Over","boss_vote_failed",8,1,10,19,3,14200,true,false,2100.0,22,0,1,137.25,8,0,3500,"",0,0,0,0,0,1,0.957,6.96,6,true,3,0,3,2,1,0,0.000,0.667,"||||crossing_pass|||||detour||||||repair||crossing_pass|||||",false,false,0,0
"Classic - Aggressive","Classic","Aggressive","CL-ORANGE02",1384,22,"Boss Vote Failed - Game Over","boss_vote_failed",7,0,10,20,4,16500,true,false,2100.0,22,0,0,137.25,7,0,3500,"",0,0,0,0,0,0,1.000,6.36,5,true,3,0,3,2,1,0,0.000,0.667,"||||crossing_pass||||detour|||||||||crossing_pass||||",false,false,0,0
"Classic - Aggressive","Classic","Aggressive","CL-ORANGE02",1385,22,"Victory - Boss Defeated","boss.victory",7,0,8,17,3,17000,true,true,2100.0,21,0,1,143.79,7,0,3500,"",0,0,0,0,0,0,0.955,6.36,6,true,3,0,3,3,0,0,0.000,1.000,"||||crossing_pass||||crossing_pass||||||||crossing_pass|||||",false,false,0,0
"Classic - Aggressive","Classic","Aggressive","CL-ORANGE02",1386,22,"Boss Vote Failed - Game Over","boss_vote_failed",7,0,9,18,4,17000,true,false,2100.0,20,2,0,137.25,7,0,3500,"",0,0,0,0,0,0,1.000,6.36,5,true,3,0,3,1,2,0,0.000,0.333,"||||detour||||crossing_pass|||||||||detour||||",false,false,0,0
"Classic - Aggressive","Classic","Aggressive","CL-ORANGE02",1387,23,"Boss Vote Failed - Game Over","boss_vote_failed",7,0,9,18,2,16500,true,false,2100.0,21,0,2,143.79,7,0,3500,"",0,0,0,0,1,0,0.913,6.09,6,true,3,0,3,3,0,0,0.000,1.000,"||||crossing_pass||||crossing_pass|||||||||crossing_pass|camp||||",false,false,0,0
"Classic - Aggressive","Classic","Aggressive","CL-ORANGE02",1388,22,"Boss Vote Failed - Game Over","boss_vote_failed",7,0,8,17,3,17900,true,false,2100.0,22,0,0,137.25,7,0,3500,"",0,5,0,0,0,0,1.000,6.36,5,true,3,0,3,3,0,0,0.000,1.000,"||||crossing_pass||||crossing_pass|||||||||crossing_pass||||",false,false,0,0
"Classic - Aggressive","Classic","Aggressive","CL-ORANGE02",1389,22,"Victory - Boss Defeated","boss.victory",7,0,10,20,3,17400,true,true,2100.0,20,1,1,143.79,7,0,3500,"",0,0,0,0,0,0,0.955,6.36,5,true,3,0,3,3,0,0,0.000,1.000,"||||crossing_pass||||crossing_pass||||||||crossing_pass|||||",false,false,0,0
"Classic - Aggressive","Classic","Aggressive","CL-ORANGE02",1390,23,"Boss Vote Failed - Game Over","boss_vote_failed",8,0,8,20,2,18000,true,false,2100.0,22,1,0,131.29,8,0,2500,"",0,0,0,0,1,0,1.000,6.96,7,true,3,0,2,1,1,0,0.000,0.500,"camp|||||crossing_pass|||||detour||||||||crossing_pass||||",false,false,0,0
"Classic - Aggressive","Classic","Aggressive","CL-ORANGE02",1391,10,"Collapse (crossing) - Game Over","collapse_crossing",5,0,10,20,9,400,false,false,1250.0,10,0,0,179.74,5,0,1000,"",0,5,0,0,1,0,1.000,5.00,3,false,2,0,1,1,0,1,0.500,1.000,"||||crossing_pass|camp||||crossing_fail",false,false,0,0
"Classic - Aggressive","Classic","Aggressive","CL-ORANGE02",1392,22,"Boss Vote Failed - Game Over","boss_vote_failed",7,1,9,20,4,15000,true,false,2100.0,22,0,0,137.25,7,0,3500,"shutdown",2,0,0,0,0,1,1.000,6.36,6,true,3,0,3,3,0,0,0.000,1.000,"|||||crossing_pass||||crossing_pass||||||repair||crossing_pass||||",false,false,0,0
"Classic - Aggressive","Classic","Aggressive","CL-ORANGE02",1393,23,"Boss Vote Failed - Game Over","boss_vote_failed",8,0,10,18,4,16900,true,false,2100.0,22,0,1,137.25,8,0,3500,"",0,0,0,0,1,0,0.957,6.96,5,true,3,0,3,1,2,0,0.000,0.333,"||||crossing_pass||camp|||detour||||||||detour|||||",false,false,0,0
"Classic - Aggressive","Classic","Aggressive","CL-ORANGE02",1394,22,"Boss Vote Failed - Game Over","boss_vote_failed",8,0,9,19,4,19000,true,false,2100.0,21,1,0,137.25,8,0,3500,"",0,0,0,1,0,0,1.000,7.27,6,true,3,0,3,2,1,0,0.000,0.667,"||||crossing_pass||||detour|||||||||crossing_pass||||",false,false,0,0
"Classic - Aggressive","Classic","Aggressive","CL-ORANGE02",1395,22,"Victory - Boss Defeated","boss.victory",8,0,10,19,4,16000,true,true,2100.0,21,1,0,137.25,8,0,3500,"",0,8,0,0,0,0,1.000,7.27,6,true,3,0,3,1,2,0,0.000,0.333,"||||detour||||detour|||||||||crossing_pass||||",false,false,0,0
"Classic - Aggressive","Classic","Aggressive","CL-ORANGE02",1396,22,"Boss Vote Failed - Game Over","boss_vote_failed",7,0,8,19,4,17000,true,false,2100.0,20,2,0,137.25,7,0,3500,"",0,7,0,0,0,0,1.000,6.36,4,true,3,0,3,3,0,0,0.000,1.000,"||||crossing_pass||||crossing_pass|||||||||crossing_pass||||",false,false,0,0
"Classic - Aggressive","Classic","Aggressive","CL-ORANGE02",1397,22,"Victory - Boss Defeated","boss.victory",7,1,10,19,3,13900,true,true,2100.0,21,1,0,137.25,7,3100,3500,"",0,0,0,0,0,1,1.000,6.36,6,true,3,0,3,3,0,0,0.000,1.000,"||||crossing_pass||||crossing_pass||||||repair|||crossing_pass||||",false,false,0,0
"Classic - Aggressive","Classic","Aggressive","CL-ORANGE02",1398,23,"Victory - Boss Defeated","boss.victory",6,2,10,17,4,13500,true,true,2100.0,23,0,0,131.29,6,0,3500,"",0,0,0,0,1,2,1.000,5.22,6,true,3,0,3,2,1,0,0.000,0.667,"||||crossing_pass||||detour||||repair||||camp|repair|crossing_pass||||",false,false,0,0
"Classic - Aggressive","Classic","Aggressive","CL-ORANGE02",1399,23,"Boss Vote Failed - Game Over","boss_vote_failed",6,0,9,18,2,16000,true,false,2100.0,21,0,2,143.79,6,0,3500,"travel_ban_lite",1,0,0,0,1,0,0.913,5.22,6,true,3,0,3,3,0,0,0.000,1.000,"||||crossing_pass||||crossing_pass|||||||||crossing_pass|||camp||",false,false,0,0
"Classic - Aggressive","Classic","Aggressive","CL-ORANGE02",1400,22,"Boss Vote Failed - Game Over","boss_vote_failed",7,1,9,20,3,15300,true,false,2100.0,21,1,0,137.25,7,0,2500,"doe_eliminated",1,0,0,0,0,1,1.000,6.36,5,true,3,0,2,2,0,0,0.000,1.000,"||||crossing_pass|||repair||crossing_pass||||||||crossing_pass||||",false,false,0,0
"Classic - Aggressive","Classic","Aggressive","CL-ORANGE02",1401,23,"Boss Vote Failed - Game Over","boss_vote_failed",7,1,10,18,2,15000,true,false,2100.0,22,0,1,137.25,7,0,3500,"",0,6,0,0,0,1,0.957,6.09,6,true,3,0,3,1,2,0,0.000,0.333,"||||detour|||||detour|||repair|||||crossing_pass|||||",false,false,0,0
"Classic - Aggressive","Classic","Aggressive","CL-ORANGE02",1402,22,"Boss Vote Failed - Game Over","boss_vote_failed",7,0,10,19,3,16500,true,false,2100.0,22,0,0,137.25,7,0,3500,"",0,2,0,0,0,0,1.000,6.36,6,true,3,0,3,2,1,0,0.000,0.667,"||||crossing_pass||||crossing_pass|||||||||detour||||",false,false,0,0
"Classic - Aggressive","Classic","Aggressive","CL-ORANGE02",1403,22,"Boss Vote Failed - Game Over","boss_vote_failed",9,1,10,19,4,14900,true,false,2100.0,21,1,0,137.25,9,0,3500,"",0,0,0,0,0,1,1.000,8.18,5,true,3,0,3,3,0,0,0.000,1.000,"||||crossing_pass||||repair|crossing_pass||||||||crossing_pass||||",false,false,0,0
"Classic - Aggressive","Classic","Aggressive","CL-ORANGE02",1404,23,"Victory - Boss Defeated","boss.victory",8,0,10,20,3,16500,true,true,2100.0,21,1,1,137.25,8,0,3500,"",0,4,0,0,1,0,0.957,6.96,6,true,3,0,3,3,0,0,0.000,1.000,"||||crossing_pass|||||crossing_pass||||||||crossing_pass|camp||||",false,false,0,0
"Classic - Aggressive","Classic","Aggressive","CL-ORANGE02",1405,22,"Boss Vote Failed - Game Over","boss_vote_failed",7,0,10,18,4,16500,true,false,2100.0,21,0,1,143.79,7,0,3500,"",0,0,0,0,0,0,0.955,6.36,6,true,3,0,3,3,0,0,0.000,1.000,"||||crossing_pass||||crossing_pass|||||||||crossing_pass||||",false,false,0,0
"Classic - Aggressive","Classic","Aggressive","CL-ORANGE02",1406,22,"Boss Vote Failed - Game Over","boss_vote_failed",7,0,9,15,4,16500,true,false,2100.0,22,0,0,137.25,7,0,3500,"",0,0,0,0,0,0,1.000,6.36,5,true,3,0,3,3,0,0,0.000,1.000,"||||crossing_pass||||crossing_pass|||||||||crossing_pass||||",false,false,0,0
"Classic - Aggressive","Classic","Aggressive","CL-ORANGE02",1407,22,"Boss Vote Failed - Game Over","boss_vote_failed",8,0,9,18,3,17000,true,false,2100.0,22,0,0,137.25,8,0,3500,"",0,3,0,0,0,0,1.000,7.27,5,true,3,0,3,3,0,0,0.000,1.000,"||||crossing_pass||||crossing_pass|||||||||crossing_pass||||",false,false,0,0
"Classic - Aggressive","Classic","Aggressive","CL-ORANGE02",1408,22,"Victory - Boss Defeated","boss.victory",8,0,9,18,4,17000,true,true,2100.0,21,1,0,137.25,8,0,3500,"",0,0,0,0,0,0,1.000,7.27,5,true,3,0,3,3,0,0,0.000,1.000,"||||crossing_pass||||crossing_pass|||||||||crossing_pass||||",false,false,0,0
"Classic - Aggressive","Classic","Aggressive","CL-ORANGE02",1409,22,"Boss Vote Failed - Game Over","boss_vote_failed",7,0,10,18,2,19000,true,false,2100.0,21,1,0,137.25,7,0,3500,"",0,0,0,0,0,0,1.000,6.36,6,true,3,0,3,3,0,0,0.000,1.000,"||||crossing_pass|||||crossing_pass||||||||crossing_pass||||",false,false,0,0
"Classic - Aggressive","Classic","Aggressive","CL-ORANGE02",1410,23,"Boss Vote Failed - Game Over","boss_vote_failed",8,0,9,18,3,17500,true,false,2100.0,21,0,2,143.79,8,0,3500,"",0,0,0,0,1,0,0.913,6.96,5,true,3,0,3,2,1,0,0.000,0.667,"||||crossing_pass||||detour||||camp|||||crossing_pass|||||",false,false,0,0
"Classic - Aggressive","Classic","Aggressive","CL-ORANGE02",1411,23,"Boss Vote Failed - Game Over","boss_vote_failed",8,1,9,19,2,17300,true,false,2100.0,22,0,1,137.25,8,0,2500,"",0,1,0,0,0,1,0.957,6.96,6,true,3,0,2,1,2,0,0.000,0.500,"||||detour|repair||||detour||||||||crossing_pass|||||",false,false,0,0
"Classic - Aggressive","Classic","Aggressive","CL-ORANGE02",1412,22,"Boss Vote Failed - Game Over","boss_vote_failed",8,1,9,20,3,16000,true,false,2100.0,22,0,0,137.25,8,0,2500,"",0,0,0,0,0,1,1.000,7.27,6,true,3,0,2,2,0,0,0.000,1.000,"||||crossing_pass|repair||||crossing_pass||||||||crossing_pass||||",false,false,0,0
"Classic - Aggressive","Classic","Aggressive","CL-ORANGE02",1413,22,"Boss Vote Failed - Game Over","boss_vote_failed",6,2,10,19,4,15000,true,false,2100.0,22,0,0,137.25,6,0,2500,"war_dept_reorg",1,0,1,0,0,2,1.000,5.45,6,true,3,0,2,2,0,0,0.000,1.000,"|repair|||crossing_pass||||crossing_pass|||||||||crossing_pass|||repair|",false,false,1,0
"Classic - Aggressive","Classic","Aggressive","CL-ORANGE02",1414,23,"Victory - Boss Defeated","boss.victory",9,1,9,19,3,13900,true,true,2100.0,21,1,1,137.25,9,0,3500,"tariff_tsunami",1,0,0,0,0,1,0.957,7.83,6,true,3,0,3,1,2,0,0.000,0.333,"||||crossing_pass|||repair||detour||||||||detour|||||",false,false,0,0
"Classic - Aggressive","Classic","Aggressive","CL-ORANGE02",1415,22,"Boss Vote Failed - Game Over","boss_vote_failed",8,0,9,17,4,17000,true,false,2100.0,21,1,0,137.25,8,0,3500,"",0,3,0,0,0,0,1.000,7.27,7,true,3,0,3,2,1,0,0.000,0.667,"||||crossing_pass||||detour|||||||||crossing_pass||||",false,false,0,0
"Classic - Aggressive","Classic","Aggressive","CL-ORANGE02",1416,23,"Victory - Boss Defeated","boss.victory",9,0,9,17,4,17400,true,true,2100.0,21,2,0,131.29,9,0,3500,"tariff_tsunami",2,0,0,0,0,0,1.000,7.83,6,true,3,0,3,2,1,0,0.000,0.667,"||||crossing_pass|||||detour|||||||||crossing_pass||||",false,false,0,0
"Classic - Aggressive","Classic","Aggressive","CL-ORANGE02",1417,22,"Boss Vote Failed - Game Over","boss_vote_failed",7,0,10,20,3,16000,true,false,2100.0,22,0,0,137.25,7,0,3500,"",0,0,0,0,0,0,1.000,6.36,5,true,3,0,3,2,1,0,0.000,0.667,"||||crossing_pass|||||crossing_pass||||||||detour||||",false,false,0,0
"Classic - Aggressive","Classic","Aggressive","CL-ORANGE02",1418,22,"Boss Vote Failed - Game Over","boss_vote_failed",8,0,10,20,4,15500,true,false,2100.0,22,0,0,137.25,8,0,3500,"",0,0,0,0,0,0,1.000,7.27,6,true,3,0,3,2,1,0,0.000,0.667,"||||crossing_pass|||||crossing_pass||||||||detour||||",false,false,0,0
"Classic - Aggressive","Classic","Aggressive","CL-ORANGE02",1419,22,"Boss Vote Failed - Game Over","boss_vote_failed",6,0,8,20,3,17000,true,false,2100.0,22,0,0,137.25,6,0,3500,"",0,4,0,0,0,0,1.000,5.45,6,true,3,0,3,1,2,0,0.000,0.333,"||||crossing_pass||||detour|||||||||detour||||",false,false,0,0
"Classic - Aggressive","Classic","Aggressive","CL-ORANGE02",1420,22,"Boss Vote Failed - Game Over","boss_vote_failed",7,1,10,19,4,17900,true,false,2100.0,21,1,0,137.25,7,0,2500,"",0,0,0,0,0,1,1.000,6.36,6,true,3,0,2,2,0,0,0.000,1.000,"|repair|||crossing_pass|||||crossing_pass||||||||crossing_pass||||",false,false,0,0
"Classic - Aggressive","Classic","Aggressive","CL-ORANGE02",1421,23,"Boss Vote Failed - Game Over","boss_vote_failed",9,0,10,20,3,14900,true,false,2100.0,21,1,1,137.25,9,0,3500,"",0,0,0,0,0,0,0.957,7.83,5,true,3,0,3,3,0,0,0.000,1.000,"||||crossing_pass|||||crossing_pass||||||||crossing_pass|||||",false,false,0,0
"Classic - Aggressive","Classic","Aggressive","CL-ORANGE02",1422,24,"Boss Vote Failed - Game Over","boss_vote_failed",8,2,9,20,3,11000,true,false,2100.0,22,1,1,131.29,8,2700,2500,"",0,6,0,0,0,2,0.958,6.67,6,true,3,0,2,2,1,0,0.000,1.000,"repair|||||crossing_denied;detour|||||crossing_pass||||||||crossing_pass|repair||||",false,false,0,0
"Classic - Aggressive","Classic","Aggressive","CL-ORANGE02",1423,23,"Boss Vote Failed - Game Over","boss_vote_failed",10,1,10,18,2,15300,true,false,2100.0,21,1,1,137.25,10,0,2500,"",0,0,0,0,0,1,0.957,8.70,5,true,3,0,2,2,0,0,0.000,1.000,"||||crossing_pass|repair||||crossing_pass||||||||crossing_pass|||||",false,false,0,0
"Classic - Aggressive","Classic","Aggressive","CL-ORANGE02",1424,22,"Boss Vote Failed - Game Over","boss_vote_failed",8,0,10,19,4,16500,true,false,2100.0,22,0,0,137.25,8,0,3500,"",0,1,0,0,0,0,1.000,7.27,6,true,3,0,3,3,0,0,0.000,1.000,"||||crossing_pass|||||crossing_pass||||||||crossing_pass||||",false,false,0,0
"Classic - Aggressive","Classic","Aggressive","CL-ORANGE02",1425,23,"Boss Vote Failed - Game Over","boss_vote_failed",8,2,10,17,4,11800,true,false,2100.0,23,0,0,131.29,8,0,3500,"",0,5,0,0,0,2,1.000,6.96,7,true,3,0,3,2,1,0,0.000,0.667,"repair||||crossing_pass||||repair|detour||||||||crossing_pass|||||",false,false,0,0
"Classic - Aggressive","Classic","Aggressive","CL-ORANGE02",1426,23,"Boss Vote Failed - Game Over","boss_vote_failed",8,1,10,18,3,12900,true,false,2100.0,23,0,0,131.29,8,3100,3500,"",0,0,0,0,1,1,1.000,6.96,6,true,3,0,3,2,1,0,0.000,0.667,"||||crossing_pass|camp||||crossing_pass||||repair|||||detour||||",false,false,0,0
"Classic - Aggressive","Classic","Aggressive","CL-ORANGE02",1427,22,"Victory - Boss Defeated","boss.victory",8,1,9,20,4,15500,true,true,2100.0,22,0,0,137.25,8,0,3500,"",0,5,0,0,0,1,1.000,7.27,5,true,3,0,3,3,0,0,0.000,1.000,"||||crossing_pass||||crossing_pass||||||repair|||crossing_pass||||",false,false,0,0
"Classic - Aggressive","Classic","Aggressive","CL-ORANGE02",1428,22,"Victory - Boss Defeated","boss.victory",8,0,8,18,3,17000,true,true,2100.0,21,1,0,137.25,8,0,3500,"",0,0,0,0,0,0,1.000,7.27,5,true,3,0,3,3,0,0,0.000,1.000,"||||crossing_pass||||crossing_pass|||||||||crossing_pass||||",false,false,0,0
"Classic - Aggressive","Classic","Aggressive","CL-ORANGE02",1429,22,"Boss Vote Failed - Game Over","boss_vote_failed",8,0,10,15,4,17500,true,false,2100.0,19,2,1,143.79,8,0,3500,"war_dept_reorg",2,0,0,0,1,0,0.955,7.27,5,true,3,0,3,3,0,0,0.000,1.000,"|||camp|crossing_pass||||crossing_pass||||||||crossing_pass|||||",false,false,0,0
"Classic - Aggressive","Classic","Aggressive","CL-ORANGE02",1430,23,"Boss Vote Failed - Game Over","boss_vote_failed",8,0,10,17,2,16000,true,false,2100.0,22,0,1,137.25,8,0,3500,"",0,0,0,0,0,0,0.957,6.96,7,true,3,0,3,1,2,0,0.000,0.333,"||||detour|||||detour||||||||crossing_pass|||||",false,false,0,0
"Classic - Aggressive","Classic","Aggressive","CL-ORANGE02",1431,22,"Victory - Boss Defeated","boss.victory",8,0,10,19,4,16500,true,true,2100.0,22,0,0,137.25,8,0,3500,"",0,0,0,0,0,0,1.000,7.27,6,true,3,0,3,3,0,0,0.000,1.000,"||||crossing_pass||||crossing_pass|||||||||crossing_pass||||",false,false,0,0
"Classic - Aggressive","Classic","Aggressive","CL-ORANGE02",1432,22,"Boss Vote Failed - Game Over","boss_vote_failed",7,0,10,16,4,18000,true,false,2100.0,22,0,0,137.25,7,0,3500,"",0,0,0,0,0,0,1.000,6.36,6,true,3,0,3,3,0,0,0.000,1.000,"||||crossing_pass||||crossing_pass|||||||||crossing_pass||||",false,false,0,0
"Classic - Aggressive","Classic","Aggressive","CL-ORANGE02",1433,23,"Boss Vote Failed - Game Over","boss_vote_failed",8,0,10,18,3,15500,true,false,2100.0,22,0,1,137.25,8,0,3500,"",0,0,0,0,0,0,0.957,6.96,7,true,3,0,3,2,1,0,0.000,0.667,"||||detour|||||crossing_pass||||||||crossing_pass|||||",false,false,0,0
"Classic - Aggressive","Classic","Aggressive","CL-ORANGE02",1434,23,"Boss Vote Failed - Game Over","boss_vote_failed",8,0,9,20,3,16000,true,false,2100.0,22,0,1,137.25,8,0,3500,"",0,6,0,0,0,0,0.957,6.96,5,true,3,0,3,2,1,0,0.000,0.667,"||||detour|||||crossing_pass||||||||crossing_pass|||||",false,false,0,0
"Classic - Aggressive","Classic","Aggressive","CL-ORANGE02",1435,23,"Victory - Boss Defeated","boss.victory",9,0,8,17,4,17500,true,true,2100.0,22,1,0,131.29,9,0,3500,"",0,0,0,0,0,0,1.000,7.83,6,true,3,0,3,2,1,0,0.000,0.667,"||||crossing_pass|||||crossing_pass||||||||detour|||||",false,false,0,0
"Classic - Aggressive","Classic","Aggressive","CL-ORANGE02",1436,17,"Collapse (crossing) - Game Over","collapse_crossing",6,1,10,17,10,9800,false,false,1900.0,17,0,0,160.71,6,0,3500,"travel_ban_lite",1,0,0,0,0,1,1.000,6.00,5,false,3,0,3,2,0,1,0.333,0.667,"||||crossing_pass||||crossing_pass|||||||repair|crossing_fail",false,false,1,0
"Classic - Aggressive","Classic","Aggressive","CL-ORANGE02",1437,23,"Victory - Boss Defeated","boss.victory",8,0,9,19,4,16000,true,true,2100.0,22,0,1,137.25,8,0,3500,"",0,2,0,0,0,0,0.957,6.96,6,true,3,0,3,3,0,0,0.000,1.000,"||||crossing_pass||||crossing_pass|||||||||crossing_pass|||||",false,false,0,0
"Classic - Aggressive","Classic","Aggressive","CL-ORANGE02",1438,22,"Boss Vote Failed - Game Over","boss_vote_failed",8,0,8,20,4,16500,true,false,2100.0,21,1,0,137.25,8,0,3500,"",0,0,0,0,0,0,1.000,7.27,5,true,3,0,3,1,2,0,0.000,0.333,"||||crossing_pass||||detour|||||||||detour||||",false,false,0,0
"Classic - Aggressive","Classic","Aggressive","CL-ORANGE02",1439,22,"Victory - Boss Defeated","boss.victory",8,1,9,19,4,16000,true,true,2100.0,21,1,0,137.25,8,0,3500,"",0,4,0,0,0,1,1.000,7.27,6,true,3,0,3,3,0,0,0.000,1.000,"|||repair|crossing_pass|||||crossing_pass||||||||crossing_pass||||",false,false,0,0
"Classic - Aggressive","Classic","Aggressive","CL-ORANGE02",1440,22,"Boss Vote Failed - Game Over","boss_vote_failed",8,1,10,18,4,16500,true,false,2100.0,21,1,0,137.25,8,0,3500,"",0,0,0,0,0,1,1.000,7.27,5,true,3,0,3,3,0,0,0.000,1.000,"||||crossing_pass|||repair||crossing_pass||||||||crossing_pass||||",false,false,0,0
"Classic - Aggressive","Classic","Aggressive","CL-ORANGE02",1441,22,"Boss Vote Failed - Game Over","boss_vote_failed",7,1,9,18,4,16200,true,false,2100.0,22,0,0,137.25,7,0,2500,"",0,0,0,0,0,1,1.000,6.36,6,true,3,0,2,1,1,0,0.000,0.500,"repair||||detour|||||crossing_pass||||||||crossing_pass||||",false,false,0,0
"Classic - Aggressive","Classic","Aggressive","CL-ORANGE02",1442,22,"Boss Vote Failed - Game Over","boss_vote_failed",8,1,10,18,4,14900,true,false,2100.0,22,0,0,137.25,8,0,3500,"",0,0,0,0,0,1,1.000,7.27,6,true,3,0,3,3,0,0,0.000,1.000,"||||crossing_pass|||repair||crossing_pass||||||||crossing_pass||||",false,false,0,0
"Classic - Aggressive","Classic","Aggressive","CL-ORANGE02",1443,23,"Victory - Boss Defeated","boss.victory",7,0,10,18,3,17900,true,true,2100.0,21,0,2,143.79,7,0,3500,"",0,0,0,0,1,0,0.913,6.09,5,true,3,0,3,2,1,0,0.000,0.667,"||||crossing_pass||||detour|||||||||crossing_pass|camp||||",false,false,0,0
"Classic - Aggressive","Classic","Aggressive","CL-ORANGE02",1444,22,"Boss Vote Failed - Game Over","boss_vote_failed",8,0,10,20,4,16000,true,false,2100.0,21,1,0,137.25,8,0,3500,"",0,0,0,0,0,0,1.000,7.27,6,true,3,0,3,3,0,0,0.000,1.000,"||||crossing_pass|||||crossing_pass||||||||crossing_pass||||",false,false,0,0
"Classic - Aggressive","Classic","Aggressive","CL-ORANGE02",1445,22,"Boss Vote Failed - Game Over","boss_vote_failed",7,0,10,20,4,16500,true,false,2100.0,22,0,0,137.25,7,0,3500,"",0,0,0,0,0,0,1.000,6.36,6,true,3,0,3,2,1,0,0.000,0.667,"||||crossing_pass||||detour|||||||||crossing_pass||||",false,false,0,0
"Classic - Aggressive","Classic","Aggressive","CL-ORANGE02",1446,17,"Collapse (crossing) - Game Over","collapse_crossing",6,0,9,19,10,10800,false,false,1900.0,17,0,0,160.71,6,0,3500,"",0,0,0,0,0,0,1.000,6.00,5,false,3,0,3,2,0,1,0.333,0.667,"||||crossing_pass||||crossing_pass||||||||crossing_fail",false,false,0,0
"Classic - Aggressive","Classic","Aggressive","CL-ORANGE02",1447,22,"Boss Vote Failed - Game Over","boss_vote_failed",8,1,8,20,4,15000,true,false,2100.0,22,0,0,137.25,8,0,3500,"",0,0,0,0,1,1,1.000,7.27,5,true,3,0,3,3,0,0,0.000,1.000,"||||crossing_pass||||crossing_pass|||repair||||camp||crossing_pass||||",false,false,0,0
"Classic - Aggressive","Classic","Aggressive","CL-ORANGE02",1448,22,"Boss Vote Failed - Game Over","boss_vote_failed",8,0,9,18,3,17000,true,false,2100.0,22,0,0,137.25,8,0,3500,"",0,3,0,0,0,0,1.000,7.27,5,true,3,0,3,3,0,0,0.000,1.000,"||||crossing_pass||||crossing_pass|||||||||crossing_pass||||",false,false,0,0
"Classic - Aggressive","Classic","Aggressive","CL-ORANGE02",1449,23,"Boss Vote Failed - Game Over","boss_vote_failed",7,1,9,19,3,15600,true,false,2100.0,22,0,1,137.25,7,0,2500,"",0,0,0,0,0,1,0.957,6.09,5,true,3,0,2,2,1,0,0.000,1.000,"||||crossing_pass|||||detour||||||||repair;crossing_pass|||||",false,false,0,0
"Classic - Aggressive","Classic","Aggressive","CL-ORANGE02",1450,23,"Victory - Boss Defeated","boss.victory",8,0,8,15,4,17400,true,true,2100.0,23,0,0,131.29,8,0,3500,"",0,0,0,0,0,0,1.000,6.96,6,true,3,0,3,2,1,0,0.000,0.667,"||||detour|||||crossing_pass|||||||||crossing_pass||||",false,false,0,0
"Classic - Aggressive","Classic","Aggressive","CL-ORANGE02",1451,22,"Boss Vote Failed - Game Over","boss_vote_failed",6,1,10,18,3,15500,true,false,2100.0,20,1,1,143.79,6,0,3500,"",0,0,0,0,0,1,0.955,5.45,5,true,3,0,3,3,0,0,0.000,1.000,"||||crossing_pass||||crossing_pass||||repair||||crossing_pass|||||",false,false,0,0
"Classic - Aggressive","Classic","Aggressive","CL-ORANGE02",1452,22,"Boss Vote Failed - Game Over","boss_vote_failed",7,0,9,18,3,17000,true,false,2100.0,21,0,1,143.79,7,0,3500,"",0,0,0,0,1,0,0.955,6.36,6,true,3,0,3,3,0,0,0.000,1.000,"|||camp|crossing_pass||||crossing_pass||||||||crossing_pass|||||",false,false,0,0
"Classic - Aggressive","Classic","Aggressive","CL-ORANGE02",1453,22,"Boss Vote Failed - Game Over","boss_vote_failed",7,0,9,17,3,17000,true,false,2100.0,21,1,0,137.25,7,0,3500,"",0,0,0,0,0,0,1.000,6.36,6,true,3,0,3,3,0,0,0.000,1.000,"||||crossing_pass||||crossing_pass|||||||||crossing_pass||||",false,false,0,0
"Classic - Aggressive","Classic","Aggressive","CL-ORANGE02",1454,18,"Collapse (crossing) - Game Over","collapse_crossing",7,0,10,20,10,9800,false,false,1900.0,18,0,0,151.78,7,0,3500,"",0,2,0,0,0,0,1.000,7.00,7,false,3,0,3,2,0,1,0.333,0.667,"||||crossing_pass|||||crossing_pass||||||||crossing_fail",false,false,0,0
"Classic - Aggressive","Classic","Aggressive","CL-ORANGE02",1455,22,"Boss Vote Failed - Game Over","boss_vote_failed",7,1,10,18,4,15300,true,false,2100.0,21,1,0,137.25,7,0,3500,"",0,4,0,0,0,1,1.000,6.36,5,true,3,0,3,3,0,0,0.000,1.000,"||||crossing_pass||||crossing_pass||||repair|||||crossing_pass||||",false,false,0,0
"Classic - Aggressive","Classic","Aggressive","CL-ORANGE02",1456,23,"Victory - Boss Defeated","boss.victory",7,0,10,20,4,15400,true,true,2100.0,22,0,1,137.25,7,0,3500,"",0,0,0,0,1,0,0.957,6.09,5,true,3,0,3,2,1,0,0.000,0.667,"||||detour|||||crossing_pass|||||camp||||crossing_pass||||",false,false,0,0
"Classic - Aggressive","Classic","Aggressive","CL-ORANGE02",1457,23,"Victory - Boss Defeated","boss.victory",8,0,9,19,3,17500,true,true,2100.0,21,1,1,137.25,8,0,3500,"",0,0,0,0,0,0,0.957,6.96,5,true,3,0,3,3,0,0,0.000,1.000,"||||crossing_pass|||||crossing_pass||||||||crossing_pass|||||",false,false,0,0
"Classic - Aggressive","Classic","Aggressive","CL-ORANGE02",1458,23,"Boss Vote Failed - Game Over","boss_vote_failed",8,1,10,18,3,14700,true,false,2100.0,22,0,1,137.25,8,0,3500,"",0,6,0,0,0,1,0.957,6.96,7,true,3,0,3,3,0,0,0.000,1.000,"||||crossing_pass|||||crossing_pass||||||||crossing_pass|repair||||",false,false,0,0
"Classic - Aggressive","Classic","Aggressive","CL-ORANGE02",1459,22,"Victory - Boss Defeated","boss.victory",9,0,10,20,4,16000,true,true,2100.0,21,0,1,143.79,9,0,3500,"",0,0,0,0,1,0,0.955,8.18,5,true,3,0,3,3,0,0,0.000,1.000,"||||crossing_pass||camp|||crossing_pass||||||||crossing_pass||||",false,false,0,0
"Classic - Aggressive","Classic","Aggressive","CL-ORANGE02",1460,22,"Boss Vote Failed - Game Over","boss_vote_failed",7,0,10,18,4,16500,true,false,2100.0,21,1,0,137.25,7,0,3500,"",0,0,0,0,0,0,1.000,6.36,6,true,3,0,3,2,1,0,0.000,0.667,"||||crossing_pass||||crossing_pass||||||||detour|||||",false,false,0,0
"Classic - Aggressive","Classic","Aggressive","CL-ORANGE02",1461,22,"Boss Vote Failed - Game Over","boss_vote_failed",7,0,10,19,4,16500,true,false,2100.0,22,0,0,137.25,7,0,3500,"",0,2,0,0,0,0,1.000,6.36,6,true,3,0,3,3,0,0,0.000,1.000,"||||crossing_pass|||||crossing_pass||||||||crossing_pass||||",false,false,0,0
"Classic - Aggressive","Classic","Aggressive","CL-ORANGE02",1462,22,"Boss Vote Failed - Game Over","boss_vote_failed",7,0,9,20,4,17000,true,false,2100.0,22,0,0,137.25,7,0,3500,"",0,0,0,0,0,0,1.000,6.36,6,true,3,0,3,1,2,0,0.000,0.333,"||||detour|||||detour||||||||crossing_pass||||",false,false,0,0
"Classic - Aggressive","Classic","Aggressive","CL-ORANGE02",1463,22,"Boss Vote Failed - Game Over","boss_vote_failed",8,0,10,16,4,16500,true,false,2100.0,21,1,0,137.25,8,0,3500,"tariff_tsunami",2,0,0,0,0,0,1.000,7.27,6,true,3,0,3,3,0,0,0.000,1.000,"||||crossing_pass||||crossing_pass||||||||crossing_pass|||||",false,false,0,0
"Classic - Aggressive","Classic","Aggressive","CL-ORANGE02",1464,22,"Victory - Boss Defeated","boss.victory",7,2,10,18,4,13100,true,true,2100.0,21,1,0,137.25,7,0,2500,"",0,0,0,0,0,2,1.000,6.36,5,true,3,0,2,2,0,0,0.000,1.000,"|||repair|crossing_pass||||crossing_pass||||repair|||||crossing_pass||||",false,false,0,0
"Classic - Aggressive","Classic","Aggressive","CL-ORANGE02",1465,23,"Boss Vote Failed - Game Over","boss_vote_failed",7,0,10,17,3,16000,true,false,2100.0,21,1,1,137.25,7,0,3500,"",0,5,0,0,0,0,0.957,6.09,6,true,3,0,3,2,1,0,0.000,0.667,"||||crossing_pass|||||crossing_pass||||||||detour|||||",false,false,0,0
"Classic - Aggressive","Classic","Aggressive","CL-ORANGE02",1466,22,"Boss Vote Failed - Game Over","boss_vote_failed",7,0,10,19,4,17000,true,false,2100.0,21,0,1,143.79,7,0,3500,"",0,0,0,0,0,0,0.955,6.36,6,true,3,0,3,2,1,0,0.000,0.667,"||||crossing_pass||||detour||||||||crossing_pass|||||",false,false,0,0
"Classic - Aggressive","Classic","Aggressive","CL-ORANGE02",1467,22,"Boss Vote Failed - Game Over","boss_vote_failed",6,0,8,17,4,17000,true,false,2100.0,22,0,0,137.25,6,0,3500,"",0,8,0,0,0,0,1.000,5.45,6,true,3,0,3,2,1,0,0.000,0.667,"||||crossing_pass||||detour|||||||||crossing_pass||||",false,false,0,0
"Classic - Aggressive","Classic","Aggressive","CL-ORANGE02",1468,22,"Boss Vote Failed - Game Over","boss_vote_failed",6,0,10,17,4,17000,true,false,2100.0,22,0,0,137.25,6,0,3500,"",0,0,0,0,0,0,1.000,5.45,6,true,3,0,3,3,0,0,0.000,1.000,"||||crossing_pass||||crossing_pass|||||||||crossing_pass||||",false,false,0,0
"Classic - Aggressive","Classic","Aggressive","CL-ORANGE02",1469,24,"Boss Vote Failed - Game Over","boss_vote_failed",9,1,10,18,3,15200,true,false,2100.0,22,1,1,131.29,9,0,3500,"",0,0,0,0,1,1,0.958,7.50,7,true,3,0,3,3,0,0,0.000,1.000,"||||crossing_pass;repair|||||crossing_pass|||||||||crossing_pass|||camp||",false,false,0,0
"Classic - Aggressive","Classic","Aggressive","CL-ORANGE02",1470,22,"Victory - Boss Defeated","boss.victory",6,1,10,20,4,16000,true,true,2100.0,22,0,0,137.25,6,0,3500,"",0,0,0,0,0,1,1.000,5.45,5,true,3,0,3,2,1,0,0.000,0.667,"||||crossing_pass||||repair|crossing_pass||||||||detour||||",false,false,0,0
"Classic - Aggressive","Classic","Aggressive","CL-ORANGE02",1471,23,"Boss Vote Failed - Game Over","boss_vote_failed",8,0,10,18,4,16400,true,false,2100.0,22,1,0,131.29,8,0,3500,"",0,8,0,0,0,0,1.000,6.96,6,true,3,0,3,3,0,0,0.000,1.000,"||||crossing_pass||||||crossing_pass||||||||crossing_pass||||",false,false,0,0
"Classic - Aggressive","Classic","Aggressive","CL-ORANGE02",1472,23,"Boss Vote Failed - Game Over","boss_vote_failed",8,1,9,20,4,14300,true,false,2100.0,20,2,1,137.25,8,0,3500,"",0,0,0,0,0,1,0.957,6.96,5,true,3,0,3,3,0,0,0.000,1.000,"||||crossing_pass|||||crossing_pass|||||||repair|crossing_pass|||||",false,false,0,0
"Classic - Aggressive","Classic","Aggressive","CL-ORANGE02",1473,10,"Collapse (crossing) - Game Over","collapse_crossing",4,1,10,16,10,900,false,false,1250.0,10,0,0,179.74,4,0,1000,"",0,0,0,0,0,1,1.000,4.00,4,false,2,0,1,1,0,1,0.500,1.000,"repair|||||crossing_pass||||crossing_fail",false,false,0,0
"Classic - Aggressive","Classic","Aggressive","CL-ORANGE02",1474,23,"Boss Vote Failed - Game Over","boss_vote_failed",8,0,10,20,4,15900,true,false,2100.0,22,0,1,137.25,8,0,3500,"",0,0,0,0,0,0,0.957,6.96,5,true,3,0,3,3,0,0,0.000,1.000,"||||crossing_pass|||||crossing_pass||||||||crossing_pass|||||",false,false,0,0
"Classic - Aggressive","Classic","Aggressive","CL-ORANGE02",1475,22,"Boss Vote Failed - Game Over","boss_vote_failed",7,0,9,20,3,17000,true,false,2100.0,22,0,0,137.25,7,0,3500,"",0,0,0,0,0,0,1.000,6.36,6,true,3,0,3,3,0,0,0.000,1.000,"||||crossing_pass||||crossing_pass|||||||||crossing_pass||||",false,false,0,0
"Classic - Aggressive","Classic","Aggressive","CL-ORANGE02",1476,17,"Collapse (crossing) - Game Over","collapse_crossing",6,0,10,19,10,11300,false,false,1900.0,17,0,0,160.71,6,0,3500,"",0,0,0,0,0,0,1.000,6.00,5,false,3,0,3,2,0,1,0.333,0.667,"||||crossing_pass||||crossing_pass||||||||crossing_fail",false,false,0,0
"Classic - Aggressive","Classic","Aggressive","CL-ORANGE02",1477,10,"Collapse (crossing) - Game Over","collapse_crossing",5,0,10,15,9,900,false,false,1250.0,10,0,0,179.74,5,0,1000,"shutdown",2,0,0,0,0,0,1.000,5.00,4,false,2,0,1,1,0,1,0.500,1.000,"||||crossing_pass|||||crossing_fail",false,false,0,0
"Classic - Aggressive","Classic","Aggressive","CL-ORANGE02",1478,23,"Victory - Boss Defeated","boss.victory",6,0,10,18,4,16000,true,true,2100.0,23,0,0,131.29,6,0,3500,"",0,0,0,0,1,0,1.000,5.22,6,true,3,0,3,3,0,0,0.000,1.000,"||||crossing_pass|||||crossing_pass||||||camp|||crossing_pass||||",false,false,0,0
"Classic - Aggressive","Classic","Aggressive","CL-ORANGE02",1479,23,"Victory - Boss Defeated","boss.victory",9,0,9,19,4,15200,true,true,2100.0,23,0,0,131.29,9,0,3500,"",0,0,0,1,0,0,1.000,7.83,6,true,3,0,3,1,2,0,0.000,0.333,"||||crossing_pass|||||detour||||||||detour|||||",false,false,0,0
"Classic - Aggressive","Classic","Aggressive","CL-ORANGE02",1480,22,"Victory - Boss Defeated","boss.victory",7,0,10,18,3,16500,true,true,2100.0,20,1,1,143.79,7,0,3500,"",0,0,0,0,0,0,0.955,6.36,6,true,3,0,3,3,0,0,0.000,1.000,"||||crossing_pass||||crossing_pass||||||||crossing_pass|||||",false,false,0,0
"Classic - Aggressive","Classic","Aggressive","CL-ORANGE02",1481,22,"Victory - Boss Defeated","boss.victory",9,0,8,19,3,16000,true,true,2100.0,22,0,0,137.25,9,0,3500,"",0,0,0,0,0,0,1.000,8.18,6,true,3,0,3,3,0,0,0.000,1.000,"||||crossing_pass||||crossing_pass|||||||||crossing_pass||||",false,false,0,0
"Classic - Aggressive","Classic","Aggressive","CL-ORANGE02",1482,22,"Victory - Boss Defeated","boss.victory",6,0,10,18,3,16400,true,true,2100.0,21,0,1,143.79,6,0,3500,"",0,3,0,0,0,0,0.955,5.45,5,true,3,0,3,3,0,0,0.000,1.000,"||||crossing_pass||||crossing_pass||||||||crossing_pass|||||",false,false,0,0
"Classic - Aggressive","Classic","Aggressive","CL-ORANGE02",1483,22,"Boss Vote Failed - Game Over","boss_vote_failed",7,0,10,18,3,17500,true,false,2100.0,21,0,1,143.79,7,0,3500,"",0,0,0,0,0,0,0.955,6.36,6,true,3,0,3,3,0,0,0.000,1.000,"||||crossing_pass||||crossing_pass|||||||||crossing_pass||||",false,false,0,0
"Classic - Aggressive","Classic","Aggressive","CL-ORANGE02",1484,22,"Boss Vote Failed - Game Over","boss_vote_failed",7,0,10,16,4,17400,true,false,2100.0,22,0,0,137.25,7,0,3500,"",0,2,0,0,0,0,1.000,6.36,6,true,3,0,3,3,0,0,0.000,1.000,"||||crossing_pass||||crossing_pass|||||||||crossing_pass||||",false,false,0,0
"Classic - Aggressive","Classic","Aggressive","CL-ORANGE02",1485,22,"Boss Vote Failed - Game Over","boss_vote_failed",7,0,10,17,4,17500,true,false,2100.0,21,1,0,137.25,7,0,3500,"",0,0,0,0,1,0,1.000,6.36,5,true,3,0,3,3,0,0,0.000,1.000,"||||crossing_pass||||crossing_pass|||||||camp||crossing_pass||||",false,false,0,0
"Classic - Aggressive","Classic","Aggressive","CL-ORANGE02",1486,22,"Boss Vote Failed - Game Over","boss_vote_failed",7,0,9,18,4,17000,true,false,2100.0,21,1,0,137.25,7,0,3500,"",0,2,0,0,0,0,1.000,6.36,6,true,3,0,3,3,0,0,0.000,1.000,"||||crossing_pass||||crossing_pass|||||||||crossing_pass||||",false,false,0,0
"Classic - Aggressive","Classic","Aggressive","CL-ORANGE02",1487,22,"Victory - Boss Defeated","boss.victory",7,0,9,18,3,17900,true,true,2100.0,22,0,0,137.25,7,0,3500,"",0,0,0,0,0,0,1.000,6.36,7,true,3,0,3,2,1,0,0.000,0.667,"||||crossing_pass||||detour|||||||||crossing_pass||||",false,false,0,0
"Classic - Aggressive","Classic","Aggressive","CL-ORANGE02",1488,22,"Boss Vote Failed - Game Over","boss_vote_failed",7,0,9,17,3,18000,true,false,2100.0,20,2,0,137.25,7,0,3500,"",0,0,0,0,0,0,1.000,6.36,6,true,3,0,3,1,2,0,0.000,0.333,"||||crossing_pass||||detour|||||||||detour||||",false,false,0,0
"Classic - Aggressive","Classic","Aggressive","CL-ORANGE02",1489,22,"Boss Vote Failed - Game Over","boss_vote_failed",7,0,10,20,4,16500,true,false,2100.0,21,1,0,137.25,7,0,3500,"",0,0,0,0,0,0,1.000,6.36,6,true,3,0,3,2,1,0,0.000,0.667,"||||crossing_pass|||||detour||||||||crossing_pass||||",false,false,0,0
"Classic - Aggressive","Classic","Aggressive","CL-ORANGE02",1490,22,"Boss Vote Failed - Game Over","boss_vote_failed",7,0,9,18,4,17000,true,false,2100.0,21,0,1,143.79,7,0,3500,"",0,0,0,0,0,0,0.955,6.36,5,true,3,0,3,3,0,0,0.000,1.000,"||||crossing_pass||||crossing_pass||||||||crossing_pass|||||",false,false,0,0
"Classic - Aggressive","Classic","Aggressive","CL-ORANGE02",1491,23,"Victory - Boss Defeated","boss.victory",8,0,9,20,2,16400,true,true,2100.0,22,0,1,137.25,8,0,3500,"",0,0,0,0,0,0,0.957,6.96,7,true,3,0,3,2,1,0,0.000,0.667,"||||crossing_pass||||crossing_pass|||||||||detour|||||",false,false,0,0
"Classic - Aggressive","Classic","Aggressive","CL-ORANGE02",1492,22,"Boss Vote Failed - Game Over","boss_vote_failed",7,0,6,17,4,17500,true,false,2100.0,22,0,0,137.25,7,0,3500,"travel_ban_lite",1,0,0,0,0,0,1.000,6.36,6,true,3,0,3,3,0,0,0.000,1.000,"||||crossing_pass||||crossing_pass||||||||crossing_pass|||||",false,false,0,0
"Classic - Aggressive","Classic","Aggressive","CL-ORANGE02",1493,23,"Victory - Boss Defeated","boss.victory",8,1,10,20,3,15500,true,true,2100.0,22,0,1,137.25,8,0,3500,"",0,5,0,0,0,1,0.957,6.96,5,true,3,0,3,3,0,0,0.000,1.000,"||||repair|crossing_pass||||crossing_pass|||||||||crossing_pass||||",false,false,0,0
"Classic - Aggressive","Classic","Aggressive","CL-ORANGE02",1494,22,"Boss Vote Failed - Game Over","boss_vote_failed",6,0,9,20,3,16000,true,false,2100.0,22,0,0,137.25,6,0,3500,"",0,9,0,0,0,0,1.000,5.45,6,true,3,0,3,2,1,0,0.000,0.667,"||||crossing_pass||||detour|||||||||crossing_pass||||",false,false,0,0
"Classic - Aggressive","Classic","Aggressive","CL-ORANGE02",1495,22,"Boss Vote Failed - Game Over","boss_vote_failed",8,0,8,20,3,16500,true,false,2100.0,21,0,1,143.79,8,0,3500,"",0,0,0,0,0,0,0.955,7.27,6,true,3,0,3,3,0,0,0.000,1.000,"||||crossing_pass||||crossing_pass||||||||crossing_pass|||||",false,false,0,0
"Classic - Aggressive","Classic","Aggressive","CL-ORANGE02",1496,23,"Boss Vote Failed - Game Over","boss_vote_failed",8,1,10,19,3,15400,true,false,2100.0,22,0,1,137.25,8,0,3500,"",0,1,0,0,1,1,0.957,6.96,6,true,3,0,3,2,1,0,0.000,0.667,"||||detour||repair|||crossing_pass||||||||camp|crossing_pass||||",false,false,0,0
"Classic - Aggressive","Classic","Aggressive","CL-ORANGE02",1497,23,"Boss Vote Failed - Game Over","boss_vote_failed",7,3,9,20,3,13100,true,false,2100.0,22,0,1,137.25,7,0,1500,"",0,0,0,0,0,3,0.957,6.09,6,true,3,0,1,1,1,0,0.000,1.000,"||||repair|detour||repair||crossing_pass|||||||repair|crossing_pass|||||",false,false,0,0
"Classic - Aggressive","Classic","Aggressive","CL-ORANGE02",1498,22,"Boss Vote Failed - Game Over","boss_vote_failed",7,0,9,19,3,16500,true,false,2100.0,21,0,1,143.79,7,0,3500,"",0,1,0,0,0,0,0.955,6.36,5,true,3,0,3,3,0,0,0.000,1.000,"||||crossing_pass||||crossing_pass||||||||crossing_pass|||||",false,false,0,0
"Classic - Aggressive","Classic","Aggressive","CL-ORANGE02",1499,23,"Boss Vote Failed - Game Over","boss_vote_failed",7,0,10,18,3,14400,true,false,2100.0,22,0,1,137.25,7,0,3500,"",0,7,0,0,1,0,0.957,6.09,7,true,3,0,3,3,0,0,0.000,1.000,"||||crossing_pass||||crossing_pass||||||||camp||crossing_pass||||",false,false,0,0
"Classic - Aggressive","Classic","Aggressive","CL-ORANGE02",1500,22,"Boss Vote Failed - Game Over","boss_vote_failed",9,0,8,19,2,16500,true,false,2100.0,22,0,0,137.25,9,0,3500,"",0,0,0,0,0,0,1.000,8.18,6,true,3,0,3,1,2,0,0.000,0.333,"||||detour||||detour|||||||||crossing_pass||||",false,false,0,0
"Classic - Aggressive","Classic","Aggressive","CL-ORANGE02",1501,22,"Boss Vote Failed - Game Over","boss_vote_failed",9,0,10,18,4,16100,true,false,2100.0,20,2,0,137.25,9,0,2500,"",0,0,0,0,0,0,1.000,8.18,5,true,3,0,2,2,0,0,0.000,1.000,"||||crossing_pass|||||crossing_pass||||||||crossing_pass||||",false,false,0,0
"Classic - Aggressive","Classic","Aggressive","CL-ORANGE02",1502,22,"Boss Vote Failed - Game Over","boss_vote_failed",6,1,9,16,4,16000,true,false,2100.0,22,0,0,137.25,6,0,2500,"",0,8,0,0,0,1,1.000,5.45,6,true,3,0,2,2,0,0,0.000,1.000,"||||crossing_pass;repair|||||crossing_pass||||||||crossing_pass||||",false,false,0,0
"Classic - Aggressive","Classic","Aggressive","CL-ORANGE02",1503,22,"Boss Vote Failed - Game Over","boss_vote_failed",8,0,9,19,3,16500,true,false,2100.0,22,0,0,137.25,8,0,3500,"",0,3,0,0,0,0,1.000,7.27,6,true,3,0,3,3,0,0,0.000,1.000,"||||crossing_pass||||crossing_pass|||||||||crossing_pass||||",false,false,0,0
"Classic - Aggressive","Classic","Aggressive","CL-ORANGE02",1504,22,"Boss Vote Failed - Game Over","boss_vote_failed",9,0,10,19,3,16500,true,false,2100.0,21,1,0,137.25,9,0,3500,"",0,0,0,0,0,0,1.000,8.18,5,true,3,0,3,2,1,0,0.000,0.667,"||||detour|||||crossing_pass||||||||crossing_pass||||",false,false,0,0
"Classic - Aggressive","Classic","Aggressive","CL-ORANGE02",1505,22,"Boss Vote Failed - Game Over","boss_vote_failed",7,0,10,19,4,17500,true,false,2100.0,20,1,1,143.79,7,0,3500,"",0,0,0,0,0,0,0.955,6.36,5,true,3,0,3,3,0,0,0.000,1.000,"||||crossing_pass||||crossing_pass||||||||crossing_pass|||||",false,false,0,0
"Classic - Aggressive","Classic","Aggressive","CL-ORANGE02",1506,22,"Boss Vote Failed - Game Over","boss_vote_failed",8,0,9,20,1,18500,true,false,2100.0,22,0,0,137.25,8,0,3500,"",0,8,0,0,0,0,1.000,7.27,7,true,3,0,3,3,0,0,0.000,1.000,"||||crossing_pass|||||crossing_pass||||||||crossing_pass||||",false,false,0,0
"Classic - Aggressive","Classic","Aggressive","CL-ORANGE02",1507,23,"Boss Vote Failed - Game Over","boss_vote_failed",7,0,10,18,3,16000,true,false,2100.0,22,0,1,137.25,7,0,3500,"",0,0,0,0,1,0,0.957,6.09,5,true,3,0,3,3,0,0,0.000,1.000,"||||crossing_pass|||||crossing_pass|||||||camp||crossing_pass||||",false,false,0,0
"Classic - Aggressive","Classic","Aggressive","CL-ORANGE02",1508,23,"Boss Vote Failed - Game Over","boss_vote_failed",6,1,10,17,4,13900,true,false,2100.0,21,1,1,137.25,6,3100,3500,"",0,1,0,0,1,1,0.957,5.22,5,true,3,0,3,3,0,0,0.000,1.000,"||||crossing_pass||||crossing_pass||||repair|||camp|||crossing_pass||||",false,false,0,0
"Classic - Aggressive","Classic","Aggressive","CL-ORANGE02",1509,19,"Collapse (crossing) - Game Over","collapse_crossing",8,0,10,18,8,10700,false,false,1900.0,19,0,0,143.79,8,0,3500,"",0,8,0,0,1,0,1.000,8.00,5,false,3,0,3,2,0,1,0.333,0.667,"||camp|||crossing_pass||||crossing_pass|||||||||crossing_fail",false,false,0,0
"Classic - Aggressive","Classic","Aggressive","CL-ORANGE02",1510,22,"Boss Vote Failed - Game Over","boss_vote_failed",7,0,8,20,4,16000,true,false,2100.0,21,1,0,137.25,7,0,3500,"",0,0,0,0,0,0,1.000,6.36,4,true,3,0,3,2,1,0,0.000,0.667,"||||crossing_pass||||crossing_pass|||||||||detour||||",false,false,0,0
"Classic - Aggressive","Classic","Aggressive","CL-ORANGE02",1511,22,"Victory - Boss Defeated","boss.victory",6,1,9,19,4,15300,true,true,2100.0,22,0,0,137.25,6,2700,2500,"",0,0,0,0,0,1,1.000,5.45,5,true,3,0,2,2,0,0,0.000,1.000,"||||crossing_pass||||repair|crossing_pass||||||||crossing_pass||||",false,false,0,0
"Classic - Aggressive","Classic","Aggressive","CL-ORANGE02",1512,22,"Boss Vote Failed - Game Over","boss_vote_failed",8,0,9,18,3,17900,true,false,2100.0,22,0,0,137.25,8,0,3500,"",0,0,0,0,0,0,1.000,7.27,6,true,3,0,3,3,0,0,0.000,1.000,"||||crossing_pass|||||crossing_pass||||||||crossing_pass||||",false,false,0,0
"Classic - Aggressive","Classic","Aggressive","CL-ORANGE02",1513,22,"Boss Vote Failed - Game Over","boss_vote_failed",8,0,10,19,4,16500,true,false,2100.0,22,0,0,137.25,8,0,3500,"",0,0,0,0,0,0,1.000,7.27,6,true,3,0,3,3,0,0,0.000,1.000,"||||crossing_pass|||||crossing_pass||||||||crossing_pass||||",false,false,0,0
"Classic - Aggressive","Classic","Aggressive","CL-ORANGE02",1514,22,"Victory - Boss Defeated","boss.victory",8,0,10,20,4,17000,true,true,2100.0,21,1,0,137.25,8,0,3500,"",0,0,0,0,0,0,1.000,7.27,5,true,3,0,3,3,0,0,0.000,1.000,"||||crossing_pass|||||crossing_pass||||||||crossing_pass||||",false,false,0,0
"Classic - Aggressive","Classic","Aggressive","CL-ORANGE02",1515,23,"Boss Vote Failed - Game Over","boss_vote_failed",7,0,9,18,4,16000,true,false,2100.0,21,1,1,137.25,7,0,3500,"",0,0,0,0,0,0,0.957,6.09,5,true,3,0,3,3,0,0,0.000,1.000,"||||crossing_pass|||||crossing_pass||||||||crossing_pass|||||",false,false,0,0
"Classic - Aggressive","Classic","Aggressive","CL-ORANGE02",1516,24,"Victory - Boss Defeated","boss.victory",9,0,10,18,2,16500,true,true,2100.0,23,0,1,131.29,9,0,2500,"",0,0,0,0,1,0,0.958,7.50,6,true,3,0,2,2,1,0,0.000,1.000,"|||camp||detour|||||crossing_pass||||||||crossing_pass|||||",false,false,0,0
"Classic - Aggressive","Classic","Aggressive","CL-ORANGE02",1517,23,"Boss Vote Failed - Game Over","boss_vote_failed",8,1,10,18,4,15500,true,false,2100.0,23,0,0,131.29,8,0,3500,"",0,1,0,0,1,1,1.000,6.96,7,true,3,0,3,3,0,0,0.000,1.000,"||camp|||crossing_pass;repair||||crossing_pass|||||||||crossing_pass||||",false,false,0,0
"Classic - Aggressive","Classic","Aggressive","CL-ORANGE02",1518,22,"Boss Vote Failed - Game Over","boss_vote_failed",6,1,10,20,4,13900,true,false,2100.0,21,1,0,137.25,6,3100,3500,"",0,0,1,0,0,1,1.000,5.45,6,true,3,0,3,2,1,0,0.000,0.667,"||||crossing_pass||||crossing_pass|||repair||||||detour||||",false,false,0,0
"Classic - Aggressive","Classic","Aggressive","CL-ORANGE02",1519,23,"Boss Vote Failed - Game Over","boss_vote_failed",8,0,9,18,4,16500,true,false,2100.0,23,0,0,131.29,8,0,3500,"",0,5,0,0,1,0,1.000,6.96,5,true,3,0,3,2,1,0,0.000,0.667,"||||detour|||||crossing_pass||||||||camp|crossing_pass||||",false,false,0,0
"Classic - Aggressive","Classic","Aggressive","CL-ORANGE02",1520,22,"Boss Vote Failed - Game Over","boss_vote_failed",9,0,9,19,3,16500,true,false,2100.0,22,0,0,137.25,9,0,3500,"",0,0,0,0,0,0,1.000,8.18,5,true,3,0,3,3,0,0,0.000,1.000,"||||crossing_pass|||||crossing_pass||||||||crossing_pass||||",false,false,0,0
"Classic - Aggressive","Classic","Aggressive","CL-ORANGE02",1521,22,"Victory - Boss Defeated","boss.victory",7,0,9,19,4,16500,true,true,2100.0,22,0,0,137.25,7,0,3500,"",0,0,0,0,0,0,1.000,6.36,6,true,3,0,3,3,0,0,0.000,1.000,"||||crossing_pass|||||crossing_pass||||||||crossing_pass||||",false,false,0,0
"Classic - Aggressive","Classic","Aggressive","CL-ORANGE02",1522,22,"Boss Vote Failed - Game Over","boss_vote_failed",8,0,9,16,4,17000,true,false,2100.0,22,0,0,137.25,8,0,3500,"",0,5,0,0,0,0,1.000,7.27,5,true,3,0,3,3,0,0,0.000,1.000,"||||crossing_pass||||crossing_pass|||||||||crossing_pass||||",false,false,0,0
"Classic - Aggressive","Classic","Aggressive","CL-ORANGE02",1523,22,"Victory - Boss Defeated","boss.victory",6,1,10,18,3,15900,true,true,2100.0,22,0,0,137.25,6,0,3500,"book_panic",1,0,0,0,0,1,1.000,5.45,5,true,3,0,3,3,0,0,0.000,1.000,"||||crossing_pass||||crossing_pass||repair|||||||crossing_pass||||",false,false,0,0
"Classic - Aggressive","Classic","Aggressive","CL-ORANGE02",1524,23,"Boss Vote Failed - Game Over","boss_vote_failed",7,0,10,19,4,17000,true,false,2100.0,22,0,1,137.25,7,0,3500,"",0,0,0,0,1,0,0.957,6.09,7,true,3,0,3,2,1,0,0.000,0.667,"||||crossing_pass|||||detour||||||||crossing_pass|camp||||",false,false,0,0
"Classic - Aggressive","Classic","Aggressive","CL-ORANGE02",1525,22,"Victory - Boss Defeated","boss.victory",7,0,10,20,3,16000,true,true,2100.0,22,0,0,137.25,7,0,3500,"",0,0,0,0,0,0,1.000,6.36,5,true,3,0,3,2,1,0,0.000,0.667,"||||crossing_pass||||crossing_pass|||||||||detour||||",false,false,0,0
"Classic - Aggressive","Classic","Aggressive","CL-ORANGE02",1526,22,"Boss Vote Failed - Game Over","boss_vote_failed",6,0,9,18,4,18000,true,false,2100.0,21,0,1,143.79,6,0,3500,"",0,0,0,0,0,0,0.955,5.45,5,true,3,0,3,3,0,0,0.000,1.000,"||||crossing_pass||||crossing_pass||||||||crossing_pass|||||",false,false,0,0
"Classic - Aggressive","Classic","Aggressive","CL-ORANGE02",1527,23,"Boss Vote Failed - Game Over","boss_vote_failed",8,0,10,17,3,16500,true,false,2100.0,21,0,2,143.79,8,0,3500,"",0,0,0,0,1,0,0.913,6.96,5,true,3,0,3,3,0,0,0.000,1.000,"||||crossing_pass||||crossing_pass||||||||crossing_pass|camp|||||",false,false,0,0
"Classic - Aggressive","Classic","Aggressive","CL-ORANGE02",1528,22,"Victory - Boss Defeated","boss.victory",7,0,10,19,3,17000,true,true,2100.0,20,1,1,143.79,7,0,3500,"",0,0,0,0,0,0,0.955,6.36,7,true,3,0,3,3,0,0,0.000,1.000,"||||crossing_pass||||crossing_pass||||||||crossing_pass|||||",false,false,0,0
"Classic - Aggressive","Classic","Aggressive","CL-ORANGE02",1529,22,"Boss Vote Failed - Game Over","boss_vote_failed",7,1,9,18,3,16000,true,false,2100.0,21,1,0,137.25,7,0,3500,"",0,2,0,0,0,1,1.000,6.36,6,true,3,0,3,3,0,0,0.000,1.000,"||||crossing_pass||||crossing_pass|||||||||crossing_pass;repair||||",false,false,0,0
"Classic - Aggressive","Classic","Aggressive","CL-ORANGE02",1530,23,"Victory - Boss Defeated","boss.victory",6,0,10,18,4,17000,true,true,2100.0,21,0,2,143.79,6,0,3500,"",0,0,0,0,1,0,0.913,5.22,6,true,3,0,3,2,1,0,0.000,0.667,"||||detour||||crossing_pass|||||||||crossing_pass||camp|||",false,false,0,0
"Classic - Aggressive","Classic","Aggressive","CL-ORANGE02",1531,22,"Boss Vote Failed - Game Over","boss_vote_failed",7,0,10,17,4,17000,true,false,2100.0,22,0,0,137.25,7,0,3500,"",0,0,0,0,0,0,1.000,6.36,5,true,3,0,3,2,1,0,0.000,0.667,"||||detour|||||crossing_pass||||||||crossing_pass||||",false,false,0,0
"Classic - Aggressive","Classic","Aggressive","CL-ORANGE02",1532,22,"Victory - Boss Defeated","boss.victory",9,0,7,20,3,16500,true,true,2100.0,22,0,0,137.25,9,0,3500,"",0,0,0,0,0,0,1.000,8.18,6,true,3,0,3,3,0,0,0.000,1.000,"||||crossing_pass||||crossing_pass|||||||||crossing_pass||||",false,false,0,0
"Classic - Aggressive","Classic","Aggressive","CL-ORANGE02",1533,22,"Victory - Boss Defeated","boss.victory",7,0,9,18,4,16000,true,true,2100.0,22,0,0,137.25,7,0,3500,"",0,5,0,0,0,0,1.000,6.36,5,true,3,0,3,2,1,0,0.000,0.667,"||||crossing_pass||||crossing_pass|||||||||detour||||",false,false,0,0
"Classic - Aggressive","Classic","Aggressive","CL-ORANGE02",1534,22,"Victory - Boss Defeated","boss.victory",8,0,8,18,4,16000,true,true,2100.0,22,0,0,137.25,8,0,3500,"",0,3,0,0,0,0,1.000,7.27,7,true,3,0,3,3,0,0,0.000,1.000,"||||crossing_pass||||crossing_pass|||||||||crossing_pass||||",false,false,0,0
"Classic - Aggressive","Classic","Aggressive","CL-ORANGE02",1535,22,"Victory - Boss Defeated","boss.victory",7,0,10,18,4,15900,true,true,2100.0,21,1,0,137.25,7,0,3500,"",0,5,0,0,0,0,1.000,6.36,6,true,3,0,3,1,2,0,0.000,0.333,"||||crossing_pass||||detour|||||||||detour||||",false,false,0,0
"Classic - Aggressive","Classic","Aggressive","CL-ABBOTT03",1536,22,"Victory - Boss Defeated","boss.victory",8,1,10,20,4,15900,true,true,2100.0,20,2,0,137.25,8,0,3500,"",0,8,0,0,1,1,1.000,7.27,6,true,3,0,3,3,0,0,0.000,1.000,"||||crossing_pass||||crossing_pass||||||camp|||crossing_pass|repair|||",false,false,0,0
"Classic - Aggressive","Classic","Aggressive","CL-ABSCAM03",1537,23,"Boss Vote Failed - Game Over","boss_vote_failed",8,0,10,18,4,16000,true,false,2100.0,21,1,1,137.25,8,0,3500,"",0,0,0,0,0,0,0.957,6.96,6,true,3,0,3,3,0,0,0.000,1.000,"||||crossing_pass|||||crossing_pass||||||||crossing_pass|||||",false,false,0,0
"Classic - Aggressive","Classic","Aggressive","CL-AILEEN03",1538,23,"Victory - Boss Defeated","boss.victory",8,1,10,19,1,13800,true,true,2100.0,21,1,1,137.25,8,2700,3500,"",0,0,0,0,1,1,0.957,6.96,6,true,3,0,3,2,1,0,0.000,0.667,"||||detour||||crossing_pass|||||camp||repair||crossing_pass|||||",false,false,0,0
"Classic - Aggressive","Classic","Aggressive","CL-AILES03",1539,22,"Boss Vote Failed - Game Over","boss_vote_failed",8,0,9,19,3,16500,true,false,2100.0,22,0,0,137.25,8,0,3500,"travel_ban_lite",1,0,0,0,0,0,1.000,7.27,7,true,3,0,3,2,1,0,0.000,0.667,"||||crossing_pass||||crossing_pass|||||||||detour||||",false,false,0,0
"Classic - Aggressive","Classic","Aggressive","CL-ALEXJON03",1540,22,"Victory - Boss Defeated","boss.victory",7,0,10,19,3,16400,true,true,2100.0,21,0,1,143.79,7,0,3500,"",0,1,0,0,0,0,0.955,6.36,6,true,3,0,3,3,0,0,0.000,1.000,"||||crossing_pass||||crossing_pass||||||||crossing_pass|||||",false,false,0,0
"Classic - Aggressive","Classic","Aggressive","CL-ALITO03",1541,23,"Boss Vote Failed - Game Over","boss_vote_failed",8,0,10,18,3,16400,true,false,2100.0,22,0,1,137.25,8,0,3500,"travel_ban_lite",2,0,0,0,0,0,0.957,6.96,5,true,3,0,3,3,0,0,0.000,1.000,"|||||crossing_pass||||crossing_pass||||||||crossing_pass|||||",false,false,0,0
"Classic - Aggressive","Classic","Aggressive","CL-AMNESTY03",1542,22,"Boss Vote Failed - Game Over","boss_vote_failed",7,0,10,18,4,17000,true,false,2100.0,22,0,0,137.25,7,0,3500,"",0,0,0,0,0,0,1.000,6.36,6,true,3,0,3,2,1,0,0.000,0.667,"||||crossing_pass||||crossing_pass||||||||detour|||||",false,false,0,0
"Classic - Aggressive","Classic","Aggressive","CL-AMYBAR03",1543,22,"Boss Vote Failed - Game Over","boss_vote_failed",7,0,9,17,4,16900,true,false,2100.0,22,0,0,137.25,7,0,3500,"",0,0,0,0,0,0,1.000,6.36,5,true,3,0,3,3,0,0,0.000,1.000,"||||crossing_pass|||||crossing_pass||||||||crossing_pass||||",false,false,0,0
"Classic - Aggressive","Classic","Aggressive","CL-ANTIFA03",1544,22,"Boss Vote Failed - Game Over","boss_vote_failed",6,0,10,16,4,16500,true,false,2100.0,22,0,0,137.25,6,0,3500,"",0,2,0,0,0,0,1.000,5.45,5,true,3,0,3,2,1,0,0.000,0.667,"||||detour||||crossing_pass|||||||||crossing_pass||||",false,false,0,0
"Classic - Aggressive","Classic","Aggressive","CL-ANTIVAX03",1545,22,"Boss Vote Failed - Game Over","boss_vote_failed",7,0,10,19,4,16500,true,false,2100.0,22,0,0,137.25,7,0,3500,"",0,0,0,0,0,0,1.000,6.36,6,true,3,0,3,2,1,0,0.000,0.667,"||||detour|||||crossing_pass||||||||crossing_pass||||",false,false,0,0
"Classic - Aggressive","Classic","Aggressive","CL-AOC03",1546,23,"Boss Vote Failed - Game Over","boss_vote_failed",6,0,8,18,3,17400,true,false,2100.0,20,1,2,143.79,6,0,3500,"",0,5,0,0,1,0,0.913,5.22,5,true,3,0,3,2,1,0,0.000,0.667,"||||detour||||camp|crossing_pass||||||||crossing_pass|||||",false,false,0,0
"Classic - Aggressive","Classic","Aggressive","CL-ASYLUM03",1547,22,"Victory - Boss Defeated","boss.victory",8,0,10,18,4,16900,true,true,2100.0,21,1,0,137.25,8,0,3500,"",0,0,0,0,0,0,1.000,7.27,5,true,3,0,3,3,0,0,0.000,1.000,"||||crossing_pass||||crossing_pass|||||||||crossing_pass||||",false,false,0,0
"Classic - Aggressive","Classic","Aggressive","CL-AUDITAZ03",1548,22,"Victory - Boss Defeated","boss.victory",7,0,9,16,4,17500,true,true,2100.0,21,1,0,137.25,7,0,3500,"",0,0,0,0,0,0,1.000,6.36,4,true,3,0,3,3,0,0,0.000,1.000,"||||crossing_pass|||||crossing_pass||||||||crossing_pass||||",false,false,0,0
"Classic - Aggressive","Classic","Aggressive","CL-AZAR03",1549,22,"Boss Vote Failed - Game Over","boss_vote_failed",7,0,10,16,3,17500,true,false,2100.0,22,0,0,137.25,7,0,3500,"",0,1,0,0,0,0,1.000,6.36,5,true,3,0,3,3,0,0,0.000,1.000,"||||crossing_pass||||crossing_pass|||||||||crossing_pass||||",false,false,0,0
"Classic - Aggressive","Classic","Aggressive","CL-BANHAM03",1550,22,"Victory - Boss Defeated","boss.victory",7,0,9,20,4,17000,true,true,2100.0,22,0,0,137.25,7,0,3500,"",0,6,0,0,0,0,1.000,6.36,5,true,3,0,3,2,1,0,0.000,0.667,"||||crossing_pass||||detour|||||||||crossing_pass||||",false,false,0,0
"Classic - Aggressive","Classic","Aggressive","CL-BANNON03",1551,23,"Victory - Boss Defeated","boss.victory",6,1,9,19,4,16000,true,true,2100.0,22,0,1,137.25,6,0,3500,"",0,0,0,0,0,1,0.957,5.22,5,true,3,0,3,1,2,0,0.000,0.333,"||||detour|||repair||crossing_pass||||||||detour|||||",false,false,0,0
"Classic - Aggressive","Classic","Aggressive","CL-BARR03",1552,23,"Boss Vote Failed - Game Over","boss_vote_failed",7,1,9,19,4,14200,true,false,2100.0,23,0,0,131.29,7,0,2500,"",0,3,0,0,1,1,1.000,6.09,6,true,3,0,2,2,0,0,0.000,1.000,"||||camp|crossing_pass;repair|||||crossing_pass||||||||crossing_pass||||",false,false,0,0
"Classic - Aggressive","Classic","Aggressive","CL-BARRON03",1553,10,"Collapse (crossing) - Game Over","collapse_crossing",5,1,10,17,9,500,false,false,1250.0,9,1,0,179.74,5,0,1000,"",0,0,0,0,0,1,1.000,5.00,3,false,2,0,1,1,0,1,0.500,1.000,"|||||crossing_pass;repair||||crossing_fail",false,false,0,0
"Classic - Aggressive","Classic","Aggressive","CL-BECK03",1554,23,"Victory - Boss Defeated","boss.victory",8,0,9,19,3,17000,true,true,2100.0,21,1,1,137.25,8,0,3500,"",0,0,0,0,0,0,0.957,6.96,6,true,3,0,3,2,1,0,0.000,0.667,"||||crossing_pass|||||detour|||||||||crossing_pass||||",false,false,0,0
"Classic - Aggressive","Classic","Aggressive","CL-BEDMIN03",1555,23,"Boss Vote Failed - Game Over","boss_vote_failed",8,0,9,20,3,17000,true,false,2100.0,22,0,1,137.25,8,0,3500,"",0,0,0,0,0,0,0.957,6.96,7,true,3,0,3,2,1,0,0.000,0.667,"||||crossing_pass|||||crossing_pass||||||||detour|||||",false,false,0,0
"Classic - Aggressive","Classic","Aggressive","CL-BENGHAZ03",1556,22,"Victory - Boss Defeated","boss.victory",6,0,9,20,3,16000,true,true,2100.0,22,0,0,137.25,6,0,3500,"",0,6,0,0,0,0,1.000,5.45,6,true,3,0,3,2,1,0,0.000,0.667,"||||detour|||||crossing_pass||||||||crossing_pass||||",false,false,0,0
"Classic - Aggressive","Classic","Aggressive","CL-BERNIE03",1557,23,"Boss Vote Failed - Game Over","boss_vote_failed",9,1,8,18,4,13800,true,false,2100.0,22,1,0,131.29,9,2700,3500,"",0,0,0,0,0,1,1.000,7.83,7,true,3,0,3,3,0,0,0.000,1.000,"||||crossing_pass|||||crossing_pass||repair||||||crossing_pass|||||",false,false,0,0
"Classic - Aggressive","Classic","Aggressive","CL-BIDEN03",1558,22,"Boss Vote Failed - Game Over","boss_vote_failed",7,0,9,20,3,17000,true,false,2100.0,22,0,0,137.25,7,0,3500,"",0,4,0,0,0,0,1.000,6.36,5,true,3,0,3,2,1,0,0.000,0.667,"||||detour|||||crossing_pass||||||||crossing_pass||||",false,false,0,0
"Classic - Aggressive","Classic","Aggressive","CL-BIGLY03",1559,22,"Victory - Boss Defeated","boss.victory",7,0,10,20,3,17000,true,true,2100.0,21,0,1,143.79,7,0,3500,"",0,2,0,0,0,0,0.955,6.36,5,true,3,0,3,2,1,0,0.000,0.667,"||||detour||||crossing_pass|||||||||crossing_pass||||",false,false,0,0
"Classic - Aggressive","Classic","Aggressive","CL-BIGMAC03",1560,23,"Boss Vote Failed - Game Over","boss_vote_failed",8,1,9,18,3,13800,true,false,2100.0,23,0,0,131.29,8,0,3500,"travel_ban_lite",1,0,0,0,0,1,1.000,6.96,6,true,3,0,3,2,1,0,0.000,0.667,"||||crossing_pass||||detour||repair|||||||crossing_pass|||||",false,false,0,0
"Classic - Aggressive","Classic","Aggressive","CL-BLEACH03",1561,23,"Boss Vote Failed - Game Over","boss_vote_failed",10,1,10,18,3,13700,true,false,2100.0,23,0,0,131.29,10,0,3500,"",0,0,0,0,0,1,1.000,8.70,7,true,3,0,3,3,0,0,0.000,1.000,"||||crossing_pass|||||crossing_pass||||||||crossing_pass|repair||||",false,false,0,0
"Classic - Aggressive","Classic","Aggressive","CL-BLEXIT03",1562,22,"Boss Vote Failed - Game Over","boss_vote_failed",8,1,9,19,3,13400,true,false,2100.0,21,1,0,137.25,8,3100,3500,"",0,7,0,0,0,1,1.000,7.27,7,true,3,0,3,3,0,0,0.000,1.000,"||||crossing_pass||||crossing_pass||||repair|||||crossing_pass||||",false,false,0,0
"Classic - Aggressive","Classic","Aggressive","CL-BLM03",1563,22,"Victory - Boss Defeated","boss.victory",7,0,9,20,4,17000,true,true,2100.0,22,0,0,137.25,7,0,3500,"",0,0,0,0,0,0,1.000,6.36,6,true,3,0,3,3,0,0,0.000,1.000,"||||crossing_pass|||||crossing_pass||||||||crossing_pass||||",false,false,0,0
"Classic - Aggressive","Classic","Aggressive","CL-BOEBERT03",1564,22,"Boss Vote Failed - Game Over","boss_vote_failed",8,1,9,19,4,15500,true,false,2100.0,20,2,0,137.25,8,0,3500,"",0,0,0,0,0,1,1.000,7.27,6,true,3,0,3,3,0,0,0.000,1.000,"||||crossing_pass||||repair|crossing_pass||||||||crossing_pass||||",false,false,0,0
"Classic - Aggressive","Classic","Aggressive","CL-BOLTON03",1565,22,"Victory - Boss Defeated","boss.victory",8,0,9,18,4,17500,true,true,2100.0,22,0,0,137.25,8,0,3500,"",0,6,0,0,0,0,1.000,7.27,6,true,3,0,3,3,0,0,0.000,1.000,"||||crossing_pass||||crossing_pass|||||||||crossing_pass||||",false,false,0,0
"Classic - Aggressive","Classic","Aggressive","CL-BONTA03",1566,23,"Victory - Boss Defeated","boss.victory",7,0,10,19,4,16000,true,true,2100.0,22,0,1,137.25,7,0,3500,"",0,0,0,0,0,0,0.957,6.09,5,true,3,0,3,3,0,0,0.000,1.000,"||||crossing_pass|||||crossing_pass||||||||crossing_pass|||||",false,false,0,0
"Classic - Aggressive","Classic","Aggressive","CL-BORDER03",1567,23,"Boss Vote Failed - Game Over","boss_vote_failed",7,0,10,20,4,15000,true,false,2100.0,22,0,1,137.25,7,0,3500,"",0,4,0,0,0,0,0.957,6.09,6,true,3,0,3,2,1,0,0.000,0.667,"||||crossing_pass||||crossing_pass|||||||||detour|||||",false,false,0,0
"Classic - Aggressive","Classic","Aggressive","CL-BOXES03",1568,22,"Boss Vote Failed - Game Over","boss_vote_failed",7,0,9,15,4,17000,true,false,2100.0,22,0,0,137.25,7,0,3500,"",0,0,0,0,0,0,1.000,6.36,5,true,3,0,3,3,0,0,0.000,1.000,"||||crossing_pass||||crossing_pass|||||||||crossing_pass||||",false,false,0,0
"Classic - Aggressive","Classic","Aggressive","CL-BREIT03",1569,23,"Boss Vote Failed - Game Over","boss_vote_failed",7,1,9,15,4,15500,true,false,2100.0,23,0,0,131.29,7,0,3500,"shutdown",1,0,1,0,0,1,1.000,6.09,6,true,3,0,3,2,1,0,0.000,0.667,"||||crossing_pass||repair|||detour|||||||||crossing_pass||||",false,false,0,0
"Classic - Aggressive","Classic","Aggressive","CL-BUNKER03",1570,22,"Boss Vote Failed - Game Over","boss_vote_failed",8,0,10,20,3,17400,true,false,2100.0,20,1,1,143.79,8,0,3500,"",0,0,0,0,1,0,0.955,7.27,5,true,3,0,3,3,0,0,0.000,1.000,"||||crossing_pass||||crossing_pass||||||camp|||crossing_pass||||",false,false,0,0
"Classic - Aggressive","Classic","Aggressive","CL-BUTLER03",1571,22,"Boss Vote Failed - Game Over","boss_vote_failed",7,0,10,19,3,17400,true,false,2100.0,21,1,0,137.25,7,0,3500,"",0,0,0,0,0,0,1.000,6.36,6,true,3,0,3,3,0,0,0.000,1.000,"||||crossing_pass||||crossing_pass|||||||||crossing_pass||||",false,false,0,0
"Classic - Aggressive","Classic","Aggressive","CL-CANNON03",1572,23,"Boss Vote Failed - Game Over","boss_vote_failed",7,1,10,20,4,15400,true,false,2100.0,23,0,0,131.29,7,0,1500,"",0,0,0,0,0,1,1.000,6.09,6,true,3,0,1,1,0,0,0.000,1.000,"|||repair||crossing_pass|||||crossing_pass||||||||crossing_pass||||",false,false,0,0
"Classic - Aggressive","Classic","Aggressive","CL-CAPRIOT03",1573,22,"Boss Vote Failed - Game Over","boss_vote_failed",7,1,10,18,3,15800,true,false,2100.0,21,0,1,143.79,7,0,2500,"",0,0,0,0,1,1,0.955,6.36,6,true,3,0,2,1,1,0,0.000,0.500,"|||repair|crossing_pass||||crossing_pass||||||||camp|detour||||",false,false,0,0
"Classic - Aggressive","Classic","Aggressive","CL-CARAVAN03",1574,23,"Boss Vote Failed - Game Over","boss_vote_failed",8,0,8,19,3,19400,true,false,2100.0,22,0,1,137.25,8,0,2500,"",0,0,0,0,1,0,0.957,6.96,6,true,3,0,2,2,1,0,0.000,1.000,"||||detour||||crossing_pass|||||||||camp|crossing_pass||||",false,false,0,0
"Classic - Aggressive","Classic","Aggressive","CL-CARSON03",1575,22,"Victory - Boss Defeated","boss.victory",6,1,10,19,4,16500,true,true,2100.0,22,0,0,137.25,6,0,3500,"war_dept_reorg",2,0,0,0,0,1,1.000,5.45,6,true,3,0,3,2,1,0,0.000,0.667,"||||crossing_pass|||||crossing_pass||||||||detour||||repair",false,false,2,0
"Classic - Aggressive","Classic","Aggressive","CL-CHEETO03",1576,22,"Victory - Boss Defeated","boss.victory",9,2,10,20,3,11100,true,true,2100.0,21,1,0,137.25,9,0,3500,"",0,2,0,0,0,2,1.000,8.18,5,true,3,0,3,3,0,0,0.000,1.000,"||||crossing_pass||||repair;crossing_pass|||||||||crossing_pass|||repair|",false,false,1,0
"Classic - Aggressive","Classic","Aggressive","CL-CHENEY03",1577,23,"Boss Vote Failed - Game Over","boss_vote_failed",7,1,9,18,3,13800,true,false,2100.0,21,1,1,137.25,7,2700,3500,"",0,0,0,0,0,1,0.957,6.09,6,true,3,0,3,3,0,0,0.000,1.000,"||||crossing_pass||||crossing_pass||||repair|||||crossing_pass|||||",false,false,0,0
"Classic - Aggressive","Classic","Aggressive","CL-CHESBRO03",1578,22,"Boss Vote Failed - Game Over","boss_vote_failed",8,0,10,15,4,17000,true,false,2100.0,22,0,0,137.25,8,0,3500,"",0,0,0,0,0,0,1.000,7.27,6,true,3,0,3,3,0,0,0.000,1.000,"||||crossing_pass||||crossing_pass|||||||||crossing_pass||||",false,false,0,0
"Classic - Aggressive","Classic","Aggressive","CL-CHINAV03",1579,23,"Boss Vote Failed - Game Over","boss_vote_failed",8,0,9,19,3,14700,true,false,2100.0,22,0,1,137.25,8,0,3500,"",0,2,0,0,1,0,0.957,6.96,5,true,3,0,3,2,1,0,0.000,0.667,"||||detour|||||crossing_pass|||||camp||||crossing_pass||||",false,false,0,0
"Classic - Aggressive","Classic","Aggressive","CL-CLIMATE03",1580,23,"Boss Vote Failed - Game Over","boss_vote_failed",7,1,9,17,3,15500,true,false,2100.0,22,0,1,137.25,7,0,3500,"",0,0,1,0,0,1,0.957,6.09,7,true,3,0,3,2,1,0,0.000,0.667,"||||detour|||||crossing_pass|||||||repair|crossing_pass|||||",false,false,0,0
"Classic - Aggressive","Classic","Aggressive","CL-CLOWN03",1581,22,"Boss Vote Failed - Game Over","boss_vote_failed",6,1,9,18,3,15800,true,false,2100.0,21,0,1,143.79,6,0,3500,"",0,0,0,0,0,1,0.955,5.45,6,true,3,0,3,3,0,0,0.000,1.000,"||||crossing_pass;repair||||crossing_pass|||||||||crossing_pass||||",false,false,0,0
"Classic - Aggressive","Classic","Aggressive","CL-COAL03",1582,22,"Boss Vote Failed - Game Over","boss_vote_failed",7,1,10,18,3,14900,true,false,2100.0,22,0,0,137.25,7,3100,3500,"",0,2,0,0,0,1,1.000,6.36,6,true,3,0,3,3,0,0,0.000,1.000,"||||crossing_pass||||crossing_pass|||||repair||||crossing_pass||||",false,false,0,0
"Classic - Aggressive","Classic","Aggressive","CL-COATS03",1583,23,"Victory - Boss Defeated","boss.victory",8,0,9,19,3,16000,true,true,2100.0,21,1,1,137.25,8,0,3500,"",0,4,0,0,0,0,0.957,6.96,5,true,3,0,3,2,1,0,0.000,0.667,"||||detour|||||crossing_pass|||||||||crossing_pass||||",false,false,0,0
"Classic - Aggressive","Classic","Aggressive","CL-COHEN03",1584,22,"Victory - Boss Defeated","boss.victory",6,0,10,19,4,17500,true,true,2100.0,21,0,1,143.79,6,0,3500,"",0,0,0,0,0,0,0.955,5.45,5,true,3,0,3,2,1,0,0.000,0.667,"||||detour||||crossing_pass||||||||crossing_pass|||||",false,false,0,0
"Classic - Aggressive","Classic","Aggressive","CL-COLLUSN03",1585,23,"Boss Vote Failed - Game Over","boss_vote_failed",7,1,10,19,4,16200,true,false,2100.0,23,0,0,131.29,7,0,2500,"",0,0,0,0,0,1,1.000,6.09,6,true,3,0,2,1,2,0,0.000,0.500,"repair|||||detour||||detour|||||||||crossing_pass||||",false,false,0,0
"Classic - Aggressive","Classic","Aggressive","CL-CONWAY03",1586,22,"Boss Vote Failed - Game Over","boss_vote_failed",8,1,10,19,4,16500,true,false,2100.0,22,0,0,137.25,8,0,2500,"war_dept_reorg",1,0,0,0,0,1,1.000,7.27,6,true,3,0,2,1,1,0,0.000,0.500,"||repair||crossing_pass||||detour|||||||||crossing_pass||||",false,false,0,0
"Classic - Balanced","Classic","Balanced","CL-ORANGE02",1337,23,"Collapse (breakdown) - Game Over","collapse_breakdown",8,1,0,19,10,18300,false,false,2339.7,22,0,1,131.00,8,0,3500,"",0,2,0,0,0,1,0.957,6.96,7,true,3,0,3,2,1,0,0.000,0.667,"||||crossing_pass;repair||||detour||||||||crossing_pass||||||",false,false,0,0
"Classic - Balanced","Classic","Balanced","CL-ORANGE02",1338,23,"Collapse (breakdown) - Game Over","collapse_breakdown",7,1,0,19,10,23200,false,false,2362.4,22,0,1,132.27,7,0,3500,"",0,2,0,0,0,1,0.957,6.09,6,true,3,0,3,3,0,0,0.000,1.000,"|repair|||crossing_pass||||crossing_pass|||||||crossing_pass|||||||",false,false,0,0
"Classic - Balanced","Classic","Balanced","CL-ORANGE02",1339,24,"Victory - Boss Defeated","boss.victory",8,0,1,19,4,22200,true,true,2400.0,24,0,0,123.18,8,0,3500,"",0,3,0,0,0,0,1.000,6.67,5,true,3,0,3,1,2,0,0.000,0.333,"||||crossing_denied;detour|||||detour|||||||crossing_pass|||||||",false,false,0,0
"Classic - Balanced","Classic","Balanced","CL-ORANGE02",1340,23,"Victory - Boss Defeated","boss.victory",7,0,1,19,4,22000,true,true,2400.0,23,0,0,128.53,7,0,3500,"tariff_tsunami",1,0,0,0,0,0,1.000,6.09,5,true,3,0,3,3,0,0,0.000,1.000,"|||crossing_pass|||||crossing_pass|||||||crossing_pass|||||||",false,false,0,0
"Classic - Balanced","Classic","Balanced","CL-ORANGE02",1341,23,"Collapse (breakdown) - Game Over","collapse_breakdown",8,1,0,18,10,18200,false,false,2339.7,22,0,1,131.00,8,0,3500,"",0,0,0,0,0,1,0.957,6.96,5,true,3,0,3,3,0,0,0.000,1.000,"||||crossing_pass|||||crossing_pass|||||||crossing_pass||repair||||",false,false,0,0
"Classic - Balanced","Classic","Balanced","CL-ORANGE02",1342,9,"Collapse (crossing) - Game Over","collapse_crossing",4,0,7,20,10,8400,false,false,1250.0,9,0,0,171.08,4,0,2000,"",0,1,0,0,0,0,1.000,4.00,2,false,2,0,2,1,0,1,0.500,0.500,"|||crossing_pass|||||crossing_fail",false,false,0,0
"Classic - Balanced","Classic","Balanced","CL-ORANGE02",1343,23,"Victory - Boss Defeated","boss.victory",7,1,1,19,4,20500,true,true,2400.0,23,0,0,128.53,7,2700,3500,"",0,0,0,0,0,1,1.000,6.09,5,true,3,0,3,3,0,0,0.000,1.000,"|||repair|crossing_pass|||||crossing_pass||||||crossing_pass|||||||",false,false,0,0
"Classic - Balanced","Classic","Balanced","CL-ORANGE02",1344,10,"Collapse (crossing) - Game Over","collapse_crossing",5,0,6,19,9,7900,false,false,1250.0,10,0,0,153.97,5,0,2000,"travel_ban_lite",2,0,0,0,0,0,1.000,5.00,3,false,2,0,2,0,1,1,0.500,0.000,"||||crossing_denied;detour|||||crossing_fail",false,false,0,0
"Classic - Balanced","Classic","Balanced","CL-ORANGE02",1345,23,"Victory - Boss Defeated","boss.victory",7,0,1,17,3,22000,true,true,2400.0,23,0,0,128.53,7,0,3500,"",0,7,1,0,0,0,1.000,6.09,7,true,3,0,3,3,0,0,0.000,1.000,"|||crossing_pass|||||crossing_pass|||||||crossing_pass|||||||",false,false,0,0
"Classic - Balanced","Classic","Balanced","CL-ORANGE02",1346,23,"Boss Vote Failed - Game Over","boss_vote_failed",8,1,1,19,4,21700,true,false,2400.0,23,0,0,128.53,8,0,3500,"",0,4,0,0,0,1,1.000,6.96,6,true,3,0,3,3,0,0,0.000,1.000,"||||crossing_pass||||crossing_pass|||||||crossing_pass||||repair|||",false,false,0,0
"Classic - Balanced","Classic","Balanced","CL-ORANGE02",1347,17,"Collapse (crossing) - Game Over","collapse_crossing",8,1,4,20,10,12700,false,false,1900.0,16,1,0,137.67,8,0,3500,"",0,1,0,0,0,1,1.000,8.00,4,false,3,0,3,2,0,1,0.333,0.667,"|repair|||crossing_pass|||||crossing_pass|||||||crossing_fail",false,false,0,0
"Classic - Balanced","Classic","Balanced","CL-ORANGE02",1348,9,"Collapse (crossing) - Game Over","collapse_crossing",4,0,6,20,10,7900,false,false,1250.0,9,0,0,171.08,4,0,2000,"",0,6,0,0,0,0,1.000,4.00,4,false,2,0,2,1,0,1,0.500,0.500,"|||crossing_pass|||||crossing_fail",false,false,0,0
"Classic - Balanced","Classic","Balanced","CL-ORANGE02",1349,24,"Boss Vote Failed - Game Over","boss_vote_failed",8,0,1,18,4,22200,true,false,2400.0,24,0,0,123.18,8,0,3500,"",0,0,0,0,0,0,1.000,6.67,6,true,3,0,3,1,2,0,0.000,0.333,"|||detour||||||detour|||||||crossing_pass|||||||",false,false,0,0
"Classic - Balanced","Classic","Balanced","CL-ORANGE02",1350,23,"Collapse (breakdown) - Game Over","collapse_breakdown",8,0,0,19,10,22700,false,false,2362.4,21,1,1,132.27,8,0,3500,"",0,0,0,0,0,0,0.957,6.96,6,true,3,0,3,3,0,0,0.000,1.000,"||||crossing_pass||||crossing_pass|||||||crossing_pass|||||||",false,false,0,0
"Classic - Balanced","Classic","Balanced","CL-ORANGE02",1351,23,"Victory - Boss Defeated","boss.victory",7,0,2,18,2,23700,true,true,2400.0,22,0,1,134.38,7,0,3500,"",0,3,0,0,0,0,0.957,6.09,7,true,3,0,3,3,0,0,0.000,1.000,"|||crossing_pass|||||crossing_pass|||||||crossing_pass|||||||",false,false,0,0
"Classic - Balanced","Classic","Balanced","CL-ORANGE02",1352,23,"Victory - Boss Defeated","boss.victory",7,0,1,18,4,24100,true,true,2400.0,23,0,0,128.53,7,0,3500,"",0,6,0,0,0,0,1.000,6.09,5,true,3,0,3,3,0,0,0.000,1.000,"||||crossing_pass||||crossing_pass|||||||crossing_pass|||||||",false,false,0,0
"Classic - Balanced","Classic","Balanced","CL-ORANGE02",1353,23,"Boss Vote Failed - Game Over","boss_vote_failed",6,0,2,19,3,23200,true,false,2400.0,22,0,1,134.38,6,0,3500,"",0,8,0,0,0,0,0.957,5.22,6,true,3,0,3,3,0,0,0.000,1.000,"|||crossing_pass|||||crossing_pass|||||||crossing_pass|||||||",false,false,0,0
"Classic - Balanced","Classic","Balanced","CL-ORANGE02",1354,23,"Collapse (breakdown) - Game Over","collapse_breakdown",7,0,0,20,10,20900,false,false,2339.7,22,0,1,131.00,7,0,3500,"",0,0,0,0,0,0,0.957,6.09,6,true,3,0,3,2,1,0,0.000,0.667,"||||crossing_denied;detour|||||crossing_pass|||||||crossing_pass||||||",false,false,0,0
"Classic - Balanced","Classic","Balanced","CL-ORANGE02",1355,24,"Victory - Boss Defeated","boss.victory",7,2,2,16,4,20000,true,true,2400.0,24,0,0,123.18,7,0,3500,"",0,0,0,0,1,2,1.000,5.83,7,true,3,0,3,3,0,0,0.000,1.000,"|||crossing_pass|||||crossing_pass|||||||crossing_pass;repair||repair|||||camp|",false,false,0,0
"Classic - Balanced","Classic","Balanced","CL-ORANGE02",1356,9,"Collapse (crossing) - Game Over","collapse_crossing",4,0,7,19,9,7900,false,false,1250.0,9,0,0,171.08,4,0,2000,"",0,0,0,0,0,0,1.000,4.00,3,false,2,0,2,1,0,1,0.500,0.500,"|||crossing_pass|||||crossing_fail",false,false,0,0
"Classic - Balanced","Classic","Balanced","CL-ORANGE02",1357,9,"Collapse (crossing) - Game Over","collapse_crossing",5,0,7,18,9,7900,false,false,1250.0,9,0,0,171.08,5,0,2000,"",0,0,1,0,0,0,1.000,5.00,3,false,2,0,2,1,0,1,0.500,0.500,"|||crossing_pass|||||crossing_fail",false,false,0,0
"Classic - Balanced","Classic","Balanced","CL-ORANGE02",1358,23,"Victory - Boss Defeated","boss.victory",7,0,1,18,4,23200,true,true,2400.0,22,1,0,128.53,7,0,3500,"",0,0,0,0,0,0,1.000,6.09,7,true,3,0,3,3,0,0,0.000,1.000,"||||crossing_pass||||crossing_pass|||||||crossing_pass|||||||",false,false,0,0
"Classic - Balanced","Classic","Balanced","CL-ORANGE02",1359,23,"Collapse (breakdown) - Game Over","collapse_breakdown",8,1,0,18,10,20300,false,false,2339.7,21,0,2,137.24,8,0,3500,"",0,8,0,0,1,1,0.913,6.96,6,true,3,0,3,2,1,0,0.000,0.667,"|||crossing_denied;detour|repair|||||crossing_pass||||camp|||crossing_pass||||||",false,false,0,0
"Classic - Balanced","Classic","Balanced","CL-ORANGE02",1360,9,"Collapse (crossing) - Game Over","collapse_crossing",5,0,6,19,9,7400,false,false,1250.0,9,0,0,171.08,5,0,2000,"",0,4,0,0,0,0,1.000,5.00,4,false,2,0,2,1,0,1,0.500,0.500,"|||crossing_pass|||||crossing_fail",false,false,0,0
"Classic - Balanced","Classic","Balanced","CL-ORANGE02",1361,23,"Collapse (breakdown) - Game Over","collapse_breakdown",8,1,0,19,9,19600,false,false,2362.4,22,0,1,132.27,8,3100,3500,"",0,1,0,1,0,1,0.957,6.96,6,true,3,0,3,3,0,0,0.000,1.000,"||||crossing_pass||||crossing_pass|||||||crossing_pass||repair|||||",false,false,0,0
"Classic - Balanced","Classic","Balanced","CL-ORANGE02",1362,23,"Boss Vote Failed - Game Over","boss_vote_failed",7,0,1,18,4,23700,true,false,2400.0,23,0,0,128.53,7,0,3500,"",0,0,0,0,0,0,1.000,6.09,5,true,3,0,3,2,1,0,0.000,0.667,"|||detour|||||crossing_pass|||||||crossing_pass|||||||",false,false,0,0
"Classic - Balanced","Classic","Balanced","CL-ORANGE02",1363,23,"Collapse (breakdown) - Game Over","collapse_breakdown",7,1,0,20,10,21000,false,false,2362.4,22,0,1,132.27,7,2700,3500,"",0,0,0,0,0,1,0.957,6.09,6,true,3,0,3,3,0,0,0.000,1.000,"|||crossing_pass|||||crossing_pass|||||||crossing_pass;repair|||||||",false,false,0,0
"Classic - Balanced","Classic","Balanced","CL-ORANGE02",1364,10,"Collapse (crossing) - Game Over","collapse_crossing",5,0,6,14,9,7900,false,false,1250.0,10,0,0,153.97,5,0,2000,"",0,8,1,0,0,0,1.000,5.00,4,false,2,0,2,1,0,1,0.500,0.500,"||||crossing_pass|||||crossing_fail",false,false,0,0
"Classic - Balanced","Classic","Balanced","CL-ORANGE02",1365,20,"Collapse (breakdown) - Game Over","collapse_breakdown",7,1,0,19,10,13900,false,false,2102.6,19,0,0,136.32,7,3100,3500,"",0,0,0,0,0,1,1.000,7.00,5,true,3,0,3,1,2,0,0.000,0.333,"|||detour||repair||||detour|||||||crossing_pass||",false,false,0,0
"Classic - Balanced","Classic","Balanced","CL-ORANGE02",1366,23,"Victory - Boss Defeated","boss.victory",7,0,1,18,4,23700,true,true,2400.0,23,0,0,128.53,7,0,3500,"",0,0,0,0,0,0,1.000,6.09,6,true,3,0,3,3,0,0,0.000,1.000,"||||crossing_pass||||crossing_pass|||||||crossing_pass|||||||",false,false,0,0
"Classic - Balanced","Classic","Balanced","CL-ORANGE02",1367,23,"Collapse (breakdown) - Game Over","collapse_breakdown",7,0,0,18,10,23700,false,false,2384.4,22,0,0,133.50,7,0,3500,"",0,0,0,0,0,0,1.000,6.36,6,true,3,0,3,3,0,0,0.000,1.000,"|||crossing_pass|||||crossing_pass|||||||crossing_pass||||||",false,false,0,0
"Classic - Balanced","Classic","Balanced","CL-ORANGE02",1368,10,"Collapse (crossing) - Game Over","collapse_crossing",4,0,5,18,10,6600,false,false,1250.0,10,0,0,153.97,4,0,2000,"",0,4,0,0,0,0,1.000,4.00,3,false,2,0,2,1,0,1,0.500,0.500,"||||crossing_pass|||||crossing_fail",false,false,0,0
"Classic - Balanced","Classic","Balanced","CL-ORANGE02",1369,23,"Victory - Boss Defeated","boss.victory",8,0,1,18,4,23700,true,true,2400.0,23,0,0,128.53,8,0,3500,"",0,0,0,0,0,0,1.000,6.96,5,true,3,0,3,2,1,0,0.000,0.667,"|||crossing_denied;detour||||||crossing_pass||||||crossing_pass|||||||",false,false,0,0
"Classic - Balanced","Classic","Balanced","CL-ORANGE02",1370,23,"Collapse (breakdown) - Game Over","collapse_breakdown",6,0,0,18,10,23200,false,false,2362.4,22,0,1,132.27,6,0,3500,"",0,0,0,0,0,0,0.957,5.22,6,true,3,0,3,3,0,0,0.000,1.000,"|||crossing_pass|||||crossing_pass|||||||crossing_pass|||||||",false,false,0,0
"Classic - Balanced","Classic","Balanced","CL-ORANGE02",1371,23,"Boss Vote Failed - Game Over","boss_vote_failed",8,0,1,18,4,23700,true,false,2400.0,23,0,0,128.53,8,0,3500,"",0,0,0,0,0,0,1.000,6.96,6,true,3,0,3,3,0,0,0.000,1.000,"|||crossing_pass|||||crossing_pass|||||||crossing_pass|||||||",false,false,0,0
"Classic - Balanced","Classic","Balanced","CL-ORANGE02",1372,23,"Collapse (breakdown) - Game Over","collapse_breakdown",7,0,0,18,10,23100,false,false,2392.5,22,0,0,133.95,7,0,3500,"",0,0,0,0,0,0,1.000,6.36,5,true,3,0,3,3,0,0,0.000,1.000,"||||crossing_pass||||crossing_pass|||||||crossing_pass||||||",false,false,0,0
"Classic - Balanced","Classic","Balanced","CL-ORANGE02",1373,16,"Collapse (crossing) - Game Over","collapse_crossing",5,0,4,18,10,14400,false,false,1900.0,16,0,0,146.27,5,0,3500,"",0,0,0,0,0,0,1.000,5.00,5,false,3,0,3,2,0,1,0.333,0.667,"|||crossing_pass|||||crossing_pass|||||||crossing_fail",false,false,0,0
"Classic - Balanced","Classic","Balanced","CL-ORANGE02",1374,9,"Collapse (crossing) - Game Over","collapse_crossing",3,0,6,20,10,7900,false,false,1250.0,9,0,0,171.08,3,0,2000,"",0,0,0,0,0,0,1.000,3.00,3,false,2,0,2,1,0,1,0.500,0.500,"|||crossing_pass|||||crossing_fail",false,false,0,0
"Classic - Balanced","Classic","Balanced","CL-ORANGE02",1375,9,"Collapse (crossing) - Game Over","collapse_crossing",4,0,7,18,10,7900,false,false,1250.0,9,0,0,171.08,4,0,2000,"",0,0,0,0,0,0,1.000,4.00,4,false,2,0,2,1,0,1,0.500,0.500,"|||crossing_pass|||||crossing_fail",false,false,0,0
"Classic - Balanced","Classic","Balanced","CL-ORANGE02",1376,23,"Victory - Boss Defeated","boss.victory",7,0,1,19,4,22700,true,true,2400.0,23,0,0,128.53,7,0,3500,"",0,3,0,0,0,0,1.000,6.09,6,true,3,0,3,3,0,0,0.000,1.000,"||||crossing_pass||||crossing_pass|||||||crossing_pass|||||||",false,false,0,0
"Classic - Balanced","Classic","Balanced","CL-ORANGE02",1377,23,"Collapse (breakdown) - Game Over","collapse_breakdown",8,0,0,18,10,20900,false,false,2339.7,22,0,1,131.00,8,0,3500,"",0,0,0,0,0,0,0.957,6.96,6,true,3,0,3,3,0,0,0.000,1.000,"|||crossing_pass|||||crossing_pass||||||||crossing_pass||||||",false,false,0,0
"Classic - Balanced","Classic","Balanced","CL-ORANGE02",1378,23,"Boss Vote Failed - Game Over","boss_vote_failed",7,0,1,18,4,22700,true,false,2400.0,23,0,0,128.53,7,0,3500,"",0,3,0,0,0,0,1.000,6.09,6,true,3,0,3,3,0,0,0.000,1.000,"|||crossing_pass|||||crossing_pass|||||||crossing_pass|||||||",false,false,0,0
"Classic - Balanced","Classic","Balanced","CL-ORANGE02",1379,23,"Victory - Boss Defeated","boss.victory",7,1,1,20,4,20100,true,true,2400.0,23,0,0,128.53,7,3100,3500,"",0,5,0,0,0,1,1.000,6.09,6,true,3,0,3,3,0,0,0.000,1.000,"|repair|||crossing_pass||||crossing_pass|||||||crossing_pass|||||||",false,false,0,0
"Classic - Balanced","Classic","Balanced","CL-ORANGE02",1380,23,"Collapse (breakdown) - Game Over","collapse_breakdown",7,0,0,20,10,23700,false,false,2362.4,22,0,1,132.27,7,0,3500,"",0,0,0,0,0,0,0.957,6.09,6,true,3,0,3,1,2,0,0.000,0.333,"||||crossing_pass||||detour|||||||detour|||||||",false,false,0,0
"Classic - Balanced","Classic","Balanced","CL-ORANGE02",1381,23,"Collapse (breakdown) - Game Over","collapse_breakdown",7,0,0,18,9,22700,false,false,2362.4,21,0,2,138.57,7,0,3500,"",0,0,0,1,1,0,0.913,6.09,6,true,3,0,3,3,0,0,0.000,1.000,"|||crossing_pass|||||crossing_pass||camp||||||crossing_pass||||||",false,false,0,0
"Classic - Balanced","Classic","Balanced","CL-ORANGE02",1382,23,"Victory - Boss Defeated","boss.victory",7,0,1,19,4,23200,true,true,2400.0,23,0,0,128.53,7,0,3500,"",0,0,0,0,0,0,1.000,6.09,6,true,3,0,3,3,0,0,0.000,1.000,"||||crossing_pass||||crossing_pass|||||||crossing_pass|||||||",false,false,0,0
"Classic - Balanced","Classic","Balanced","CL-ORANGE02",1383,10,"Collapse (crossing) - Game Over","collapse_crossing",6,0,6,12,10,8400,false,false,1250.0,10,0,0,153.97,6,0,2000,"",0,4,0,0,0,0,1.000,6.00,3,false,2,0,2,1,0,1,0.500,0.500,"||||crossing_pass|||||crossing_fail",false,false,0,0
"Classic - Balanced","Classic","Balanced","CL-ORANGE02",1384,9,"Collapse (crossing) - Game Over","collapse_crossing",4,0,6,19,10,8400,false,false,1250.0,9,0,0,171.08,4,0,2000,"",0,7,0,0,0,0,1.000,4.00,4,false,2,0,2,1,0,1,0.500,0.500,"||||crossing_pass||||crossing_fail",false,false,0,0
"Classic - Balanced","Classic","Balanced","CL-ORANGE02",1385,23,"Collapse (breakdown) - Game Over","collapse_breakdown",8,0,0,19,10,24700,false,false,2362.4,22,0,1,132.27,8,0,3500,"",0,0,0,0,0,0,0.957,6.96,7,true,3,0,3,3,0,0,0.000,1.000,"|||crossing_pass|||||crossing_pass|||||||crossing_pass|||||||",false,false,0,0
"Classic - Balanced","Classic","Balanced","CL-ORANGE02",1386,17,"Collapse (crossing) - Game Over","collapse_crossing",6,0,4,20,10,12800,false,false,1900.0,17,0,0,137.67,6,0,3500,"",0,5,0,0,0,0,1.000,6.00,4,false,3,0,3,0,2,1,0.333,0.000,"|||crossing_denied;detour|||||detour||||||||crossing_fail",false,false,0,0
"Classic - Balanced","Classic","Balanced","CL-ORANGE02",1387,24,"Boss Vote Failed - Game Over","boss_vote_failed",7,0,1,17,4,22700,true,false,2400.0,24,0,0,123.18,7,0,3500,"",0,0,0,0,1,0,1.000,5.83,5,true,3,0,3,3,0,0,0.000,1.000,"||||crossing_pass||||crossing_pass|||||||crossing_pass|||camp|||||",false,false,0,0
"Classic - Balanced","Classic","Balanced","CL-ORANGE02",1388,23,"Victory - Boss Defeated","boss.victory",7,0,1,17,4,23200,true,true,2400.0,23,0,0,128.53,7,0,3500,"",0,4,0,0,0,0,1.000,6.09,6,true,3,0,3,3,0,0,0.000,1.000,"||||crossing_pass||||crossing_pass|||||||crossing_pass|||||||",false,false,0,0
"Classic - Balanced","Classic","Balanced","CL-ORANGE02",1389,23,"Victory - Boss Defeated","boss.victory",7,0,2,19,3,23100,true,true,2400.0,22,0,1,134.38,7,0,3500,"",0,0,0,0,0,0,0.957,6.09,5,true,3,0,3,3,0,0,0.000,1.000,"||||crossing_pass||||crossing_pass|||||||crossing_pass|||||||",false,false,0,0
"Classic - Balanced","Classic","Balanced","CL-ORANGE02",1390,10,"Collapse (crossing) - Game Over","collapse_crossing",5,0,5,20,10,7400,false,false,1250.0,10,0,0,153.97,5,0,2000,"",0,0,0,0,1,0,1.000,5.00,4,false,2,0,2,1,0,1,0.500,0.500,"camp||||crossing_pass|||||crossing_fail",false,false,0,0
"Classic - Balanced","Classic","Balanced","CL-ORANGE02",1391,9,"Collapse (crossing) - Game Over","collapse_crossing",5,0,6,19,10,8400,false,false,1250.0,9,0,0,171.08,5,0,2000,"",0,5,0,0,0,0,1.000,5.00,3,false,2,0,2,1,0,1,0.500,0.500,"||||crossing_pass||||crossing_fail",false,false,0,0
"Classic - Balanced","Classic","Balanced","CL-ORANGE02",1392,23,"Collapse (breakdown) - Game Over","collapse_breakdown",7,1,0,20,10,18600,false,false,2339.7,20,2,1,131.00,7,0,3500,"",0,3,0,0,0,1,0.957,6.09,6,true,3,0,3,3,0,0,0.000,1.000,"||||crossing_pass|||||crossing_pass|||||||repair;crossing_pass||||||",false,false,0,0
"Classic - Balanced","Classic","Balanced","CL-ORANGE02",1393,9,"Collapse (crossing) - Game Over","collapse_crossing",5,0,6,19,10,8400,false,false,1250.0,9,0,0,171.08,5,0,2000,"",0,0,0,0,0,0,1.000,5.00,3,false,2,0,2,1,0,1,0.500,0.500,"||||crossing_pass||||crossing_fail",false,false,0,0
"Classic - Balanced","Classic","Balanced","CL-ORANGE02",1394,9,"Collapse (crossing) - Game Over","collapse_crossing",4,0,7,18,10,7900,false,false,1250.0,8,1,0,171.08,4,0,2000,"",0,3,0,0,0,0,1.000,4.00,3,false,2,0,2,1,0,1,0.500,0.500,"||||crossing_pass||||crossing_fail",false,false,0,0
"Classic - Balanced","Classic","Balanced","CL-ORANGE02",1395,9,"Collapse (crossing) - Game Over","collapse_crossing",3,0,6,20,10,8400,false,false,1250.0,9,0,0,171.08,3,0,2000,"",0,2,0,0,0,0,1.000,3.00,3,false,2,0,2,0,1,1,0.500,0.000,"|||crossing_denied;detour|||||crossing_fail",false,false,0,0
"Classic - Balanced","Classic","Balanced","CL-ORANGE02",1396,23,"Victory - Boss Defeated","boss.victory",6,0,1,16,4,24100,true,true,2400.0,23,0,0,128.53,6,0,3500,"",0,7,0,0,0,0,1.000,5.22,5,true,3,0,3,3,0,0,0.000,1.000,"|||crossing_pass|||||crossing_pass|||||||crossing_pass|||||||",false,false,0,0
"Classic - Balanced","Classic","Balanced","CL-ORANGE02",1397,24,"Victory - Boss Defeated","boss.victory",7,1,1,19,3,21400,true,true,2400.0,24,0,0,123.18,7,3100,3500,"",0,0,0,1,0,1,1.000,5.83,6,true,3,0,3,1,2,0,0.000,0.333,"|||crossing_pass|||||detour|||||||repair;detour||||||||",false,false,0,0
"Classic - Balanced","Classic","Balanced","CL-ORANGE02",1398,9,"Collapse (crossing) - Game Over","collapse_crossing",3,0,7,20,10,7900,false,false,1250.0,9,0,0,171.08,3,0,2000,"",0,7,0,0,0,0,1.000,3.00,3,false,2,0,2,1,0,1,0.500,0.500,"|||crossing_pass|||||crossing_fail",false,false,0,0
"Classic - Balanced","Classic","Balanced","CL-ORANGE02",1399,23,"Collapse (breakdown) - Game Over","collapse_breakdown",7,0,0,20,10,20900,false,false,2339.7,21,0,2,137.24,7,0,3500,"",0,8,0,0,1,0,0.913,6.09,6,true,3,0,3,3,0,0,0.000,1.000,"||||crossing_pass||||crossing_pass|||||||crossing_pass|||||camp||",false,false,0,0
"Classic - Balanced","Classic","Balanced","CL-ORANGE02",1400,24,"Boss Vote Failed - Game Over","boss_vote_failed",8,1,1,17,4,20500,true,false,2400.0,23,0,1,128.53,8,0,3500,"",0,2,0,0,1,1,0.958,6.67,5,true,3,0,3,3,0,0,0.000,1.000,"|||crossing_pass|||||repair;crossing_pass|||||||crossing_pass|||||||camp|",false,false,0,0
"Classic - Balanced","Classic","Balanced","CL-ORANGE02",1401,10,"Collapse (crossing) - Game Over","collapse_crossing",4,0,6,16,10,7900,false,false,1250.0,10,0,0,153.97,4,0,2000,"",0,0,0,0,0,0,1.000,4.00,4,false,2,0,2,0,1,1,0.500,0.000,"|||crossing_denied;detour||||||crossing_fail",false,false,0,0
"Classic - Balanced","Classic","Balanced","CL-ORANGE02",1402,16,"Collapse (crossing) - Game Over","collapse_crossing",5,0,3,18,10,14400,false,false,1900.0,16,0,0,146.27,5,0,3500,"",0,5,0,0,0,0,1.000,5.00,5,false,3,0,3,2,0,1,0.333,0.667,"|||crossing_pass|||||crossing_pass|||||||crossing_fail",false,false,0,0
"Classic - Balanced","Classic","Balanced","CL-ORANGE02",1403,24,"Boss Vote Failed - Game Over","boss_vote_failed",9,1,1,20,3,19500,true,false,2400.0,22,1,1,128.53,9,2700,3500,"",0,0,0,0,0,1,0.958,7.50,6,true,3,0,3,3,0,0,0.000,1.000,"||||crossing_pass||||crossing_pass|||||repair|||crossing_pass|||||||",false,false,0,0
"Classic - Balanced","Classic","Balanced","CL-ORANGE02",1404,24,"Victory - Boss Defeated","boss.victory",7,0,1,18,3,22700,true,true,2400.0,23,0,1,128.53,7,0,3500,"",0,0,0,0,0,0,0.958,5.83,7,true,3,0,3,1,2,0,0.000,0.333,"||||detour|||||crossing_pass||||||detour||||||||",false,false,0,0
"Classic - Balanced","Classic","Balanced","CL-ORANGE02",1405,9,"Collapse (crossing) - Game Over","collapse_crossing",4,0,7,17,10,7900,false,false,1250.0,9,0,0,171.08,4,0,2000,"",0,0,0,0,0,0,1.000,4.00,3,false,2,0,2,1,0,1,0.500,0.500,"||||crossing_pass||||crossing_fail",false,false,0,0
"Classic - Balanced","Classic","Balanced","CL-ORANGE02",1406,23,"Boss Vote Failed - Game Over","boss_vote_failed",8,0,1,19,4,24200,true,false,2400.0,23,0,0,128.53,8,0,3500,"",0,0,0,0,0,0,1.000,6.96,6,true,3,0,3,3,0,0,0.000,1.000,"||||crossing_pass||||crossing_pass|||||||crossing_pass|||||||",false,false,0,0
"Classic - Balanced","Classic","Balanced","CL-ORANGE02",1407,23,"Collapse (breakdown) - Game Over","collapse_breakdown",9,0,0,16,10,22900,false,false,2348.6,22,0,0,131.50,9,0,3500,"",0,4,0,0,0,0,1.000,8.18,6,true,3,0,3,2,1,0,0.000,0.667,"||||detour||||crossing_pass|||||||crossing_pass||||||",false,false,0,0
"Classic - Balanced","Classic","Balanced","CL-ORANGE02",1408,23,"Collapse (breakdown) - Game Over","collapse_breakdown",8,0,0,19,10,22700,false,false,2362.4,22,0,1,132.27,8,0,3500,"",0,0,0,0,0,0,0.957,6.96,5,true,3,0,3,3,0,0,0.000,1.000,"|||crossing_pass|||||crossing_pass|||||||crossing_pass|||||||",false,false,0,0
"Classic - Balanced","Classic","Balanced","CL-ORANGE02",1409,23,"Victory - Boss Defeated","boss.victory",7,1,1,20,4,23200,true,true,2400.0,23,0,0,128.53,7,0,3500,"",0,0,0,0,0,1,1.000,6.09,7,true,3,0,3,3,0,0,0.000,1.000,"||||crossing_pass||||crossing_pass|||||||crossing_pass|||||repair||",false,false,0,0
"Classic - Balanced","Classic","Balanced","CL-ORANGE02",1410,9,"Collapse (crossing) - Game Over","collapse_crossing",5,0,7,20,10,7900,false,false,1250.0,8,1,0,171.08,5,0,2000,"",0,4,0,0,0,0,1.000,5.00,3,false,2,0,2,1,0,1,0.500,0.500,"|||crossing_pass|||||crossing_fail",false,false,0,0
"Classic - Balanced","Classic","Balanced","CL-ORANGE02",1411,10,"Collapse (crossing) - Game Over","collapse_crossing",4,1,5,17,10,6200,false,false,1250.0,10,0,0,153.97,4,0,2000,"",0,0,0,0,0,1,1.000,4.00,3,false,2,0,2,0,1,1,0.500,0.000,"|||crossing_denied;detour||||repair||crossing_fail",false,false,0,0
"Classic - Balanced","Classic","Balanced","CL-ORANGE02",1412,24,"Victory - Boss Defeated","boss.victory",8,1,1,17,4,21700,true,true,2400.0,23,0,1,128.53,8,0,3500,"",0,0,0,0,0,1,0.958,6.67,6,true,3,0,3,3,0,0,0.000,1.000,"||||crossing_pass|repair||||crossing_pass|||||||crossing_pass|||||||",false,false,0,0
"Classic - Balanced","Classic","Balanced","CL-ORANGE02",1413,23,"Collapse (breakdown) - Game Over","collapse_breakdown",7,2,0,19,10,20200,false,false,2362.4,22,0,1,132.27,7,0,3500,"",0,0,0,0,0,2,0.957,6.09,7,true,3,0,3,3,0,0,0.000,1.000,"|repair|||crossing_pass||||crossing_pass|||||||crossing_pass||||repair|||",false,false,0,0
"Classic - Balanced","Classic","Balanced","CL-ORANGE02",1414,9,"Collapse (crossing) - Game Over","collapse_crossing",4,0,7,20,10,8400,false,false,1250.0,8,1,0,171.08,4,0,2000,"",0,0,0,0,0,0,1.000,4.00,2,false,2,0,2,1,0,1,0.500,0.500,"||||crossing_pass||||crossing_fail",false,false,0,0
"Classic - Balanced","Classic","Balanced","CL-ORANGE02",1415,9,"Collapse (crossing) - Game Over","collapse_crossing",4,0,7,20,9,8400,false,false,1250.0,9,0,0,171.08,4,0,2000,"",0,0,0,0,0,0,1.000,4.00,3,false,2,0,2,1,0,1,0.500,0.500,"|||crossing_pass|||||crossing_fail",false,false,0,0
"Classic - Balanced","Classic","Balanced","CL-ORANGE02",1416,10,"Collapse (crossing) - Game Over","collapse_crossing",6,0,6,18,8,7900,false,false,1250.0,10,0,0,153.97,6,0,2000,"",0,6,0,0,0,0,1.000,6.00,3,false,2,0,2,1,0,1,0.500,0.500,"||||crossing_pass|||||crossing_fail",false,false,0,0
"Classic - Balanced","Classic","Balanced","CL-ORANGE02",1417,17,"Collapse (crossing) - Game Over","collapse_crossing",7,0,4,18,10,13400,false,false,1900.0,17,0,0,137.67,7,0,3500,"",0,0,0,0,0,0,1.000,7.00,5,false,3,0,3,1,1,1,0.333,0.333,"||||crossing_pass|||||detour|||||||crossing_fail",false,false,0,0
"Classic - Balanced","Classic","Balanced","CL-ORANGE02",1418,16,"Collapse (crossing) - Game Over","collapse_crossing",7,0,4,17,10,13900,false,false,1900.0,16,0,0,146.27,7,0,3500,"",0,0,0,0,0,0,1.000,7.00,5,false,3,0,3,2,0,1,0.333,0.667,"||||crossing_pass||||crossing_pass|||||||crossing_fail",false,false,0,0
"Classic - Balanced","Classic","Balanced","CL-ORANGE02",1419,9,"Collapse (crossing) - Game Over","collapse_crossing",4,0,6,20,10,7800,false,false,1250.0,9,0,0,171.08,4,0,2000,"",0,7,0,0,0,0,1.000,4.00,4,false,2,0,2,1,0,1,0.500,0.500,"||||crossing_pass||||crossing_fail",false,false,0,0
"Classic - Balanced","Classic","Balanced","CL-ORANGE02",1420,23,"Collapse (breakdown) - Game Over","collapse_breakdown",6,1,0,19,10,20000,false,false,2362.4,22,0,1,132.27,6,2700,3500,"",0,8,0,0,0,1,0.957,5.22,5,true,3,0,3,2,1,0,0.000,0.667,"|repair|||crossing_pass||||detour|||||||crossing_pass|||||||",false,false,0,0
"Classic - Balanced","Classic","Balanced","CL-ORANGE02",1421,23,"Collapse (breakdown) - Game Over","collapse_breakdown",9,0,0,20,10,20800,false,false,2339.7,22,0,1,131.00,9,0,3500,"",0,4,0,0,0,0,0.957,7.83,6,true,3,0,3,2,1,0,0.000,0.667,"||||crossing_pass||||crossing_pass|||||||detour|||||||",false,false,0,0
"Classic - Balanced","Classic","Balanced","CL-ORANGE02",1422,23,"Collapse (breakdown) - Game Over","collapse_breakdown",8,2,0,19,10,17200,false,false,2339.7,21,1,1,131.00,8,2700,3500,"",0,0,0,0,0,2,0.957,6.96,6,true,3,0,3,2,1,0,0.000,0.667,"repair||||crossing_denied;detour|||||crossing_pass|||||||crossing_pass||repair||||",false,false,0,0
"Classic - Balanced","Classic","Balanced","CL-ORANGE02",1423,23,"Collapse (breakdown) - Game Over","collapse_breakdown",8,0,0,19,10,21700,false,false,2353.5,22,0,0,131.77,8,0,3500,"",0,0,0,0,0,0,1.000,7.27,5,true,3,0,3,3,0,0,0.000,1.000,"||||crossing_pass|||||crossing_pass||||||crossing_pass||||||",false,false,0,0
"Classic - Balanced","Classic","Balanced","CL-ORANGE02",1424,23,"Victory - Boss Defeated","boss.victory",7,0,1,16,4,23100,true,true,2400.0,23,0,0,128.53,7,0,3500,"",0,0,0,0,0,0,1.000,6.09,6,true,3,0,3,3,0,0,0.000,1.000,"|||crossing_pass|||||crossing_pass|||||||crossing_pass|||||||",false,false,0,0
"Classic - Balanced","Classic","Balanced","CL-ORANGE02",1425,9,"Collapse (crossing) - Game Over","collapse_crossing",4,1,6,20,10,8400,false,false,1250.0,9,0,0,171.08,4,0,2000,"",0,7,0,0,0,1,1.000,4.00,3,false,2,0,2,1,0,1,0.500,0.500,"||||crossing_pass||||repair;crossing_fail",false,false,2,0
"Classic - Balanced","Classic","Balanced","CL-ORANGE02",1426,16,"Collapse (crossing) - Game Over","collapse_crossing",6,1,3,20,9,10300,false,false,1900.0,15,1,0,146.27,6,3100,3500,"",0,0,0,0,1,1,1.000,6.00,5,false,3,0,3,2,0,1,0.333,0.667,"||||crossing_pass|camp|||crossing_pass||||||repair|crossing_fail",false,false,1,0
"Classic - Balanced","Classic","Balanced","CL-ORANGE02",1427,9,"Collapse (crossing) - Game Over","collapse_crossing",4,0,7,20,10,8400,false,false,1250.0,9,0,0,171.08,4,0,2000,"",0,0,0,0,0,0,1.000,4.00,4,false,2,0,2,1,0,1,0.500,0.500,"|||crossing_pass|||||crossing_fail",false,false,0,0
"Classic - Balanced","Classic","Balanced","CL-ORANGE02",1428,23,"Collapse (breakdown) - Game Over","collapse_breakdown",7,0,0,20,10,23700,false,false,2362.4,22,0,1,132.27,7,0,3500,"",0,1,0,0,0,0,0.957,6.09,6,true,3,0,3,2,1,0,0.000,0.667,"||||detour|||||crossing_pass||||||crossing_pass|||||||",false,false,0,0
"Classic - Balanced","Classic","Balanced","CL-ORANGE02",1429,23,"Victory - Boss Defeated","boss.victory",7,1,1,18,4,21500,true,true,2400.0,23,0,0,128.53,7,2700,3500,"",0,5,0,0,1,1,1.000,6.09,6,true,3,0,3,3,0,0,0.000,1.000,"|||crossing_pass|||||crossing_pass|||||||crossing_pass;camp||||repair|||",false,false,0,0
"Classic - Balanced","Classic","Balanced","CL-ORANGE02",1430,10,"Collapse (crossing) - Game Over","collapse_crossing",5,0,6,19,10,7900,false,false,1250.0,10,0,0,153.97,5,0,2000,"",0,0,0,0,0,0,1.000,5.00,3,false,2,0,2,0,1,1,0.500,0.000,"|||crossing_denied;detour||||||crossing_fail",false,false,0,0
"Classic - Balanced","Classic","Balanced","CL-ORANGE02",1431,23,"Victory - Boss Defeated","boss.victory",7,0,1,18,4,22000,true,true,2400.0,23,0,0,128.53,7,0,3500,"",0,0,0,0,0,0,1.000,6.09,6,true,3,0,3,2,1,0,0.000,0.667,"|||crossing_pass|||||crossing_pass|||||||detour|||||||",false,false,0,0
"Classic - Balanced","Classic","Balanced","CL-ORANGE02",1432,23,"Collapse (breakdown) - Game Over","collapse_breakdown",7,0,0,17,10,25100,false,false,2394.1,22,0,0,134.05,7,0,3500,"tariff_tsunami",1,0,0,0,0,0,1.000,6.36,6,true,3,0,3,3,0,0,0.000,1.000,"||||crossing_pass||||crossing_pass|||||||crossing_pass||||||",false,false,0,0
"Classic - Balanced","Classic","Balanced","CL-ORANGE02",1433,24,"Boss Vote Failed - Game Over","boss_vote_failed",9,0,1,17,4,22100,true,false,2400.0,23,1,0,123.18,9,0,3500,"",0,0,0,0,0,0,1.000,7.50,7,true,3,0,3,2,1,0,0.000,0.667,"||||crossing_denied;detour|||||crossing_pass|||||||crossing_pass|||||||",false,false,0,0
"Classic - Balanced","Classic","Balanced","CL-ORANGE02",1434,20,"Collapse (breakdown) - Game Over","collapse_breakdown",7,1,0,15,10,16500,false,false,2143.5,18,1,0,138.96,7,0,3500,"",0,0,0,0,0,1,1.000,7.00,6,true,3,0,3,2,1,0,0.000,0.667,"||||crossing_denied;detour||||repair|crossing_pass|||||||crossing_pass||",false,false,0,0
"Classic - Balanced","Classic","Balanced","CL-ORANGE02",1435,16,"Collapse (crossing) - Game Over","collapse_crossing",8,0,3,19,10,14400,false,false,1900.0,16,0,0,146.27,8,0,3500,"",0,0,0,0,0,0,1.000,8.00,4,false,3,0,3,2,0,1,0.333,0.667,"||||crossing_pass||||crossing_pass|||||||crossing_fail",false,false,0,0
"Classic - Balanced","Classic","Balanced","CL-ORANGE02",1436,16,"Collapse (crossing) - Game Over","collapse_crossing",5,0,4,20,10,14400,false,false,1900.0,16,0,0,146.27,5,0,3500,"",0,7,0,0,0,0,1.000,5.00,4,false,3,0,3,1,1,1,0.333,0.333,"|||detour|||||crossing_pass|||||||crossing_fail",false,false,0,0
"Classic - Balanced","Classic","Balanced","CL-ORANGE02",1437,23,"Collapse (breakdown) - Game Over","collapse_breakdown",7,0,0,19,10,22700,false,false,2362.4,21,1,1,132.27,7,0,3500,"",0,7,0,0,0,0,0.957,6.09,7,true,3,0,3,3,0,0,0.000,1.000,"|||crossing_pass|||||crossing_pass|||||||crossing_pass|||||||",false,false,0,0
"Classic - Balanced","Classic","Balanced","CL-ORANGE02",1438,9,"Collapse (crossing) - Game Over","collapse_crossing",4,0,7,18,9,8400,false,false,1250.0,9,0,0,171.08,4,0,2000,"",0,9,0,0,0,0,1.000,4.00,3,false,2,0,2,1,0,1,0.500,0.500,"|||crossing_pass|||||crossing_fail",false,false,0,0
"Classic - Balanced","Classic","Balanced","CL-ORANGE02",1439,23,"Collapse (breakdown) - Game Over","collapse_breakdown",8,0,0,17,10,21400,false,false,2345.5,21,1,1,131.32,8,0,3500,"",0,0,0,0,0,0,0.957,6.96,8,true,3,0,3,1,2,0,0.000,0.333,"|||crossing_pass|||||detour|||||||detour|||||||",false,false,0,0
"Classic - Balanced","Classic","Balanced","CL-ORANGE02",1440,23,"Collapse (breakdown) - Game Over","collapse_breakdown",8,1,0,19,10,22700,false,false,2362.4,22,0,1,132.27,8,0,3500,"",0,4,0,0,0,1,0.957,6.96,6,true,3,0,3,3,0,0,0.000,1.000,"||||crossing_pass||||crossing_pass|repair|||||||crossing_pass||||||",false,false,0,0
"Classic - Balanced","Classic","Balanced","CL-ORANGE02",1441,23,"Victory - Boss Defeated","boss.victory",8,1,1,20,4,21000,true,true,2400.0,23,0,0,128.53,8,0,3500,"",0,0,0,0,0,1,1.000,6.96,7,true,3,0,3,2,1,0,0.000,0.667,"repair||||crossing_denied;detour|||||crossing_pass||||||crossing_pass|||||||",false,false,0,0
"Classic - Balanced","Classic","Balanced","CL-ORANGE02",1442,23,"Victory - Boss Defeated","boss.victory",7,1,1,18,4,21700,true,true,2400.0,23,0,0,128.53,7,0,3500,"",0,0,0,0,0,1,1.000,6.09,6,true,3,0,3,2,1,0,0.000,0.667,"||||crossing_pass||||repair|detour||||||crossing_pass|||||||",false,false,0,0
"Classic - Balanced","Classic","Balanced","CL-ORANGE02",1443,9,"Collapse (crossing) - Game Over","collapse_crossing",4,0,7,18,10,8400,false,false,1250.0,8,1,0,171.08,4,0,2000,"",0,0,0,0,0,0,1.000,4.00,2,false,2,0,2,1,0,1,0.500,0.500,"|||crossing_pass|||||crossing_fail",false,false,0,0
"Classic - Balanced","Classic","Balanced","CL-ORANGE02",1444,23,"Collapse (breakdown) - Game Over","collapse_breakdown",7,0,0,19,10,23200,false,false,2372.2,22,0,0,132.82,7,0,3500,"",0,0,0,0,0,0,1.000,6.36,6,true,3,0,3,3,0,0,0.000,1.000,"||||crossing_pass||||crossing_pass|||||||crossing_pass||||||",false,false,0,0
"Classic - Balanced","Classic","Balanced","CL-ORANGE02",1445,10,"Collapse (crossing) - Game Over","collapse_crossing",4,0,6,14,10,7900,false,false,1250.0,10,0,0,153.97,4,0,2000,"",0,0,0,0,0,0,1.000,4.00,2,false,2,0,2,0,1,1,0.500,0.000,"||||detour|||||crossing_fail",false,false,0,0
"Classic - Balanced","Classic","Balanced","CL-ORANGE02",1446,16,"Collapse (crossing) - Game Over","collapse_crossing",6,0,4,20,10,13900,false,false,1900.0,15,1,0,146.27,6,0,3500,"",0,8,0,0,0,0,1.000,6.00,5,false,3,0,3,2,0,1,0.333,0.667,"|||crossing_pass|||||crossing_pass|||||||crossing_fail",false,false,0,0
"Classic - Balanced","Classic","Balanced","CL-ORANGE02",1447,23,"Collapse (breakdown) - Game Over","collapse_breakdown",7,0,0,19,10,21400,false,false,2339.7,21,0,2,137.24,7,0,3500,"",0,0,0,0,1,0,0.913,6.09,5,true,3,0,3,3,0,0,0.000,1.000,"|||crossing_pass|||||crossing_pass|||||||camp|crossing_pass||||||",false,false,0,0
"Classic - Balanced","Classic","Balanced","CL-ORANGE02",1448,23,"Victory - Boss Defeated","boss.victory",9,0,1,18,4,22700,true,true,2400.0,22,1,0,128.53,9,0,3500,"",0,1,0,0,0,0,1.000,7.83,5,true,3,0,3,3,0,0,0.000,1.000,"||||crossing_pass||||crossing_pass|||||||crossing_pass|||||||",false,false,0,0
"Classic - Balanced","Classic","Balanced","CL-ORANGE02",1449,9,"Collapse (crossing) - Game Over","collapse_crossing",4,0,7,18,10,7900,false,false,1250.0,9,0,0,171.08,4,0,2000,"",0,8,0,1,0,0,1.000,4.00,3,false,2,0,2,1,0,1,0.500,0.500,"||||crossing_pass||||crossing_fail",false,false,0,0
"Classic - Balanced","Classic","Balanced","CL-ORANGE02",1450,23,"Collapse (breakdown) - Game Over","collapse_breakdown",8,0,0,20,10,20400,false,false,2339.7,22,0,1,131.00,8,0,3500,"",0,3,0,0,0,0,0.957,6.96,6,true,3,0,3,1,2,0,0.000,0.333,"||||crossing_denied;detour|||||detour|||||||crossing_pass||||||",false,false,0,0
"Classic - Balanced","Classic","Balanced","CL-ORANGE02",1451,23,"Boss Vote Failed - Game Over","boss_vote_failed",7,2,1,18,4,19000,true,false,2400.0,23,0,0,128.53,7,0,3500,"",0,0,0,0,0,2,1.000,6.09,6,true,3,0,3,3,0,0,0.000,1.000,"||repair||crossing_pass||||crossing_pass||||||repair|crossing_pass|||||||",false,false,0,0
"Classic - Balanced","Classic","Balanced","CL-ORANGE02",1452,23,"Boss Vote Failed - Game Over","boss_vote_failed",6,0,1,17,4,23200,true,false,2400.0,23,0,0,128.53,6,0,3500,"book_panic",1,0,0,0,0,0,1.000,5.22,6,true,3,0,3,3,0,0,0.000,1.000,"||||crossing_pass||||crossing_pass|||||||crossing_pass|||||||",false,false,0,0
"Classic - Balanced","Classic","Balanced","CL-ORANGE02",1453,23,"Collapse (breakdown) - Game Over","collapse_breakdown",7,0,0,18,10,22800,false,false,2339.7,22,0,1,131.00,7,0,3500,"",0,0,0,0,0,0,0.957,6.09,6,true,3,0,3,2,1,0,0.000,0.667,"||||crossing_pass||||crossing_pass|||||||detour|||||||",false,false,0,0
"Classic - Balanced","Classic","Balanced","CL-ORANGE02",1454,16,"Collapse (crossing) - Game Over","collapse_crossing",6,0,4,20,10,13400,false,false,1900.0,16,0,0,146.27,6,0,3500,"",0,1,1,0,0,0,1.000,6.00,5,false,3,0,3,1,1,1,0.333,0.333,"||||detour|||||crossing_pass||||||crossing_fail",false,false,0,0
"Classic - Balanced","Classic","Balanced","CL-ORANGE02",1455,23,"Collapse (breakdown) - Game Over","collapse_breakdown",8,1,0,20,10,23000,false,false,2362.4,22,0,1,132.27,8,0,3500,"",0,0,0,0,0,1,0.957,6.96,5,true,3,0,3,3,0,0,0.000,1.000,"||||crossing_pass||||crossing_pass||||||repair|crossing_pass|||||||",false,false,0,0
"Classic - Balanced","Classic","Balanced","CL-ORANGE02",1456,10,"Collapse (crossing) - Game Over","collapse_crossing",5,0,5,19,10,8400,false,false,1250.0,10,0,0,153.97,5,0,2000,"",0,4,0,0,0,0,1.000,5.00,3,false,2,0,2,0,1,1,0.500,0.000,"||||crossing_denied;detour|||||crossing_fail",false,false,0,0
"Classic - Balanced","Classic","Balanced","CL-ORANGE02",1457,23,"Collapse (breakdown) - Game Over","collapse_breakdown",8,1,0,20,10,19900,false,false,2339.7,22,0,1,131.00,8,0,3500,"",0,0,0,0,0,1,0.957,6.96,5,true,3,0,3,3,0,0,0.000,1.000,"||||crossing_pass||||crossing_pass||||||||crossing_pass|||repair|||",false,false,0,0
"Classic - Balanced","Classic","Balanced","CL-ORANGE02",1458,23,"Collapse (breakdown) - Game Over","collapse_breakdown",8,0,0,19,10,20900,false,false,2339.7,22,0,1,131.00,8,0,3500,"",0,4,0,0,0,0,0.957,6.96,7,true,3,0,3,2,1,0,0.000,0.667,"||||crossing_pass|||||crossing_pass|||||||detour||||||",false,false,0,0
"Classic - Balanced","Classic","Balanced","CL-ORANGE02",1459,23,"Collapse (breakdown) - Game Over","collapse_breakdown",9,0,0,18,10,22700,false,false,2362.4,22,0,1,132.27,9,0,3500,"",0,5,0,0,0,0,0.957,7.83,6,true,3,0,3,2,1,0,0.000,0.667,"||||crossing_pass||||crossing_pass|||||||detour|||||||",false,false,0,0
"Classic - Balanced","Classic","Balanced","CL-ORANGE02",1460,16,"Collapse (crossing) - Game Over","collapse_crossing",5,0,4,19,10,12800,false,false,1900.0,16,0,0,146.27,5,0,3500,"",0,0,0,0,0,0,1.000,5.00,4,false,3,0,3,2,0,1,0.333,0.667,"|||crossing_pass|||||crossing_pass|||||||crossing_fail",false,false,0,0
"Classic - Balanced","Classic","Balanced","CL-ORANGE02",1461,23,"Boss Vote Failed - Game Over","boss_vote_failed",7,0,1,19,4,22700,true,false,2400.0,23,0,0,128.53,7,0,3500,"",0,0,0,1,0,0,1.000,6.09,7,true,3,0,3,3,0,0,0.000,1.000,"||||crossing_pass||||crossing_pass|||||||crossing_pass|||||||",false,false,0,0
"Classic - Balanced","Classic","Balanced","CL-ORANGE02",1462,10,"Collapse (crossing) - Game Over","collapse_crossing",4,0,5,16,10,8400,false,false,1250.0,10,0,0,153.97,4,0,2000,"",0,0,0,0,0,0,1.000,4.00,3,false,2,0,2,0,1,1,0.500,0.000,"||||crossing_denied;detour|||||crossing_fail",false,false,0,0
"Classic - Balanced","Classic","Balanced","CL-ORANGE02",1463,23,"Boss Vote Failed - Game Over","boss_vote_failed",7,0,2,17,4,23200,true,false,2400.0,22,0,1,134.38,7,0,3500,"",0,6,0,0,0,0,0.957,6.09,5,true,3,0,3,3,0,0,0.000,1.000,"|||crossing_pass|||||crossing_pass|||||||crossing_pass|||||||",false,false,0,0
"Classic - Balanced","Classic","Balanced","CL-ORANGE02",1464,23,"Collapse (breakdown) - Game Over","collapse_breakdown",6,0,0,18,10,23200,false,false,2389.2,22,0,0,133.77,6,0,3500,"",0,0,0,0,0,0,1.000,5.45,6,true,3,0,3,3,0,0,0.000,1.000,"|||crossing_pass|||||crossing_pass|||||||crossing_pass||||||",false,false,0,0
"Classic - Balanced","Classic","Balanced","CL-ORANGE02",1465,16,"Collapse (crossing) - Game Over","collapse_crossing",6,0,3,18,10,14400,false,false,1900.0,16,0,0,146.27,6,0,3500,"",0,0,0,0,0,0,1.000,6.00,6,false,3,0,3,2,0,1,0.333,0.667,"||||crossing_pass||||crossing_pass|||||||crossing_fail",false,false,0,0
"Classic - Balanced","Classic","Balanced","CL-ORANGE02",1466,9,"Collapse (crossing) - Game Over","collapse_crossing",4,0,7,20,10,7900,false,false,1250.0,9,0,0,171.08,4,0,2000,"",0,0,0,0,0,0,1.000,4.00,4,false,2,0,2,0,1,1,0.500,0.000,"|||detour|||||crossing_fail",false,false,0,0
"Classic - Balanced","Classic","Balanced","CL-ORANGE02",1467,9,"Collapse (crossing) - Game Over","collapse_crossing",4,0,6,18,9,9300,false,false,1250.0,9,0,0,171.08,4,0,2000,"",0,0,0,0,0,0,1.000,4.00,4,false,2,0,2,1,0,1,0.500,0.500,"|||crossing_pass|||||crossing_fail",false,false,0,0
"Classic - Balanced","Classic","Balanced","CL-ORANGE02",1468,23,"Collapse (breakdown) - Game Over","collapse_breakdown",6,0,0,16,10,23200,false,false,2381.9,22,0,1,133.36,6,0,3500,"",0,0,0,0,0,0,0.957,5.22,6,true,3,0,3,3,0,0,0.000,1.000,"|||crossing_pass|||||crossing_pass|||||||crossing_pass|||||||",false,false,0,0
"Classic - Balanced","Classic","Balanced","CL-ORANGE02",1469,23,"Boss Vote Failed - Game Over","boss_vote_failed",8,1,1,18,4,20500,true,false,2400.0,23,0,0,128.53,8,2700,3500,"",0,3,0,0,0,1,1.000,6.96,6,true,3,0,3,3,0,0,0.000,1.000,"|||crossing_pass||repair||||crossing_pass|||||||crossing_pass||||||",false,false,0,0
"Classic - Balanced","Classic","Balanced","CL-ORANGE02",1470,16,"Collapse (crossing) - Game Over","collapse_crossing",5,1,4,18,10,11300,false,false,1900.0,16,0,0,146.27,5,3100,3500,"",0,0,0,0,0,1,1.000,5.00,4,false,3,0,3,2,0,1,0.333,0.667,"||||crossing_pass||||repair|crossing_pass||||||crossing_fail",false,false,0,0
"Classic - Balanced","Classic","Balanced","CL-ORANGE02",1471,23,"Collapse (breakdown) - Game Over","collapse_breakdown",8,0,0,17,9,22800,false,false,2347.8,22,0,0,131.45,8,0,3500,"",0,0,0,0,0,0,1.000,7.27,6,true,3,0,3,3,0,0,0.000,1.000,"||||crossing_pass|||||crossing_pass|||||||crossing_pass|||||",false,false,0,0
"Classic - Balanced","Classic","Balanced","CL-ORANGE02",1472,24,"Boss Vote Failed - Game Over","boss_vote_failed",9,1,1,18,4,20900,true,false,2400.0,23,1,0,123.18,9,0,3500,"",0,0,0,1,0,1,1.000,7.50,5,true,3,0,3,3,0,0,0.000,1.000,"||||crossing_pass|||||crossing_pass|||||repair||crossing_pass|||||||",false,false,0,0
"Classic - Balanced","Classic","Balanced","CL-ORANGE02",1473,10,"Collapse (crossing) - Game Over","collapse_crossing",4,0,6,16,10,7900,false,false,1250.0,10,0,0,153.97,4,0,2000,"",0,0,0,0,0,0,1.000,4.00,4,false,2,0,2,1,0,1,0.500,0.500,"||||crossing_pass|||||crossing_fail",false,false,0,0
"Classic - Balanced","Classic","Balanced","CL-ORANGE02",1474,24,"Boss Vote Failed - Game Over","boss_vote_failed",7,1,1,18,4,19100,true,false,2400.0,23,1,0,123.18,7,3100,3500,"",0,3,0,0,0,1,1.000,5.83,5,true,3,0,3,3,0,0,0.000,1.000,"||||crossing_pass|||||crossing_pass||||||crossing_pass||||repair||||",false,false,0,0
"Classic - Balanced","Classic","Balanced","CL-ORANGE02",1475,23,"Collapse (breakdown) - Game Over","collapse_breakdown",7,0,0,19,10,20400,false,false,2355.9,22,0,0,131.91,7,0,3500,"",0,0,0,0,0,0,1.000,6.36,7,true,3,0,3,3,0,0,0.000,1.000,"|||crossing_pass|||||crossing_pass||||||||crossing_pass|||||",false,false,0,0
"Classic - Balanced","Classic","Balanced","CL-ORANGE02",1476,16,"Collapse (crossing) - Game Over","collapse_crossing",5,0,4,20,10,14800,false,false,1900.0,16,0,0,146.27,5,0,3500,"",0,0,0,0,0,0,1.000,5.00,5,false,3,0,3,2,0,1,0.333,0.667,"|||crossing_pass|||||crossing_pass|||||||crossing_fail",false,false,0,0
"Classic - Balanced","Classic","Balanced","CL-ORANGE02",1477,10,"Collapse (crossing) - Game Over","collapse_crossing",5,0,5,13,10,8400,false,false,1250.0,10,0,0,153.97,5,0,2000,"",0,0,0,0,0,0,1.000,5.00,3,false,2,0,2,1,0,1,0.500,0.500,"||||crossing_pass|||||crossing_fail",false,false,0,0
"Classic - Balanced","Classic","Balanced","CL-ORANGE02",1478,23,"Collapse (breakdown) - Game Over","collapse_breakdown",7,0,0,20,10,20800,false,false,2339.7,22,0,1,131.00,7,0,3500,"",0,0,0,0,0,0,0.957,6.09,7,true,3,0,3,3,0,0,0.000,1.000,"||||crossing_pass|||||crossing_pass|||||||crossing_pass||||||",false,false,0,0
"Classic - Balanced","Classic","Balanced","CL-ORANGE02",1479,9,"Collapse (crossing) - Game Over","collapse_crossing",5,0,6,18,10,8400,false,false,1250.0,9,0,0,171.08,5,0,2000,"",0,4,0,0,0,0,1.000,5.00,3,false,2,0,2,1,0,1,0.500,0.500,"||||crossing_pass||||crossing_fail",false,false,0,0
"Classic - Balanced","Classic","Balanced","CL-ORANGE02",1480,23,"Victory - Boss Defeated","boss.victory",6,0,2,20,3,23200,true,true,2400.0,22,0,1,134.38,6,0,3500,"travel_ban_lite",1,0,0,0,0,0,0.957,5.22,6,true,3,0,3,3,0,0,0.000,1.000,"|||crossing_pass|||||crossing_pass|||||||crossing_pass|||||||",false,false,0,0
"Classic - Balanced","Classic","Balanced","CL-ORANGE02",1481,23,"Collapse (breakdown) - Game Over","collapse_breakdown",8,0,0,20,10,22000,false,false,2362.4,22,0,1,132.27,8,0,3500,"",0,0,0,0,0,0,0.957,6.96,6,true,3,0,3,3,0,0,0.000,1.000,"|||crossing_pass|||||crossing_pass|||||||crossing_pass|||||||",false,false,0,0
"Classic - Balanced","Classic","Balanced","CL-ORANGE02",1482,23,"Victory - Boss Defeated","boss.victory",7,0,1,20,4,22700,true,true,2400.0,23,0,0,128.53,7,0,3500,"",0,0,0,0,0,0,1.000,6.09,6,true,3,0,3,3,0,0,0.000,1.000,"||||crossing_pass||||crossing_pass|||||||crossing_pass|||||||",false,false,0,0
"Classic - Balanced","Classic","Balanced","CL-ORANGE02",1483,23,"Boss Vote Failed - Game Over","boss_vote_failed",8,0,3,16,4,25200,true,false,2400.0,22,1,0,128.53,8,0,3500,"",0,0,0,0,0,0,1.000,6.96,5,true,3,0,3,3,0,0,0.000,1.000,"||||crossing_pass||||crossing_pass|||||||crossing_pass|||||||",false,false,0,0
"Classic - Balanced","Classic","Balanced","CL-ORANGE02",1484,23,"Collapse (breakdown) - Game Over","collapse_breakdown",7,0,0,20,10,24100,false,false,2362.4,22,0,1,132.27,7,0,3500,"",0,0,0,0,0,0,0.957,6.09,6,true,3,0,3,3,0,0,0.000,1.000,"|||crossing_pass|||||crossing_pass|||||||crossing_pass|||||||",false,false,0,0
"Classic - Balanced","Classic","Balanced","CL-ORANGE02",1485,23,"Victory - Boss Defeated","boss.victory",6,0,2,20,3,23700,true,true,2400.0,22,0,1,134.38,6,0,3500,"",0,0,0,0,0,0,0.957,5.22,6,true,3,0,3,2,1,0,0.000,0.667,"|||detour|||||crossing_pass|||||||crossing_pass|||||||",false,false,0,0
"Classic - Balanced","Classic","Balanced","CL-ORANGE02",1486,23,"Boss Vote Failed - Game Over","boss_vote_failed",7,0,1,19,4,22700,true,false,2400.0,23,0,0,128.53,7,0,3500,"",0,3,0,0,0,0,1.000,6.09,7,true,3,0,3,2,1,0,0.000,0.667,"||||crossing_pass||||detour|||||||crossing_pass|||||||",false,false,0,0
"Classic - Balanced","Classic","Balanced","CL-ORANGE02",1487,9,"Collapse (crossing) - Game Over","collapse_crossing",4,0,7,17,10,8400,false,false,1250.0,9,0,0,171.08,4,0,2000,"",0,0,0,0,0,0,1.000,4.00,4,false,2,0,2,1,0,1,0.500,0.500,"||||crossing_pass||||crossing_fail",false,false,0,0
"Classic - Balanced","Classic","Balanced","CL-ORANGE02",1488,10,"Collapse (crossing) - Game Over","collapse_crossing",4,0,5,17,10,7900,false,false,1250.0,10,0,0,153.97,4,0,2000,"",0,4,0,0,0,0,1.000,4.00,4,false,2,0,2,1,0,1,0.500,0.500,"||||crossing_pass|||||crossing_fail",false,false,0,0
"Classic - Balanced","Classic","Balanced","CL-ORANGE02",1489,10,"Collapse (crossing) - Game Over","collapse_crossing",4,0,5,17,10,7900,false,false,1250.0,10,0,0,153.97,4,0,2000,"",0,0,0,0,0,0,1.000,4.00,4,false,2,0,2,1,0,1,0.500,0.500,"||||crossing_pass|||||crossing_fail",false,false,0,0
"Classic - Balanced","Classic","Balanced","CL-ORANGE02",1490,23,"Boss Vote Failed - Game Over","boss_vote_failed",8,0,1,17,4,25600,true,false,2400.0,22,1,0,128.53,8,0,3500,"",0,0,0,0,0,0,1.000,6.96,5,true,3,0,3,3,0,0,0.000,1.000,"|||crossing_pass|||||crossing_pass|||||||crossing_pass|||||||",false,false,0,0
"Classic - Balanced","Classic","Balanced","CL-ORANGE02",1491,16,"Collapse (crossing) - Game Over","collapse_crossing",7,0,4,17,10,13900,false,false,1900.0,16,0,0,146.27,7,0,3500,"",0,1,0,0,0,0,1.000,7.00,4,false,3,0,3,2,0,1,0.333,0.667,"|||crossing_pass|||||crossing_pass|||||||crossing_fail",false,false,0,0
"Classic - Balanced","Classic","Balanced","CL-ORANGE02",1492,23,"Boss Vote Failed - Game Over","boss_vote_failed",7,0,3,19,4,22700,true,false,2400.0,23,0,0,128.53,7,0,3500,"",0,5,0,0,0,0,1.000,6.09,7,true,3,0,3,3,0,0,0.000,1.000,"|||crossing_pass|||||crossing_pass|||||||crossing_pass|||||||",false,false,0,0
"Classic - Balanced","Classic","Balanced","CL-ORANGE02",1493,23,"Collapse (breakdown) - Game Over","collapse_breakdown",9,1,0,20,10,17800,false,false,2339.7,22,0,1,131.00,9,3100,3500,"",0,0,0,0,0,1,0.957,7.83,6,true,3,0,3,3,0,0,0.000,1.000,"||||crossing_pass;repair|||||crossing_pass||||||||crossing_pass|||||",false,false,0,0
"Classic - Balanced","Classic","Balanced","CL-ORANGE02",1494,9,"Collapse (crossing) - Game Over","collapse_crossing",4,0,7,18,10,7900,false,false,1250.0,9,0,0,171.08,4,0,2000,"doe_eliminated",2,0,0,0,0,0,1.000,4.00,3,false,2,0,2,1,0,1,0.500,0.500,"|||crossing_pass|||||crossing_fail",false,false,0,0
"Classic - Balanced","Classic","Balanced","CL-ORANGE02",1495,23,"Boss Vote Failed - Game Over","boss_vote_failed",8,0,2,20,3,22700,true,false,2400.0,21,1,1,134.38,8,0,3500,"",0,7,0,0,0,0,0.957,6.96,6,true,3,0,3,3,0,0,0.000,1.000,"|||crossing_pass|||||crossing_pass|||||||crossing_pass|||||||",false,false,0,0
"Classic - Balanced","Classic","Balanced","CL-ORANGE02",1496,23,"Collapse (breakdown) - Game Over","collapse_breakdown",7,0,0,18,10,21900,false,false,2339.7,21,0,2,137.24,7,0,3500,"",0,8,0,0,1,0,0.913,6.09,6,true,3,0,3,1,2,0,0.000,0.333,"||||crossing_denied;detour|||||detour|||||||crossing_pass|camp|||||",false,false,0,0
"Classic - Balanced","Classic","Balanced","CL-ORANGE02",1497,23,"Collapse (breakdown) - Game Over","collapse_breakdown",8,3,0,19,10,13800,false,false,2339.7,22,0,1,131.00,8,2700,3500,"",0,0,0,0,0,3,0.957,6.96,7,true,3,0,3,2,1,0,0.000,0.667,"||||detour;repair|||repair||crossing_pass|||||||crossing_pass;repair||||||",false,false,0,0
"Classic - Balanced","Classic","Balanced","CL-ORANGE02",1498,24,"Victory - Boss Defeated","boss.victory",9,0,1,18,4,23200,true,true,2400.0,23,0,1,128.53,9,0,3500,"",0,0,1,0,0,0,0.958,7.50,6,true,3,0,3,2,1,0,0.000,0.667,"||||detour|||||crossing_pass||||||crossing_pass||||||||",false,false,0,0
"Classic - Balanced","Classic","Balanced","CL-ORANGE02",1499,23,"Collapse (breakdown) - Game Over","collapse_breakdown",8,0,0,17,10,20400,false,false,2339.7,20,1,2,137.24,8,0,3500,"",0,4,0,0,1,0,0.913,6.96,5,true,3,0,3,3,0,0,0.000,1.000,"||||crossing_pass|||||crossing_pass|||||||camp|crossing_pass|||||",false,false,0,0
"Classic - Balanced","Classic","Balanced","CL-ORANGE02",1500,10,"Collapse (crossing) - Game Over","collapse_crossing",4,0,5,15,10,8400,false,false,1250.0,10,0,0,153.97,4,0,2000,"",0,6,0,0,0,0,1.000,4.00,3,false,2,0,2,0,1,1,0.500,0.000,"||||crossing_denied;detour|||||crossing_fail",false,false,0,0
"Classic - Balanced","Classic","Balanced","CL-ORANGE02",1501,24,"Boss Vote Failed - Game Over","boss_vote_failed",9,0,1,19,3,23600,true,false,2400.0,21,1,2,134.38,9,0,3500,"",0,5,0,0,1,0,0.917,7.50,6,true,3,0,3,3,0,0,0.000,1.000,"||||crossing_pass|||||crossing_pass||||||crossing_pass||||camp||||",false,false,0,0
"Classic - Balanced","Classic","Balanced","CL-ORANGE02",1502,23,"Victory - Boss Defeated","boss.victory",7,1,1,18,4,21600,true,true,2400.0,23,0,0,128.53,7,0,3500,"",0,0,0,0,0,1,1.000,6.09,6,true,3,0,3,2,1,0,0.000,0.667,"||||crossing_pass;repair|||||crossing_pass||||||detour|||||||",false,false,0,0
"Classic - Balanced","Classic","Balanced","CL-ORANGE02",1503,23,"Collapse (breakdown) - Game Over","collapse_breakdown",9,0,0,18,10,23200,false,false,2362.4,22,0,1,132.27,9,0,3500,"",0,0,0,0,0,0,0.957,7.83,6,true,3,0,3,3,0,0,0.000,1.000,"|||crossing_pass|||||crossing_pass|||||||crossing_pass|||||||",false,false,0,0
"Classic - Balanced","Classic","Balanced","CL-ORANGE02",1504,23,"Collapse (breakdown) - Game Over","collapse_breakdown",9,0,0,20,10,20900,false,false,2339.7,21,1,1,131.00,9,0,3500,"",0,0,0,0,0,0,0.957,7.83,5,true,3,0,3,2,1,0,0.000,0.667,"|||crossing_denied;detour||||||crossing_pass|||||||crossing_pass||||||",false,false,0,0
"Classic - Balanced","Classic","Balanced","CL-ORANGE02",1505,23,"Boss Vote Failed - Game Over","boss_vote_failed",7,0,2,19,4,23700,true,false,2400.0,22,0,1,134.38,7,0,3500,"",0,0,0,0,0,0,0.957,6.09,5,true,3,0,3,3,0,0,0.000,1.000,"|||crossing_pass|||||crossing_pass|||||||crossing_pass|||||||",false,false,0,0
"Classic - Balanced","Classic","Balanced","CL-ORANGE02",1506,23,"Victory - Boss Defeated","boss.victory",7,0,1,20,4,22700,true,true,2400.0,22,1,0,128.53,7,0,3500,"",0,6,0,0,0,0,1.000,6.09,6,true,3,0,3,3,0,0,0.000,1.000,"|||crossing_pass|||||crossing_pass|||||||crossing_pass|||||||",false,false,0,0
"Classic - Balanced","Classic","Balanced","CL-ORANGE02",1507,24,"Victory - Boss Defeated","boss.victory",8,0,2,17,4,24200,true,true,2400.0,23,0,1,128.53,8,0,3500,"",0,0,0,0,1,0,0.958,6.67,5,true,3,0,3,2,1,0,0.000,0.667,"||||crossing_pass||||detour||||||||crossing_pass||camp|||||",false,false,0,0
"Classic - Balanced","Classic","Balanced","CL-ORANGE02",1508,23,"Victory - Boss Defeated","boss.victory",7,0,1,19,4,23200,true,true,2400.0,23,0,0,128.53,7,0,3500,"",0,2,0,0,0,0,1.000,6.09,7,true,3,0,3,2,1,0,0.000,0.667,"|||detour|||||crossing_pass|||||||crossing_pass|||||||",false,false,0,0
"Classic - Balanced","Classic","Balanced","CL-ORANGE02",1509,16,"Collapse (crossing) - Game Over","collapse_crossing",7,0,3,20,10,13900,false,false,1900.0,16,0,0,146.27,7,0,3500,"",0,0,0,1,0,0,1.000,7.00,4,false,3,0,3,2,0,1,0.333,0.667,"|||crossing_pass|||||crossing_pass|||||||crossing_fail",false,false,0,0
"Classic - Balanced","Classic","Balanced","CL-ORANGE02",1510,16,"Collapse (crossing) - Game Over","collapse_crossing",6,0,3,19,10,13400,false,false,1900.0,16,0,0,146.27,6,0,3500,"",0,3,0,0,0,0,1.000,6.00,3,false,3,0,3,1,1,1,0.333,0.333,"|||detour|||||crossing_pass|||||||crossing_fail",false,false,0,0
"Classic - Balanced","Classic","Balanced","CL-ORANGE02",1511,23,"Victory - Boss Defeated","boss.victory",7,0,2,18,3,24200,true,true,2400.0,22,0,1,134.38,7,0,3500,"",0,0,0,0,0,0,0.957,6.09,5,true,3,0,3,3,0,0,0.000,1.000,"|||crossing_pass|||||crossing_pass|||||||crossing_pass|||||||",false,false,0,0
"Classic - Balanced","Classic","Balanced","CL-ORANGE02",1512,23,"Collapse (breakdown) - Game Over","collapse_breakdown",9,0,0,20,10,21400,false,false,2339.7,22,0,1,131.00,9,0,3500,"",0,0,0,0,0,0,0.957,7.83,7,true,3,0,3,3,0,0,0.000,1.000,"||||crossing_pass|||||crossing_pass|||||||crossing_pass||||||",false,false,0,0
"Classic - Balanced","Classic","Balanced","CL-ORANGE02",1513,24,"Victory - Boss Defeated","boss.victory",7,0,1,18,4,23200,true,true,2400.0,23,0,1,128.53,7,0,3500,"",0,5,0,0,0,0,0.958,5.83,7,true,3,0,3,2,1,0,0.000,0.667,"|||detour|||||crossing_pass|||||||crossing_pass||||||||",false,false,0,0
"Classic - Balanced","Classic","Balanced","CL-ORANGE02",1514,23,"Victory - Boss Defeated","boss.victory",9,0,1,20,3,23200,true,true,2400.0,23,0,0,128.53,9,0,3500,"",0,0,0,0,0,0,1.000,7.83,6,true,3,0,3,3,0,0,0.000,1.000,"||||crossing_pass||||crossing_pass|||||||crossing_pass|||||||",false,false,0,0
"Classic - Balanced","Classic","Balanced","CL-ORANGE02",1515,23,"Collapse (breakdown) - Game Over","collapse_breakdown",9,0,0,20,10,20400,false,false,2339.7,22,0,1,131.00,9,0,3500,"",0,0,0,0,0,0,0.957,7.83,6,true,3,0,3,2,1,0,0.000,0.667,"||||crossing_pass|||||crossing_pass|||||||detour||||||",false,false,0,0
"Classic - Balanced","Classic","Balanced","CL-ORANGE02",1516,24,"Victory - Boss Defeated","boss.victory",8,0,1,20,2,22600,true,true,2400.0,24,0,0,123.18,8,0,3500,"",0,5,1,0,0,0,1.000,6.67,6,true,3,0,3,2,1,0,0.000,0.667,"||||detour|||||crossing_pass|||||||crossing_pass|||||||",false,false,0,0
"Classic - Balanced","Classic","Balanced","CL-ORANGE02",1517,25,"Victory - Boss Defeated","boss.victory",8,1,1,18,4,21500,true,true,2400.0,23,1,1,123.18,8,2700,3500,"",0,0,0,0,2,1,0.960,6.40,7,true,3,0,3,3,0,0,0.000,1.000,"||camp||crossing_pass|repair||||crossing_pass||||||camp||crossing_pass|||||||",false,false,0,0
"Classic - Balanced","Classic","Balanced","CL-ORANGE02",1518,16,"Collapse (crossing) - Game Over","collapse_crossing",5,1,4,19,10,11300,false,false,1900.0,16,0,0,146.27,5,3100,3500,"",0,0,0,0,0,1,1.000,5.00,4,false,3,0,3,2,0,1,0.333,0.667,"|||crossing_pass|||||crossing_pass|||repair||||crossing_fail",false,false,0,0
"Classic - Balanced","Classic","Balanced","CL-ORANGE02",1519,24,"Boss Vote Failed - Game Over","boss_vote_failed",8,0,1,18,4,22700,true,false,2400.0,23,0,1,128.53,8,0,3500,"",0,0,0,0,1,0,0.958,6.67,5,true,3,0,3,1,2,0,0.000,0.333,"|||crossing_denied;detour||||||crossing_pass|||||||detour|camp||||||",false,false,0,0
"Classic - Balanced","Classic","Balanced","CL-ORANGE02",1520,23,"Boss Vote Failed - Game Over","boss_vote_failed",9,0,1,19,4,22500,true,false,2400.0,23,0,0,128.53,9,0,3500,"",0,0,0,0,0,0,1.000,7.83,6,true,3,0,3,3,0,0,0.000,1.000,"||||crossing_pass||||crossing_pass|||||||crossing_pass|||||||",false,false,0,0
"Classic - Balanced","Classic","Balanced","CL-ORANGE02",1521,23,"Victory - Boss Defeated","boss.victory",7,0,1,20,4,22700,true,true,2400.0,23,0,0,128.53,7,0,3500,"",0,0,0,0,0,0,1.000,6.09,6,true,3,0,3,3,0,0,0.000,1.000,"||||crossing_pass||||crossing_pass|||||||crossing_pass|||||||",false,false,0,0
"Classic - Balanced","Classic","Balanced","CL-ORANGE02",1522,23,"Collapse (breakdown) - Game Over","collapse_breakdown",8,0,0,16,10,23200,false,false,2378.7,22,0,1,133.18,8,0,3500,"",0,7,0,0,0,0,0.957,6.96,5,true,3,0,3,3,0,0,0.000,1.000,"||||crossing_pass||||crossing_pass|||||||crossing_pass|||||||",false,false,0,0
"Classic - Balanced","Classic","Balanced","CL-ORANGE02",1523,23,"Victory - Boss Defeated","boss.victory",8,1,1,20,4,18900,true,true,2400.0,23,0,0,128.53,8,3100,3500,"",0,0,0,0,0,1,1.000,6.96,8,true,3,0,3,3,0,0,0.000,1.000,"||||crossing_pass||||crossing_pass||repair|||||crossing_pass|||||||",false,false,0,0
"Classic - Balanced","Classic","Balanced","CL-ORANGE02",1524,10,"Collapse (crossing) - Game Over","collapse_crossing",4,0,6,16,10,7900,false,false,1250.0,10,0,0,153.97,4,0,2000,"",0,0,0,0,0,0,1.000,4.00,4,false,2,0,2,1,0,1,0.500,0.500,"||||crossing_pass|||||crossing_fail",false,false,0,0
"Classic - Balanced","Classic","Balanced","CL-ORANGE02",1525,17,"Collapse (crossing) - Game Over","collapse_crossing",7,0,3,18,10,13400,false,false,1900.0,17,0,0,137.67,7,0,3500,"",0,0,0,0,0,0,1.000,7.00,5,false,3,0,3,1,1,1,0.333,0.333,"||||detour|||||crossing_pass|||||||crossing_fail",false,false,0,0
"Classic - Balanced","Classic","Balanced","CL-ORANGE02",1526,23,"Collapse (breakdown) - Game Over","collapse_breakdown",7,0,0,16,10,22500,false,false,2387.6,22,0,0,133.68,7,0,3500,"",0,0,0,0,0,0,1.000,6.36,6,true,3,0,3,3,0,0,0.000,1.000,"|||crossing_pass|||||crossing_pass|||||||crossing_pass||||||",false,false,0,0
"Classic - Balanced","Classic","Balanced","CL-ORANGE02",1527,23,"Victory - Boss Defeated","boss.victory",9,0,1,18,4,23200,true,true,2400.0,23,0,0,128.53,9,0,3500,"",0,7,0,0,0,0,1.000,7.83,6,true,3,0,3,3,0,0,0.000,1.000,"||||crossing_pass||||crossing_pass|||||||crossing_pass|||||||",false,false,0,0
"Classic - Balanced","Classic","Balanced","CL-ORANGE02",1528,24,"Victory - Boss Defeated","boss.victory",7,0,2,18,3,23200,true,true,2400.0,22,1,1,128.53,7,0,3500,"",0,0,0,0,1,0,0.958,5.83,5,true,3,0,3,2,1,0,0.000,0.667,"||||detour|||||crossing_pass||||||crossing_pass||camp||||||",false,false,0,0
"Classic - Balanced","Classic","Balanced","CL-ORANGE02",1529,23,"Collapse (breakdown) - Game Over","collapse_breakdown",7,2,0,19,10,16700,false,false,2339.7,22,0,1,131.00,7,2700,3500,"",0,0,0,0,0,2,0.957,6.09,6,true,3,0,3,3,0,0,0.000,1.000,"|||crossing_pass|||||crossing_pass|repair|||||||crossing_pass||repair||||",false,false,0,0
"Classic - Balanced","Classic","Balanced","CL-ORANGE02",1530,24,"Victory - Boss Defeated","boss.victory",7,0,1,19,4,22700,true,true,2400.0,23,0,1,128.53,7,0,3500,"",0,0,0,0,1,0,0.958,5.83,7,true,3,0,3,1,2,0,0.000,0.333,"|||crossing_denied;detour|||||crossing_pass|||||||detour||||camp||||",false,false,0,0
"Classic - Balanced","Classic","Balanced","CL-ORANGE02",1531,23,"Boss Vote Failed - Game Over","boss_vote_failed",8,0,1,20,4,22600,true,false,2400.0,23,0,0,128.53,8,0,3500,"",0,0,0,0,0,0,1.000,6.96,6,true,3,0,3,2,1,0,0.000,0.667,"||||crossing_denied;detour|||||crossing_pass||||||crossing_pass|||||||",false,false,0,0
"Classic - Balanced","Classic","Balanced","CL-ORANGE02",1532,23,"Collapse (breakdown) - Game Over","collapse_breakdown",10,0,0,20,10,23000,false,false,2362.4,22,0,1,132.27,10,0,3500,"",0,0,0,0,0,0,0.957,8.70,6,true,3,0,3,3,0,0,0.000,1.000,"||||crossing_pass||||crossing_pass|||||||crossing_pass|||||||",false,false,0,0
"Classic - Balanced","Classic","Balanced","CL-ORANGE02",1533,17,"Collapse (crossing) - Game Over","collapse_crossing",6,0,3,15,10,13400,false,false,1900.0,17,0,0,137.67,6,0,3500,"",0,9,0,0,0,0,1.000,6.00,5,false,3,0,3,2,0,1,0.333,0.667,"||||crossing_pass|||||crossing_pass|||||||crossing_fail",false,false,0,0
"Classic - Balanced","Classic","Balanced","CL-ORANGE02",1534,24,"Victory - Boss Defeated","boss.victory",7,1,1,18,4,21200,true,true,2400.0,23,0,1,128.53,7,0,3500,"doe_eliminated",1,0,0,1,1,1,0.958,5.83,6,true,3,0,3,2,1,0,0.000,0.667,"|repair|||crossing_pass||||crossing_pass|||||||detour|||||||camp|",false,false,0,0
"Classic - Balanced","Classic","Balanced","CL-ORANGE02",1535,9,"Collapse (crossing) - Game Over","collapse_crossing",4,0,7,19,10,8400,false,false,1250.0,9,0,0,171.08,4,0,2000,"shutdown",1,0,0,0,0,0,1.000,4.00,4,false,2,0,2,1,0,1,0.500,0.500,"|||crossing_pass|||||crossing_fail",false,false,0,0
"Classic - Balanced","Classic","Balanced","CL-ABBOTT03",1536,23,"Collapse (breakdown) - Game Over","collapse_breakdown",8,1,0,20,10,21700,false,false,2362.4,22,0,1,132.27,8,0,3500,"",0,0,0,0,0,1,0.957,6.96,6,true,3,0,3,2,1,0,0.000,0.667,"|||detour|||||crossing_pass|||||||crossing_pass|||repair||||",false,false,0,0
"Classic - Balanced","Classic","Balanced","CL-ABSCAM03",1537,25,"Victory - Boss Defeated","boss.victory",8,1,1,18,3,18800,true,true,2400.0,23,0,2,128.53,8,2700,3500,"war_dept_reorg",2,0,0,0,1,1,0.920,6.40,7,true,3,0,3,3,0,0,0.000,1.000,"||||crossing_pass|||||crossing_pass;repair|||||||crossing_pass|||||camp|||",false,false,0,0
"Classic - Balanced","Classic","Balanced","CL-AILEEN03",1538,23,"Victory - Boss Defeated","boss.victory",7,0,1,18,4,22600,true,true,2400.0,23,0,0,128.53,7,0,3500,"",0,0,0,0,0,0,1.000,6.09,6,true,3,0,3,2,1,0,0.000,0.667,"|||crossing_denied;detour|||||crossing_pass|||||||crossing_pass|||||||",false,false,0,0
"Classic - Balanced","Classic","Balanced","CL-AILES03",1539,16,"Collapse (crossing) - Game Over","collapse_crossing",6,0,3,16,10,13900,false,false,1900.0,16,0,0,146.27,6,0,3500,"",0,6,0,0,0,0,1.000,6.00,4,false,3,0,3,2,0,1,0.333,0.667,"||||crossing_pass||||crossing_pass|||||||crossing_fail",false,false,0,0
"Classic - Balanced","Classic","Balanced","CL-ALEXJON03",1540,23,"Collapse (breakdown) - Game Over","collapse_breakdown",6,0,0,18,10,23200,false,false,2373.8,22,0,0,132.91,6,0,3500,"",0,0,0,0,0,0,1.000,5.45,6,true,3,0,3,3,0,0,0.000,1.000,"|||crossing_pass|||||crossing_pass|||||||crossing_pass||||||",false,false,0,0
"Classic - Balanced","Classic","Balanced","CL-ALITO03",1541,23,"Collapse (breakdown) - Game Over","collapse_breakdown",8,0,0,19,10,21200,false,false,2339.7,22,0,1,131.00,8,0,3500,"",0,3,0,0,0,0,0.957,6.96,6,true,3,0,3,3,0,0,0.000,1.000,"||||crossing_pass||||crossing_pass||||||||crossing_pass||||||",false,false,0,0
"Classic - Balanced","Classic","Balanced","CL-AMNESTY03",1542,16,"Collapse (crossing) - Game Over","collapse_crossing",6,0,4,20,10,13400,false,false,1900.0,16,0,0,146.27,6,0,3500,"",0,0,0,0,0,0,1.000,6.00,5,false,3,0,3,2,0,1,0.333,0.667,"|||crossing_pass|||||crossing_pass|||||||crossing_fail",false,false,0,0
"Classic - Balanced","Classic","Balanced","CL-AMYBAR03",1543,23,"Collapse (breakdown) - Game Over","collapse_breakdown",8,1,0,18,10,18200,false,false,2339.7,22,0,1,131.00,8,3100,3500,"",0,0,0,0,0,1,0.957,6.96,7,true,3,0,3,3,0,0,0.000,1.000,"||||crossing_pass|||||crossing_pass|||||||crossing_pass|||repair|||",false,false,0,0
"Classic - Balanced","Classic","Balanced","CL-ANTIFA03",1544,23,"Collapse (breakdown) - Game Over","collapse_breakdown",7,0,0,20,10,22700,false,false,2362.4,22,0,1,132.27,7,0,3500,"",0,0,0,0,0,0,0.957,6.09,6,true,3,0,3,2,1,0,0.000,0.667,"|||crossing_denied;detour||||||crossing_pass||||||crossing_pass|||||||",false,false,0,0
"Classic - Balanced","Classic","Balanced","CL-ANTIVAX03",1545,24,"Victory - Boss Defeated","boss.victory",8,0,1,19,4,22700,true,true,2400.0,24,0,0,123.18,8,0,3500,"",0,0,0,0,0,0,1.000,6.67,7,true,3,0,3,1,2,0,0.000,0.333,"|||crossing_denied;detour||||||detour|||||||crossing_pass|||||||",false,false,0,0
"Classic - Balanced","Classic","Balanced","CL-AOC03",1546,23,"Collapse (breakdown) - Game Over","collapse_breakdown",7,0,0,19,10,21400,false,false,2342.1,22,0,0,131.14,7,0,3500,"",0,4,0,0,1,0,1.000,6.36,7,true,3,0,3,2,1,0,0.000,0.667,"|||crossing_denied;detour|||||camp|crossing_pass|||||||crossing_pass|||||",false,false,0,0
"Classic - Balanced","Classic","Balanced","CL-ASYLUM03",1547,23,"Collapse (breakdown) - Game Over","collapse_breakdown",7,0,0,18,10,23100,false,false,2362.4,22,0,1,132.27,7,0,3500,"",0,0,0,0,0,0,0.957,6.09,6,true,3,0,3,3,0,0,0.000,1.000,"|||crossing_pass|||||crossing_pass|||||||crossing_pass|||||||",false,false,0,0
"Classic - Balanced","Classic","Balanced","CL-AUDITAZ03",1548,23,"Collapse (breakdown) - Game Over","collapse_breakdown",8,0,0,18,10,22000,false,false,2362.4,22,0,1,132.27,8,0,3500,"",0,0,0,0,0,0,0.957,6.96,7,true,3,0,3,3,0,0,0.000,1.000,"||||crossing_pass||||crossing_pass|||||||crossing_pass|||||||",false,false,0,0
"Classic - Balanced","Classic","Balanced","CL-AZAR03",1549,23,"Collapse (breakdown) - Game Over","collapse_breakdown",7,0,0,17,10,21900,false,false,2339.7,21,1,0,131.00,7,0,3500,"",0,0,0,0,0,0,1.000,6.36,5,true,3,0,3,3,0,0,0.000,1.000,"||||crossing_pass|||||crossing_pass|||||||crossing_pass|||||",false,false,0,0
"Classic - Balanced","Classic","Balanced","CL-BANHAM03",1550,9,"Collapse (crossing) - Game Over","collapse_crossing",4,0,6,20,10,8400,false,false,1250.0,8,1,0,171.08,4,0,2000,"",0,6,0,0,0,0,1.000,4.00,3,false,2,0,2,1,0,1,0.500,0.500,"|||crossing_pass|||||crossing_fail",false,false,0,0
"Classic - Balanced","Classic","Balanced","CL-BANNON03",1551,16,"Collapse (crossing) - Game Over","collapse_crossing",6,1,4,18,9,11200,false,false,1900.0,15,1,0,146.27,6,2700,3500,"",0,0,0,0,0,1,1.000,6.00,4,false,3,0,3,1,1,1,0.333,0.333,"|||crossing_denied;detour|||||repair|crossing_pass||||||crossing_fail",false,false,0,0
"Classic - Balanced","Classic","Balanced","CL-BARR03",1552,23,"Victory - Boss Defeated","boss.victory",7,1,1,20,4,21200,true,true,2400.0,22,1,0,128.53,7,0,3500,"",0,0,0,0,0,1,1.000,6.09,6,true,3,0,3,2,1,0,0.000,0.667,"||||detour||repair|||crossing_pass||||||crossing_pass|||||||",false,false,0,0
"Classic - Balanced","Classic","Balanced","CL-BARRON03",1553,9,"Collapse (crossing) - Game Over","collapse_crossing",4,0,7,20,9,7900,false,false,1250.0,9,0,0,171.08,4,0,2000,"book_panic",2,0,0,0,0,0,1.000,4.00,3,false,2,0,2,1,0,1,0.500,0.500,"||||crossing_pass||||crossing_fail",false,false,0,0
"Classic - Balanced","Classic","Balanced","CL-BECK03",1554,10,"Collapse (crossing) - Game Over","collapse_crossing",4,0,6,15,10,8400,false,false,1250.0,10,0,0,153.97,4,0,2000,"",0,4,0,0,0,0,1.000,4.00,4,false,2,0,2,1,0,1,0.500,0.500,"||||crossing_pass|||||crossing_fail",false,false,0,0
"Classic - Balanced","Classic","Balanced","CL-BEDMIN03",1555,17,"Collapse (crossing) - Game Over","collapse_crossing",7,0,3,19,10,13400,false,false,1900.0,16,1,0,137.67,7,0,3500,"",0,0,0,0,0,0,1.000,7.00,5,false,3,0,3,2,0,1,0.333,0.667,"||||crossing_pass||||crossing_pass||||||||crossing_fail",false,false,0,0
"Classic - Balanced","Classic","Balanced","CL-BENGHAZ03",1556,24,"Victory - Boss Defeated","boss.victory",7,0,1,18,3,20900,true,true,2400.0,22,1,1,128.53,7,0,3500,"",0,2,0,0,0,0,0.958,5.83,6,true,3,0,3,2,1,0,0.000,0.667,"|||crossing_denied;detour|||||crossing_pass|||||||crossing_pass||||||||",false,false,0,0
"Classic - Balanced","Classic","Balanced","CL-BERNIE03",1557,24,"Boss Vote Failed - Game Over","boss_vote_failed",8,0,1,19,4,21100,true,false,2400.0,23,1,0,123.18,8,0,3500,"",0,2,0,0,0,0,1.000,6.67,5,true,3,0,3,2,1,0,0.000,0.667,"||||detour|||||crossing_pass|||||||crossing_pass|||||||",false,false,0,0
"Classic - Balanced","Classic","Balanced","CL-BIDEN03",1558,23,"Collapse (breakdown) - Game Over","collapse_breakdown",7,0,0,17,10,24200,false,false,2362.4,22,0,1,132.27,7,0,3500,"",0,2,0,0,0,0,0.957,6.09,6,true,3,0,3,2,1,0,0.000,0.667,"||||crossing_denied;detour|||||crossing_pass|||||||crossing_pass||||||",false,false,0,0
"Classic - Balanced","Classic","Balanced","CL-BIGLY03",1559,21,"Collapse (breakdown) - Game Over","collapse_breakdown",7,0,0,20,10,20100,false,false,2309.3,20,1,0,135.46,7,0,3500,"",0,2,0,0,0,0,1.000,6.67,6,true,3,0,3,2,1,0,0.000,0.667,"|||crossing_denied;detour|||||crossing_pass|||||||crossing_pass|||||",false,false,0,0
"Classic - Balanced","Classic","Balanced","CL-BIGMAC03",1560,9,"Collapse (crossing) - Game Over","collapse_crossing",4,0,6,19,10,8400,false,false,1250.0,9,0,0,171.08,4,0,2000,"",0,0,0,0,0,0,1.000,4.00,4,false,2,0,2,1,0,1,0.500,0.500,"||||crossing_pass||||crossing_fail",false,false,0,0
"Classic - Balanced","Classic","Balanced","CL-BLEACH03",1561,23,"Collapse (breakdown) - Game Over","collapse_breakdown",8,0,0,17,10,22000,false,false,2362.4,22,0,1,132.27,8,0,3500,"",0,0,0,0,0,0,0.957,6.96,6,true,3,0,3,3,0,0,0.000,1.000,"||||crossing_pass||||crossing_pass|||||||crossing_pass|||||||",false,false,0,0
"Classic - Balanced","Classic","Balanced","CL-BLEXIT03",1562,23,"Boss Vote Failed - Game Over","boss_vote_failed",7,0,1,17,4,23200,true,false,2400.0,23,0,0,128.53,7,0,3500,"",0,0,0,0,0,0,1.000,6.09,7,true,3,0,3,3,0,0,0.000,1.000,"|||crossing_pass|||||crossing_pass|||||||crossing_pass|||||||",false,false,0,0
"Classic - Balanced","Classic","Balanced","CL-BLM03",1563,23,"Collapse (breakdown) - Game Over","collapse_breakdown",8,0,0,18,10,23700,false,false,2362.4,21,1,1,132.27,8,0,3500,"",0,0,0,0,0,0,0.957,6.96,4,true,3,0,3,2,1,0,0.000,0.667,"||||crossing_pass||||crossing_pass|||||||detour|||||||",false,false,0,0
"Classic - Balanced","Classic","Balanced","CL-BOEBERT03",1564,23,"Collapse (breakdown) - Game Over","collapse_breakdown",7,0,0,19,10,23200,false,false,2362.4,22,0,1,132.27,7,0,3500,"",0,0,0,0,0,0,0.957,6.09,6,true,3,0,3,3,0,0,0.000,1.000,"||||crossing_pass||||crossing_pass|||||||crossing_pass|||||||",false,false,0,0
"Classic - Balanced","Classic","Balanced","CL-BOLTON03",1565,23,"Victory - Boss Defeated","boss.victory",7,0,1,19,4,23100,true,true,2400.0,22,1,0,128.53,7,0,3500,"",0,6,0,0,0,0,1.000,6.09,6,true,3,0,3,3,0,0,0.000,1.000,"|||crossing_pass|||||crossing_pass|||||||crossing_pass|||||||",false,false,0,0
"Classic - Balanced","Classic","Balanced","CL-BONTA03",1566,20,"Collapse (breakdown) - Game Over","collapse_breakdown",7,0,0,14,10,17900,false,false,2165.2,19,0,1,140.37,7,0,3500,"",0,0,0,0,0,0,0.950,7.00,5,true,3,0,3,2,1,0,0.000,0.667,"|||detour||||||crossing_pass|||||||crossing_pass|||",false,false,0,0
"Classic - Balanced","Classic","Balanced","CL-BORDER03",1567,17,"Collapse (crossing) - Game Over","collapse_crossing",5,0,4,20,10,12400,false,false,1900.0,17,0,0,137.67,5,0,3500,"tariff_tsunami",1,0,0,0,0,0,1.000,5.00,5,false,3,0,3,1,1,1,0.333,0.333,"||||crossing_pass||||detour||||||||crossing_fail",false,false,0,0
"Classic - Balanced","Classic","Balanced","CL-BOXES03",1568,23,"Collapse (breakdown) - Game Over","collapse_breakdown",7,1,0,15,10,19700,false,false,2353.5,21,1,1,131.77,7,0,3500,"",0,0,0,0,0,1,0.957,6.09,5,true,3,0,3,1,2,0,0.000,0.333,"||||detour|||||crossing_pass|||repair|||detour|||||||",false,false,0,0
"Classic - Balanced","Classic","Balanced","CL-BREIT03",1569,10,"Collapse (crossing) - Game Over","collapse_crossing",4,1,6,18,10,4300,false,false,1250.0,10,0,0,153.97,4,3100,2000,"",0,0,0,0,0,1,1.000,4.00,4,false,2,0,2,1,0,1,0.500,0.500,"|||crossing_pass||||repair||crossing_fail",false,false,0,0
"Classic - Balanced","Classic","Balanced","CL-BUNKER03",1570,24,"Victory - Boss Defeated","boss.victory",7,0,1,19,3,22600,true,true,2400.0,23,0,1,128.53,7,0,3500,"",0,6,1,0,1,0,0.958,5.83,5,true,3,0,3,3,0,0,0.000,1.000,"|||crossing_pass|||||crossing_pass||||||camp|crossing_pass||||||||",false,false,0,0
"Classic - Balanced","Classic","Balanced","CL-BUTLER03",1571,24,"Boss Vote Failed - Game Over","boss_vote_failed",8,0,1,18,4,22200,true,false,2400.0,24,0,0,123.18,8,0,3500,"",0,0,0,0,0,0,1.000,6.67,5,true,3,0,3,2,1,0,0.000,0.667,"||||crossing_pass|||||detour|||||||crossing_pass|||||||",false,false,0,0
"Classic - Balanced","Classic","Balanced","CL-CANNON03",1572,23,"Boss Vote Failed - Game Over","boss_vote_failed",7,1,1,18,4,20600,true,false,2400.0,22,1,0,128.53,7,3100,3500,"",0,0,0,0,0,1,1.000,6.09,5,true,3,0,3,3,0,0,0.000,1.000,"||repair||crossing_pass|||||crossing_pass||||||crossing_pass|||||||",false,false,0,0
"Classic - Balanced","Classic","Balanced","CL-CAPRIOT03",1573,16,"Collapse (crossing) - Game Over","collapse_crossing",5,1,4,19,10,11700,false,false,1900.0,16,0,0,146.27,5,0,3500,"",0,0,0,0,0,1,1.000,5.00,4,false,3,0,3,2,0,1,0.333,0.667,"|||repair|crossing_pass||||crossing_pass|||||||crossing_fail",false,false,0,0
"Classic - Balanced","Classic","Balanced","CL-CARAVAN03",1574,24,"Victory - Boss Defeated","boss.victory",8,0,1,18,4,22200,true,true,2400.0,23,0,1,128.53,8,0,3500,"",0,0,0,0,1,0,0.958,6.67,5,true,3,0,3,2,1,0,0.000,0.667,"|||detour|||||crossing_pass|||||||crossing_pass||camp||||||",false,false,0,0
"Classic - Balanced","Classic","Balanced","CL-CARSON03",1575,17,"Collapse (crossing) - Game Over","collapse_crossing",6,0,3,18,10,13400,false,false,1900.0,17,0,0,137.67,6,0,3500,"",0,0,0,0,0,0,1.000,6.00,6,false,3,0,3,2,0,1,0.333,0.667,"||||crossing_pass|||||crossing_pass|||||||crossing_fail",false,false,0,0
"Classic - Balanced","Classic","Balanced","CL-CHEETO03",1576,24,"Victory - Boss Defeated","boss.victory",9,2,1,17,4,18300,true,true,2400.0,23,1,0,123.18,9,0,3500,"",0,7,0,0,0,2,1.000,7.50,6,true,3,0,3,2,1,0,0.000,0.667,"||||crossing_pass||||repair;crossing_pass|||||||detour||||repair||||",false,false,0,0
"Classic - Balanced","Classic","Balanced","CL-CHENEY03",1577,24,"Victory - Boss Defeated","boss.victory",7,1,1,18,4,20900,true,true,2400.0,23,1,0,123.18,7,2700,3500,"",0,0,0,0,0,1,1.000,5.83,6,true,3,0,3,3,0,0,0.000,1.000,"|||crossing_pass|||||crossing_pass|||||repair|||crossing_pass|||||||",false,false,0,0
"Classic - Balanced","Classic","Balanced","CL-CHESBRO03",1578,23,"Collapse (breakdown) - Game Over","collapse_breakdown",9,0,0,19,10,23200,false,false,2362.4,22,0,1,132.27,9,0,3500,"",0,0,0,0,0,0,0.957,7.83,5,true,3,0,3,3,0,0,0.000,1.000,"||||crossing_pass||||crossing_pass|||||||crossing_pass|||||||",false,false,0,0
"Classic - Balanced","Classic","Balanced","CL-CHINAV03",1579,25,"Boss Vote Failed - Game Over","boss_vote_failed",9,1,1,19,4,21200,true,false,2400.0,22,2,1,123.18,9,0,3500,"",0,3,0,0,2,1,0.960,7.20,5,true,3,0,3,2,1,0,0.000,0.667,"|||crossing_denied;detour||||||crossing_pass||repair|||camp|||crossing_pass|||camp||||",false,false,0,0
"Classic - Balanced","Classic","Balanced","CL-CLIMATE03",1580,24,"Boss Vote Failed - Game Over","boss_vote_failed",7,1,1,18,4,21200,true,false,2400.0,23,1,0,123.18,7,0,3500,"",0,8,0,0,0,1,1.000,5.83,5,true,3,0,3,1,2,0,0.000,0.333,"||||crossing_denied;detour|||||crossing_pass|||||||detour|repair||||||",false,false,0,0
"Classic - Balanced","Classic","Balanced","CL-CLOWN03",1581,23,"Victory - Boss Defeated","boss.victory",6,0,1,15,4,23700,true,true,2400.0,23,0,0,128.53,6,0,3500,"",0,0,0,0,1,0,1.000,5.22,5,true,3,0,3,3,0,0,0.000,1.000,"|||crossing_pass|||||crossing_pass|||||||crossing_pass|camp||||||",false,false,0,0
"Classic - Balanced","Classic","Balanced","CL-COAL03",1582,16,"Collapse (crossing) - Game Over","collapse_crossing",6,1,4,19,10,11700,false,false,1900.0,16,0,0,146.27,6,0,3500,"",0,0,0,0,0,1,1.000,6.00,5,false,3,0,3,2,0,1,0.333,0.667,"||||crossing_pass||||crossing_pass|||||repair||crossing_fail",false,false,0,0
"Classic - Balanced","Classic","Balanced","CL-COATS03",1583,23,"Collapse (breakdown) - Game Over","collapse_breakdown",8,0,0,19,10,21800,false,false,2339.7,21,1,1,131.00,8,0,3500,"",0,1,0,0,0,0,0.957,6.96,5,true,3,0,3,2,1,0,0.000,0.667,"|||crossing_denied;detour||||||crossing_pass|||||||crossing_pass||||||",false,false,0,0
"Classic - Balanced","Classic","Balanced","CL-COHEN03",1584,24,"Victory - Boss Defeated","boss.victory",7,0,1,18,4,23200,true,true,2400.0,23,0,1,128.53,7,0,3500,"",0,0,0,0,1,0,0.958,5.83,6,true,3,0,3,2,1,0,0.000,0.667,"|||crossing_denied;detour|||||crossing_pass|||||||crossing_pass|||||||camp|",false,false,0,0
"Classic - Balanced","Classic","Balanced","CL-COLLUSN03",1585,24,"Boss Vote Failed - Game Over","boss_vote_failed",7,0,1,20,3,22100,true,false,2400.0,23,0,1,128.53,7,0,3500,"",0,0,0,0,0,0,0.958,5.83,6,true,3,0,3,1,2,0,0.000,0.333,"||||crossing_denied;detour|||||detour|||||||crossing_pass|||||||",false,false,0,0
"Classic - Balanced","Classic","Balanced","CL-CONWAY03",1586,9,"Collapse (crossing) - Game Over","collapse_crossing",4,1,7,19,10,6900,false,false,1250.0,9,0,0,171.08,4,0,2000,"",0,0,0,0,0,1,1.000,4.00,4,false,2,0,2,1,0,1,0.500,0.500,"|||repair|crossing_pass||||crossing_fail",false,false,0,0
"Classic - Conservative","Classic","Conservative","CL-ORANGE02",1337,26,"Victory - Boss Defeated","boss.victory",8,2,9,17,4,24200,true,true,2100.0,25,0,1,121.47,8,0,3200,"",0,0,0,0,0,2,0.962,6.15,6,true,3,0,3,3,0,0,0.000,1.000,"|||repair||repair|crossing_pass|||||crossing_pass|||||||||crossing_pass|||||",false,false,0,0
"Classic - Conservative","Classic","Conservative","CL-ORANGE02",1338,25,"Boss Vote Failed - Game Over","boss_vote_failed",8,1,9,18,4,24900,true,false,2100.0,25,0,0,121.47,8,0,3200,"",0,0,0,0,0,1,1.000,6.40,7,true,3,0,3,3,0,0,0.000,1.000,"repair|||||crossing_pass||||||crossing_pass|||||||||crossing_pass||||",false,false,0,0
"Classic - Conservative","Classic","Conservative","CL-ORANGE02",1339,25,"Victory - Boss Defeated","boss.victory",8,0,9,20,4,24300,true,true,2100.0,25,0,0,121.47,8,0,3200,"",0,0,0,1,0,0,1.000,6.40,6,true,3,0,3,2,1,0,0.000,0.667,"|||||detour||||||crossing_pass|||||||||crossing_pass||||",false,false,0,0
"Classic - Conservative","Classic","Conservative","CL-ORANGE02",1340,25,"Victory - Boss Defeated","boss.victory",8,0,10,20,4,25700,true,true,2100.0,25,0,0,121.47,8,0,3200,"",0,7,0,0,0,0,1.000,6.40,7,true,3,0,3,3,0,0,0.000,1.000,"|||||crossing_pass||||||crossing_pass|||||||||crossing_pass||||",false,false,0,0
"Classic - Conservative","Classic","Conservative","CL-ORANGE02",1341,26,"Victory - Boss Defeated","boss.victory",8,1,10,18,3,24400,true,true,2100.0,24,1,1,121.47,8,0,3200,"",0,0,0,0,0,1,0.962,6.15,7,true,3,0,3,3,0,0,0.000,1.000,"||||||crossing_pass|||||crossing_pass|||||repair||||crossing_pass|||||",false,false,0,0
"Classic - Conservative","Classic","Conservative","CL-ORANGE02",1342,25,"Boss Vote Failed - Game Over","boss_vote_failed",8,0,10,19,4,25400,true,false,2100.0,25,0,0,121.47,8,0,3200,"",0,0,0,0,0,0,1.000,6.40,6,true,3,0,3,2,1,0,0.000,0.667,"|||||crossing_pass||||||detour|||||||||crossing_pass||||",false,false,0,0
"Classic - Conservative","Classic","Conservative","CL-ORANGE02",1343,25,"Boss Vote Failed - Game Over","boss_vote_failed",8,1,10,18,4,23600,true,false,2100.0,24,1,0,121.47,8,2600,3200,"",0,0,0,0,0,1,1.000,6.40,6,true,3,0,3,3,0,0,0.000,1.000,"|||repair|||crossing_pass|||||crossing_pass|||||||||crossing_pass||||",false,false,0,0
"Classic - Conservative","Classic","Conservative","CL-ORANGE02",1344,26,"Boss Vote Failed - Game Over","boss_vote_failed",8,0,10,19,4,26200,true,false,2100.0,25,0,1,121.47,8,0,3200,"book_panic",2,0,0,0,1,0,0.962,6.15,7,true,3,0,3,0,3,0,0.000,0.000,"|||||detour||||||detour|||||||||detour||camp|||",false,false,0,0
"Classic - Conservative","Classic","Conservative","CL-ORANGE02",1345,25,"Boss Vote Failed - Game Over","boss_vote_failed",7,0,10,19,3,24200,true,false,2100.0,24,0,1,126.53,7,0,3200,"",0,0,0,0,0,0,0.960,5.60,7,true,3,0,3,3,0,0,0.000,1.000,"|||||crossing_pass||||||crossing_pass||||||||crossing_pass|||||",false,false,0,0
"Classic - Conservative","Classic","Conservative","CL-ORANGE02",1346,25,"Boss Vote Failed - Game Over","boss_vote_failed",8,0,10,18,4,25400,true,false,2100.0,25,0,0,121.47,8,0,3200,"doe_eliminated",2,0,0,0,0,0,1.000,6.40,6,true,3,0,3,3,0,0,0.000,1.000,"|||||crossing_pass||||||crossing_pass|||||||||crossing_pass||||",false,false,0,0
"Classic - Conservative","Classic","Conservative","CL-ORANGE02",1347,22,"Collapse (crossing) - Game Over","collapse_crossing",9,1,9,17,10,18200,false,false,1900.0,21,0,1,130.84,9,0,3200,"",0,5,0,0,1,1,0.955,8.18,6,false,3,0,3,2,0,1,0.333,0.667,"repair||||||crossing_pass|||||crossing_pass|||||||||camp|crossing_fail",false,false,0,0
"Classic - Conservative","Classic","Conservative","CL-ORANGE02",1348,26,"Victory - Boss Defeated","boss.victory",8,1,10,19,4,21500,true,true,2100.0,26,0,0,116.80,8,2900,3200,"",0,0,0,0,0,1,1.000,6.15,5,true,3,0,3,2,1,0,0.000,0.667,"|||||crossing_pass||||||detour||repair|||||||crossing_pass|||||",false,false,0,0
"Classic - Conservative","Classic","Conservative","CL-ORANGE02",1349,25,"Boss Vote Failed - Game Over","boss_vote_failed",9,0,10,19,4,24400,true,false,2100.0,24,1,0,121.47,9,0,3200,"",0,0,0,0,0,0,1.000,7.20,6,true,3,0,3,3,0,0,0.000,1.000,"|||||crossing_pass||||||crossing_pass|||||||||crossing_pass||||",false,false,0,0
"Classic - Conservative","Classic","Conservative","CL-ORANGE02",1350,25,"Boss Vote Failed - Game Over","boss_vote_failed",8,0,9,19,4,24300,true,false,2100.0,25,0,0,121.47,8,0,3200,"",0,0,0,0,0,0,1.000,6.40,6,true,3,0,3,3,0,0,0.000,1.000,"|||||crossing_pass||||||crossing_pass|||||||||crossing_pass||||",false,false,0,0
"Classic - Conservative","Classic","Conservative","CL-ORANGE02",1351,25,"Victory - Boss Defeated","boss.victory",7,0,10,19,4,24700,true,true,2100.0,24,0,1,126.53,7,0,3200,"",0,2,0,0,1,0,0.960,5.60,7,true,3,0,3,3,0,0,0.000,1.000,"|||||crossing_pass||||||crossing_pass||camp|||||||crossing_pass||||",false,false,0,0
"Classic - Conservative","Classic","Conservative","CL-ORANGE02",1352,26,"Boss Vote Failed - Game Over","boss_vote_failed",8,0,10,15,4,25400,true,false,2100.0,26,0,0,116.80,8,0,3200,"",0,4,0,0,1,0,1.000,6.15,5,true,3,0,3,3,0,0,0.000,1.000,"|||||crossing_pass|||||||crossing_pass|||||||camp||crossing_pass||||",false,false,0,0
"Classic - Conservative","Classic","Conservative","CL-ORANGE02",1353,25,"Boss Vote Failed - Game Over","boss_vote_failed",8,0,10,16,4,26100,true,false,2100.0,24,1,0,121.47,8,0,3200,"",0,6,1,0,0,0,1.000,6.40,7,true,3,0,3,3,0,0,0.000,1.000,"|||||crossing_pass||||||crossing_pass||||||||crossing_pass|||||",false,false,0,0
"Classic - Conservative","Classic","Conservative","CL-ORANGE02",1354,26,"Victory - Boss Defeated","boss.victory",8,1,9,18,4,22800,true,true,2100.0,25,0,1,121.47,8,2600,3200,"",0,0,0,0,0,1,0.962,6.15,8,true,3,0,3,2,1,0,0.000,0.667,"|||||detour||||||crossing_pass|||||||||crossing_pass||||repair|",false,false,2,0
"Classic - Conservative","Classic","Conservative","CL-ORANGE02",1355,26,"Boss Vote Failed - Game Over","boss_vote_failed",8,2,9,18,3,22900,true,false,2100.0,25,0,1,121.47,8,0,3200,"",0,0,0,0,0,2,0.962,6.15,6,true,3,0,3,3,0,0,0.000,1.000,"|||||crossing_pass||||||crossing_pass||repair||repair|||||crossing_pass|||||",false,false,0,0
"Classic - Conservative","Classic","Conservative","CL-ORANGE02",1356,26,"Victory - Boss Defeated","boss.victory",9,0,10,20,3,24400,true,true,2100.0,25,0,1,121.47,9,0,3200,"",0,1,0,0,0,0,0.962,6.92,7,true,3,0,3,2,1,0,0.000,0.667,"|||||crossing_pass||||||detour|||||||||crossing_pass|||||",false,false,0,0
"Classic - Conservative","Classic","Conservative","CL-ORANGE02",1357,26,"Boss Vote Failed - Game Over","boss_vote_failed",10,0,9,17,4,25400,true,false,2100.0,25,0,1,121.47,10,0,3200,"",0,0,0,0,0,0,0.962,7.69,8,true,3,0,3,2,1,0,0.000,0.667,"||||||crossing_pass|||||detour|||||||||crossing_pass|||||",false,false,0,0
"Classic - Conservative","Classic","Conservative","CL-ORANGE02",1358,25,"Boss Vote Failed - Game Over","boss_vote_failed",8,0,10,18,4,24400,true,false,2100.0,24,1,0,121.47,8,0,3200,"",0,0,0,0,0,0,1.000,6.40,6,true,3,0,3,3,0,0,0.000,1.000,"|||||crossing_pass||||||crossing_pass|||||||||crossing_pass||||",false,false,0,0
"Classic - Conservative","Classic","Conservative","CL-ORANGE02",1359,26,"Boss Vote Failed - Game Over","boss_vote_failed",9,1,10,17,4,24300,true,false,2100.0,24,1,1,121.47,9,0,3200,"",0,5,0,0,1,1,0.962,6.92,8,true,3,0,3,2,1,0,0.000,0.667,"|||repair||detour||||||crossing_pass|||||||||crossing_pass|camp||||",false,false,0,0
"Classic - Conservative","Classic","Conservative","CL-ORANGE02",1360,26,"Boss Vote Failed - Game Over","boss_vote_failed",8,1,10,18,4,24900,true,false,2100.0,25,0,1,121.47,8,0,3200,"",0,0,0,1,0,1,0.962,6.15,8,true,3,0,3,2,1,0,0.000,0.667,"|||||crossing_pass||||||detour|||||||||crossing_pass||||repair|",false,false,2,0
"Classic - Conservative","Classic","Conservative","CL-ORANGE02",1361,26,"Victory - Boss Defeated","boss.victory",10,1,9,18,4,21600,true,true,2100.0,26,0,0,116.80,10,2900,3200,"",0,6,0,0,0,1,1.000,7.69,6,true,3,0,3,3,0,0,0.000,1.000,"|||||crossing_pass||||||crossing_pass|||||repair||||crossing_pass|||||",false,false,0,0
"Classic - Conservative","Classic","Conservative","CL-ORANGE02",1362,25,"Boss Vote Failed - Game Over","boss_vote_failed",8,0,9,19,4,25300,true,false,2100.0,25,0,0,121.47,8,0,3200,"",0,0,0,0,0,0,1.000,6.40,5,true,3,0,3,3,0,0,0.000,1.000,"|||||crossing_pass||||||crossing_pass|||||||||crossing_pass||||",false,false,0,0
"Classic - Conservative","Classic","Conservative","CL-ORANGE02",1363,25,"Boss Vote Failed - Game Over","boss_vote_failed",8,1,9,20,4,22800,true,false,2100.0,25,0,0,121.47,8,2600,3200,"",0,0,0,0,0,1,1.000,6.40,6,true,3,0,3,3,0,0,0.000,1.000,"|||||crossing_pass||||||crossing_pass||repair|||||||crossing_pass||||",false,false,0,0
"Classic - Conservative","Classic","Conservative","CL-ORANGE02",1364,26,"Victory - Boss Defeated","boss.victory",9,0,10,18,4,24400,true,true,2100.0,26,0,0,116.80,9,0,3200,"",0,0,0,0,0,0,1.000,6.92,7,true,3,0,3,2,1,0,0.000,0.667,"||||||crossing_pass|||||detour|||||||||crossing_pass|||||",false,false,0,0
"Classic - Conservative","Classic","Conservative","CL-ORANGE02",1365,25,"Victory - Boss Defeated","boss.victory",9,1,9,19,4,23300,true,true,2100.0,25,0,0,121.47,9,2900,3200,"",0,3,0,0,0,1,1.000,7.20,7,true,3,0,3,3,0,0,0.000,1.000,"||||repair||crossing_pass|||||crossing_pass|||||||||crossing_pass||||",false,false,0,0
"Classic - Conservative","Classic","Conservative","CL-ORANGE02",1366,25,"Victory - Boss Defeated","boss.victory",8,0,10,17,4,25100,true,true,2100.0,24,1,0,121.47,8,0,3200,"",0,0,0,0,0,0,1.000,6.40,6,true,3,0,3,3,0,0,0.000,1.000,"|||||crossing_pass||||||crossing_pass|||||||||crossing_pass||||",false,false,0,0
"Classic - Conservative","Classic","Conservative","CL-ORANGE02",1367,26,"Boss Vote Failed - Game Over","boss_vote_failed",9,1,10,18,4,22900,true,false,2100.0,25,1,0,116.80,9,0,3200,"",0,0,0,0,0,1,1.000,6.92,8,true,3,0,3,3,0,0,0.000,1.000,"||||||crossing_pass|||||crossing_pass|||||||||crossing_pass|repair||||",false,false,0,0
"Classic - Conservative","Classic","Conservative","CL-ORANGE02",1368,26,"Boss Vote Failed - Game Over","boss_vote_failed",9,0,10,20,3,24600,true,false,2100.0,23,1,2,126.53,9,0,3200,"",0,0,0,0,2,0,0.923,6.92,7,true,3,0,3,2,1,0,0.000,0.667,"|||||crossing_pass||||||detour||||||camp|||crossing_pass||camp|||",false,false,0,0
"Classic - Conservative","Classic","Conservative","CL-ORANGE02",1369,25,"Victory - Boss Defeated","boss.victory",7,0,10,18,4,25900,true,true,2100.0,25,0,0,121.47,7,0,3200,"",0,0,0,0,0,0,1.000,5.60,6,true,3,0,3,2,1,0,0.000,0.667,"|||||detour||||||crossing_pass|||||||||crossing_pass||||",false,false,0,0
"Classic - Conservative","Classic","Conservative","CL-ORANGE02",1370,25,"Boss Vote Failed - Game Over","boss_vote_failed",7,0,10,20,4,24400,true,false,2100.0,24,1,0,121.47,7,0,3200,"",0,0,0,0,0,0,1.000,5.60,6,true,3,0,3,3,0,0,0.000,1.000,"|||||crossing_pass||||||crossing_pass|||||||||crossing_pass||||",false,false,0,0
"Classic - Conservative","Classic","Conservative","CL-ORANGE02",1371,26,"Boss Vote Failed - Game Over","boss_vote_failed",9,0,10,20,4,24900,true,false,2100.0,24,1,1,121.47,9,0,3200,"",0,2,0,0,1,0,0.962,6.92,8,true,3,0,3,3,0,0,0.000,1.000,"|||||crossing_pass||||||crossing_pass|||||||||camp|crossing_pass||||",false,false,0,0
"Classic - Conservative","Classic","Conservative","CL-ORANGE02",1372,26,"Boss Vote Failed - Game Over","boss_vote_failed",8,0,10,19,3,25400,true,false,2100.0,23,1,2,126.53,8,0,3200,"",0,0,0,0,1,0,0.923,6.15,6,true,3,0,3,3,0,0,0.000,1.000,"||||||crossing_pass|||||crossing_pass||||||||camp||crossing_pass||||",false,false,0,0
"Classic - Conservative","Classic","Conservative","CL-ORANGE02",1373,25,"Victory - Boss Defeated","boss.victory",8,0,10,18,4,25300,true,true,2100.0,25,0,0,121.47,8,0,3200,"",0,5,0,0,0,0,1.000,6.40,7,true,3,0,3,2,1,0,0.000,0.667,"|||||crossing_pass||||||crossing_pass||||||||detour|||||",false,false,0,0
"Classic - Conservative","Classic","Conservative","CL-ORANGE02",1374,26,"Boss Vote Failed - Game Over","boss_vote_failed",8,0,9,18,4,25900,true,false,2100.0,24,0,2,126.53,8,0,3200,"",0,0,0,0,1,0,0.923,6.15,7,true,3,0,3,2,1,0,0.000,0.667,"|||||crossing_pass||||||detour||||||camp|||crossing_pass|||||",false,false,0,0
"Classic - Conservative","Classic","Conservative","CL-ORANGE02",1375,27,"Boss Vote Failed - Game Over","boss_vote_failed",9,0,10,19,4,24400,true,false,2100.0,25,0,2,121.47,9,0,3200,"war_dept_reorg",1,0,0,0,1,0,0.926,6.67,7,true,3,0,3,2,1,0,0.000,0.667,"|||||crossing_pass||||||detour||camp||||||||crossing_pass|||||",false,false,0,0
"Classic - Conservative","Classic","Conservative","CL-ORANGE02",1376,26,"Victory - Boss Defeated","boss.victory",9,0,9,19,4,24400,true,true,2100.0,24,1,1,121.47,9,0,3200,"",0,1,0,0,0,0,0.962,6.92,8,true,3,0,3,3,0,0,0.000,1.000,"||||||crossing_pass|||||crossing_pass|||||||||crossing_pass|||||",false,false,0,0
"Classic - Conservative","Classic","Conservative","CL-ORANGE02",1377,26,"Victory - Boss Defeated","boss.victory",9,0,9,18,4,24400,true,true,2100.0,26,0,0,116.80,9,0,3200,"",0,0,0,0,0,0,1.000,6.92,6,true,3,0,3,3,0,0,0.000,1.000,"||||||crossing_pass||||||crossing_pass||||||||crossing_pass|||||",false,false,0,0
"Classic - Conservative","Classic","Conservative","CL-ORANGE02",1378,25,"Boss Vote Failed - Game Over","boss_vote_failed",8,0,10,18,3,25400,true,false,2100.0,23,1,1,126.53,8,0,3200,"",0,2,0,0,0,0,0.960,6.40,6,true,3,0,3,3,0,0,0.000,1.000,"|||||crossing_pass||||||crossing_pass||||||||crossing_pass|||||",false,false,0,0
"Classic - Conservative","Classic","Conservative","CL-ORANGE02",1379,25,"Boss Vote Failed - Game Over","boss_vote_failed",8,1,9,18,4,23000,true,false,2100.0,25,0,0,121.47,8,2900,3200,"",0,3,0,0,0,1,1.000,6.40,6,true,3,0,3,3,0,0,0.000,1.000,"repair||||||crossing_pass|||||crossing_pass|||||||||crossing_pass||||",false,false,0,0
"Classic - Conservative","Classic","Conservative","CL-ORANGE02",1380,25,"Boss Vote Failed - Game Over","boss_vote_failed",9,0,9,20,4,25400,true,false,2100.0,23,2,0,121.47,9,0,3200,"",0,3,0,0,0,0,1.000,7.20,6,true,3,0,3,3,0,0,0.000,1.000,"||||||crossing_pass|||||crossing_pass|||||||||crossing_pass||||",false,false,0,0
"Classic - Conservative","Classic","Conservative","CL-ORANGE02",1381,26,"Victory - Boss Defeated","boss.victory",8,0,10,19,3,23900,true,true,2100.0,25,0,1,121.47,8,0,3200,"",0,0,0,0,1,0,0.962,6.15,6,true,3,0,3,3,0,0,0.000,1.000,"|||||crossing_pass|||||camp||crossing_pass||||||||crossing_pass|||||",false,false,0,0
"Classic - Conservative","Classic","Conservative","CL-ORANGE02",1382,25,"Boss Vote Failed - Game Over","boss_vote_failed",8,0,10,20,4,24400,true,false,2100.0,25,0,0,121.47,8,0,3200,"",0,0,0,0,0,0,1.000,6.40,6,true,3,0,3,3,0,0,0.000,1.000,"|||||crossing_pass||||||crossing_pass|||||||||crossing_pass||||",false,false,0,0
"Classic - Conservative","Classic","Conservative","CL-ORANGE02",1383,25,"Boss Vote Failed - Game Over","boss_vote_failed",8,0,9,20,4,23700,true,false,2100.0,25,0,0,121.47,8,0,3200,"",0,0,0,0,0,0,1.000,6.40,6,true,3,0,3,2,1,0,0.000,0.667,"|||||crossing_pass||||||detour|||||||||crossing_pass||||",false,false,0,0
"Classic - Conservative","Classic","Conservative","CL-ORANGE02",1384,25,"Boss Vote Failed - Game Over","boss_vote_failed",9,0,10,18,4,26700,true,false,2100.0,23,2,0,121.47,9,0,3200,"",0,2,0,0,0,0,1.000,7.20,6,true,3,0,3,2,1,0,0.000,0.667,"|||||crossing_pass||||||detour||||||||crossing_pass|||||",false,false,0,0
"Classic - Conservative","Classic","Conservative","CL-ORANGE02",1385,25,"Victory - Boss Defeated","boss.victory",7,0,10,20,3,24900,true,true,2100.0,24,0,1,126.53,7,0,3200,"",0,0,0,0,0,0,0.960,5.60,6,true,3,0,3,3,0,0,0.000,1.000,"|||||crossing_pass||||||crossing_pass||||||||crossing_pass|||||",false,false,0,0
"Classic - Conservative","Classic","Conservative","CL-ORANGE02",1386,26,"Boss Vote Failed - Game Over","boss_vote_failed",9,0,9,17,4,24900,true,false,2100.0,26,0,0,116.80,9,0,3200,"",0,6,0,0,0,0,1.000,6.92,7,true,3,0,3,1,2,0,0.000,0.333,"|||||detour||||||crossing_pass|||||||||detour|||||",false,false,0,0
"Classic - Conservative","Classic","Conservative","CL-ORANGE02",1387,25,"Boss Vote Failed - Game Over","boss_vote_failed",8,0,9,18,4,24900,true,false,2100.0,25,0,0,121.47,8,0,3200,"",0,2,0,0,1,0,1.000,6.40,7,true,3,0,3,3,0,0,0.000,1.000,"|||||crossing_pass||||||crossing_pass|||||||camp||crossing_pass||||",false,false,0,0
"Classic - Conservative","Classic","Conservative","CL-ORANGE02",1388,25,"Boss Vote Failed - Game Over","boss_vote_failed",8,0,9,19,4,24600,true,false,2100.0,25,0,0,121.47,8,0,3200,"",0,0,0,0,0,0,1.000,6.40,6,true,3,0,3,3,0,0,0.000,1.000,"|||||crossing_pass||||||crossing_pass|||||||||crossing_pass||||",false,false,0,0
"Classic - Conservative","Classic","Conservative","CL-ORANGE02",1389,25,"Victory - Boss Defeated","boss.victory",8,0,9,18,4,25400,true,true,2100.0,25,0,0,121.47,8,0,3200,"",0,0,0,0,0,0,1.000,6.40,7,true,3,0,3,3,0,0,0.000,1.000,"|||||crossing_pass||||||crossing_pass|||||||||crossing_pass||||",false,false,0,0
"Classic - Conservative","Classic","Conservative","CL-ORANGE02",1390,26,"Boss Vote Failed - Game Over","boss_vote_failed",9,0,10,18,4,24900,true,false,2100.0,26,0,0,116.80,9,0,3200,"",0,0,0,0,1,0,1.000,6.92,7,true,3,0,3,2,1,0,0.000,0.667,"camp||||||crossing_pass||||||detour|||||||||crossing_pass||||",false,false,0,0
"Classic - Conservative","Classic","Conservative","CL-ORANGE02",1391,26,"Boss Vote Failed - Game Over","boss_vote_failed",9,0,10,20,4,23900,true,false,2100.0,25,0,1,121.47,9,0,3200,"",0,2,1,0,1,0,0.962,6.92,7,true,3,0,3,2,1,0,0.000,0.667,"|||||camp|crossing_pass|||||detour|||||||||crossing_pass|||||",false,false,0,0
"Classic - Conservative","Classic","Conservative","CL-ORANGE02",1392,25,"Boss Vote Failed - Game Over","boss_vote_failed",8,1,10,20,4,25700,true,false,2100.0,24,1,0,121.47,8,0,3200,"",0,0,0,0,0,1,1.000,6.40,7,true,3,0,3,3,0,0,0.000,1.000,"||||||crossing_pass|||||crossing_pass||||repair|||||crossing_pass||||",false,false,0,0
"Classic - Conservative","Classic","Conservative","CL-ORANGE02",1393,27,"Boss Vote Failed - Game Over","boss_vote_failed",10,0,10,20,3,23700,true,false,2100.0,24,1,2,121.47,10,0,3200,"",0,0,0,0,1,0,0.926,7.41,5,true,3,0,3,1,2,0,0.000,0.333,"|||||crossing_pass|camp||||||detour|||||||||detour|||||",false,false,0,0
"Classic - Conservative","Classic","Conservative","CL-ORANGE02",1394,25,"Boss Vote Failed - Game Over","boss_vote_failed",8,0,9,19,4,25400,true,false,2100.0,25,0,0,121.47,8,0,3200,"",0,0,0,0,0,0,1.000,6.40,6,true,3,0,3,2,1,0,0.000,0.667,"|||||crossing_pass||||||detour|||||||||crossing_pass||||",false,false,0,0
"Classic - Conservative","Classic","Conservative","CL-ORANGE02",1395,25,"Victory - Boss Defeated","boss.victory",8,0,9,19,4,25900,true,true,2100.0,25,0,0,121.47,8,0,3200,"",0,0,0,0,0,0,1.000,6.40,6,true,3,0,3,1,2,0,0.000,0.333,"|||||detour||||||detour|||||||||crossing_pass||||",false,false,0,0
"Classic - Conservative","Classic","Conservative","CL-ORANGE02",1396,26,"Boss Vote Failed - Game Over","boss_vote_failed",8,0,10,17,4,24900,true,false,2100.0,25,1,0,116.80,8,0,3200,"",0,4,0,0,1,0,1.000,6.15,6,true,3,0,3,3,0,0,0.000,1.000,"|||||crossing_pass||||||crossing_pass|||||||||camp|crossing_pass||||",false,false,0,0
"Classic - Conservative","Classic","Conservative","CL-ORANGE02",1397,25,"Boss Vote Failed - Game Over","boss_vote_failed",7,1,9,20,4,22500,true,false,2100.0,25,0,0,121.47,7,2900,3200,"",0,1,0,0,0,1,1.000,5.60,7,true,3,0,3,3,0,0,0.000,1.000,"|||||crossing_pass||||||crossing_pass||repair|||||||crossing_pass||||",false,false,0,0
"Classic - Conservative","Classic","Conservative","CL-ORANGE02",1398,26,"Victory - Boss Defeated","boss.victory",7,1,10,19,3,24700,true,true,2100.0,25,0,1,121.47,7,0,3200,"",0,4,0,0,1,1,0.962,5.38,7,true,3,0,3,2,1,0,0.000,0.667,"|||||crossing_pass||||||detour|||||repair|camp|||crossing_pass|||||",false,false,0,0
"Classic - Conservative","Classic","Conservative","CL-ORANGE02",1399,26,"Boss Vote Failed - Game Over","boss_vote_failed",8,0,9,19,4,24900,true,false,2100.0,26,0,0,116.80,8,0,3200,"",0,2,0,0,1,0,1.000,6.15,7,true,3,0,3,3,0,0,0.000,1.000,"|||||crossing_pass||||||crossing_pass|||||||||camp|crossing_pass||||",false,false,0,0
"Classic - Conservative","Classic","Conservative","CL-ORANGE02",1400,25,"Boss Vote Failed - Game Over","boss_vote_failed",9,1,9,19,4,24200,true,false,2100.0,23,2,0,121.47,9,0,3200,"",0,3,0,0,0,1,1.000,7.20,6,true,3,0,3,3,0,0,0.000,1.000,"|||||crossing_pass||repair||||crossing_pass|||||||||crossing_pass||||",false,false,0,0
"Classic - Conservative","Classic","Conservative","CL-ORANGE02",1401,26,"Boss Vote Failed - Game Over","boss_vote_failed",8,0,9,19,4,25400,true,false,2100.0,25,0,1,121.47,8,0,3200,"",0,0,0,0,0,0,0.962,6.15,7,true,3,0,3,1,2,0,0.000,0.333,"|||||detour||||||detour|||||||||crossing_pass|||||",false,false,0,0
"Classic - Conservative","Classic","Conservative","CL-ORANGE02",1402,25,"Boss Vote Failed - Game Over","boss_vote_failed",8,0,10,20,4,24900,true,false,2100.0,25,0,0,121.47,8,0,3200,"",0,5,0,0,0,0,1.000,6.40,7,true,3,0,3,2,1,0,0.000,0.667,"|||||crossing_pass||||||crossing_pass||||||||detour|||||",false,false,0,0
"Classic - Conservative","Classic","Conservative","CL-ORANGE02",1403,26,"Boss Vote Failed - Game Over","boss_vote_failed",9,0,10,18,4,24900,true,false,2100.0,24,1,1,121.47,9,0,3200,"",0,3,0,0,0,0,0.962,6.92,6,true,3,0,3,3,0,0,0.000,1.000,"|||||crossing_pass||||||crossing_pass|||||||||crossing_pass|||||",false,false,0,0
"Classic - Conservative","Classic","Conservative","CL-ORANGE02",1404,25,"Victory - Boss Defeated","boss.victory",8,0,10,18,4,24900,true,true,2100.0,25,0,0,121.47,8,0,3200,"",0,0,0,0,0,0,1.000,6.40,8,true,3,0,3,3,0,0,0.000,1.000,"||||||crossing_pass|||||crossing_pass|||||||||crossing_pass||||",false,false,0,0
"Classic - Conservative","Classic","Conservative","CL-ORANGE02",1405,25,"Boss Vote Failed - Game Over","boss_vote_failed",8,0,9,20,4,24400,true,false,2100.0,25,0,0,121.47,8,0,3200,"",0,0,0,0,0,0,1.000,6.40,6,true,3,0,3,3,0,0,0.000,1.000,"|||||crossing_pass||||||crossing_pass|||||||||crossing_pass||||",false,false,0,0
"Classic - Conservative","Classic","Conservative","CL-ORANGE02",1406,25,"Boss Vote Failed - Game Over","boss_vote_failed",8,0,10,19,4,24900,true,false,2100.0,25,0,0,121.47,8,0,3200,"",0,0,0,0,0,0,1.000,6.40,7,true,3,0,3,3,0,0,0.000,1.000,"|||||crossing_pass||||||crossing_pass|||||||||crossing_pass||||",false,false,0,0
"Classic - Conservative","Classic","Conservative","CL-ORANGE02",1407,26,"Boss Vote Failed - Game Over","boss_vote_failed",10,0,9,17,4,24800,true,false,2100.0,26,0,0,116.80,10,0,3200,"",0,3,0,0,0,0,1.000,7.69,7,true,3,0,3,3,0,0,0.000,1.000,"||||||crossing_pass|||||crossing_pass|||||||||crossing_pass|||||",false,false,0,0
"Classic - Conservative","Classic","Conservative","CL-ORANGE02",1408,26,"Victory - Boss Defeated","boss.victory",10,0,10,17,4,25400,true,true,2100.0,24,1,1,121.47,10,0,3200,"",0,1,0,0,1,0,0.962,7.69,7,true,3,0,3,3,0,0,0.000,1.000,"|||||crossing_pass||||||crossing_pass|||||||||crossing_pass||camp|||",false,false,0,0
"Classic - Conservative","Classic","Conservative","CL-ORANGE02",1409,25,"Boss Vote Failed - Game Over","boss_vote_failed",8,1,9,19,4,25900,true,false,2100.0,24,1,0,121.47,8,0,3200,"",0,0,0,0,0,1,1.000,6.40,6,true,3,0,3,3,0,0,0.000,1.000,"||||||crossing_pass|||||crossing_pass|||||||repair||crossing_pass||||",false,false,0,0
"Classic - Conservative","Classic","Conservative","CL-ORANGE02",1410,26,"Boss Vote Failed - Game Over","boss_vote_failed",9,0,10,19,4,23900,true,false,2100.0,24,2,0,116.80,9,0,3200,"",0,9,0,0,1,0,1.000,6.92,6,true,3,0,3,2,1,0,0.000,0.667,"||||||crossing_pass|||||detour|camp|||||||||crossing_pass||||",false,false,0,0
"Classic - Conservative","Classic","Conservative","CL-ORANGE02",1411,26,"Boss Vote Failed - Game Over","boss_vote_failed",8,2,10,18,4,23900,true,false,2100.0,24,1,1,121.47,8,0,3200,"",0,0,0,0,1,2,0.962,6.15,7,true,3,0,3,1,2,0,0.000,0.333,"|||||detour|repair||||repair|detour|||||||camp|||crossing_pass||||",false,false,0,0
"Classic - Conservative","Classic","Conservative","CL-ORANGE02",1412,25,"Boss Vote Failed - Game Over","boss_vote_failed",8,0,10,18,4,26700,true,false,2100.0,24,1,0,121.47,8,0,3200,"",0,0,0,0,0,0,1.000,6.40,6,true,3,0,3,3,0,0,0.000,1.000,"||||||crossing_pass|||||crossing_pass|||||||||crossing_pass||||",false,false,0,0
"Classic - Conservative","Classic","Conservative","CL-ORANGE02",1413,26,"Boss Vote Failed - Game Over","boss_vote_failed",8,2,9,20,4,22300,true,false,2100.0,25,0,1,121.47,8,0,3200,"",0,8,0,0,0,2,0.962,6.15,8,true,3,0,3,3,0,0,0.000,1.000,"repair|||||crossing_pass||||||crossing_pass|||||||||crossing_pass|repair||||",false,false,0,0
"Classic - Conservative","Classic","Conservative","CL-ORANGE02",1414,25,"Victory - Boss Defeated","boss.victory",7,0,9,18,4,25400,true,true,2100.0,25,0,0,121.47,7,0,3200,"",0,4,0,0,0,0,1.000,5.60,7,true,3,0,3,1,2,0,0.000,0.333,"|||||crossing_pass||||||detour||||||||detour|||||",false,false,0,0
"Classic - Conservative","Classic","Conservative","CL-ORANGE02",1415,25,"Boss Vote Failed - Game Over","boss_vote_failed",8,0,9,20,4,24800,true,false,2100.0,24,1,0,121.47,8,0,3200,"",0,0,0,0,0,0,1.000,6.40,6,true,3,0,3,2,1,0,0.000,0.667,"|||||crossing_pass||||||detour|||||||||crossing_pass||||",false,false,0,0
"Classic - Conservative","Classic","Conservative","CL-ORANGE02",1416,26,"Victory - Boss Defeated","boss.victory",9,0,9,20,4,24700,true,true,2100.0,26,0,0,116.80,9,0,3200,"",0,6,0,0,0,0,1.000,6.92,6,true,3,0,3,2,1,0,0.000,0.667,"|||||crossing_pass||||||detour||||||||||crossing_pass||||",false,false,0,0
"Classic - Conservative","Classic","Conservative","CL-ORANGE02",1417,26,"Boss Vote Failed - Game Over","boss_vote_failed",9,0,10,18,4,25000,true,false,2100.0,24,1,1,121.47,9,0,3200,"",0,0,0,0,0,0,0.962,6.92,6,true,3,0,3,2,1,0,0.000,0.667,"|||||crossing_pass||||||crossing_pass|||||||||detour|||||",false,false,0,0
"Classic - Conservative","Classic","Conservative","CL-ORANGE02",1418,26,"Boss Vote Failed - Game Over","boss_vote_failed",9,0,10,17,4,23900,true,false,2100.0,26,0,0,116.80,9,0,3200,"",0,4,0,0,0,0,1.000,6.92,6,true,3,0,3,2,1,0,0.000,0.667,"||||||crossing_pass|||||crossing_pass|||||||||detour|||||",false,false,0,0
"Classic - Conservative","Classic","Conservative","CL-ORANGE02",1419,26,"Boss Vote Failed - Game Over","boss_vote_failed",8,0,10,18,4,25700,true,false,2100.0,25,0,1,121.47,8,0,3200,"",0,0,0,0,0,0,0.962,6.15,7,true,3,0,3,1,2,0,0.000,0.333,"|||||crossing_pass||||||detour|||||||||detour|||||",false,false,0,0
"Classic - Conservative","Classic","Conservative","CL-ORANGE02",1420,25,"Boss Vote Failed - Game Over","boss_vote_failed",7,1,10,19,4,23600,true,false,2100.0,25,0,0,121.47,7,2600,3200,"",0,0,0,0,0,1,1.000,5.60,6,true,3,0,3,3,0,0,0.000,1.000,"repair||||||crossing_pass|||||crossing_pass|||||||||crossing_pass||||",false,false,0,0
"Classic - Conservative","Classic","Conservative","CL-ORANGE02",1421,26,"Boss Vote Failed - Game Over","boss_vote_failed",10,0,9,18,4,24300,true,false,2100.0,26,0,0,116.80,10,0,3200,"",0,7,0,0,0,0,1.000,7.69,6,true,3,0,3,3,0,0,0.000,1.000,"|||||crossing_pass||||||crossing_pass|||||||||crossing_pass|||||",false,false,0,0
"Classic - Conservative","Classic","Conservative","CL-ORANGE02",1422,26,"Boss Vote Failed - Game Over","boss_vote_failed",9,1,10,19,4,21700,true,false,2100.0,25,1,0,116.80,9,2600,3200,"",0,0,0,0,0,1,1.000,6.92,7,true,3,0,3,2,1,0,0.000,0.667,"||||||detour|||||crossing_pass|||||repair||||crossing_pass|||||",false,false,0,0
"Classic - Conservative","Classic","Conservative","CL-ORANGE02",1423,25,"Boss Vote Failed - Game Over","boss_vote_failed",8,0,10,18,4,25400,true,false,2100.0,25,0,0,121.47,8,0,3200,"",0,0,0,0,0,0,1.000,6.40,6,true,3,0,3,3,0,0,0.000,1.000,"|||||crossing_pass||||||crossing_pass||||||||crossing_pass|||||",false,false,0,0
"Classic - Conservative","Classic","Conservative","CL-ORANGE02",1424,25,"Boss Vote Failed - Game Over","boss_vote_failed",8,0,10,18,4,24900,true,false,2100.0,24,1,0,121.47,8,0,3200,"",0,0,0,0,0,0,1.000,6.40,7,true,3,0,3,3,0,0,0.000,1.000,"|||||crossing_pass||||||crossing_pass||||||||crossing_pass|||||",false,false,0,0
"Classic - Conservative","Classic","Conservative","CL-ORANGE02",1425,26,"Boss Vote Failed - Game Over","boss_vote_failed",8,1,9,18,4,22400,true,false,2100.0,26,0,0,116.80,8,0,3200,"",0,0,0,0,0,1,1.000,6.15,8,true,3,0,3,2,1,0,0.000,0.667,"|||||crossing_pass|||repair|||detour||||||||||crossing_pass||||",false,false,0,0
"Classic - Conservative","Classic","Conservative","CL-ORANGE02",1426,26,"Boss Vote Failed - Game Over","boss_vote_failed",8,1,10,17,4,22000,true,false,2100.0,25,0,1,121.47,8,2900,3200,"",0,6,0,0,1,1,0.962,6.15,7,true,3,0,3,2,1,0,0.000,0.667,"|||||camp|crossing_pass|||||crossing_pass|||repair||||||detour|||||",false,false,0,0
"Classic - Conservative","Classic","Conservative","CL-ORANGE02",1427,26,"Victory - Boss Defeated","boss.victory",7,0,10,20,3,24400,true,true,2100.0,25,0,1,121.47,7,0,3200,"",0,0,0,0,1,0,0.962,5.38,7,true,3,0,3,3,0,0,0.000,1.000,"|||||crossing_pass||||||crossing_pass||||||||camp||crossing_pass||||",false,false,0,0
"Classic - Conservative","Classic","Conservative","CL-ORANGE02",1428,25,"Victory - Boss Defeated","boss.victory",7,0,10,17,4,25900,true,true,2100.0,24,1,0,121.47,7,0,3200,"",0,0,0,0,0,0,1.000,5.60,6,true,3,0,3,3,0,0,0.000,1.000,"|||||crossing_pass||||||crossing_pass|||||||||crossing_pass||||",false,false,0,0
"Classic - Conservative","Classic","Conservative","CL-ORANGE02",1429,25,"Boss Vote Failed - Game Over","boss_vote_failed",9,0,9,20,4,26700,true,false,2100.0,24,0,1,126.53,9,0,3200,"",0,3,0,0,1,0,0.960,7.20,5,true,3,0,3,3,0,0,0.000,1.000,"|||camp|||crossing_pass|||||crossing_pass|||||||||crossing_pass||||",false,false,0,0
"Classic - Conservative","Classic","Conservative","CL-ORANGE02",1430,25,"Boss Vote Failed - Game Over","boss_vote_failed",9,0,9,19,4,25900,true,false,2100.0,24,1,0,121.47,9,0,3200,"",0,1,0,0,0,0,1.000,7.20,8,true,3,0,3,1,2,0,0.000,0.333,"|||||detour||||||detour|||||||||crossing_pass||||",false,false,0,0
"Classic - Conservative","Classic","Conservative","CL-ORANGE02",1431,25,"Victory - Boss Defeated","boss.victory",8,0,10,16,4,25700,true,true,2100.0,24,1,0,121.47,8,0,3200,"",0,0,0,0,0,0,1.000,6.40,6,true,3,0,3,3,0,0,0.000,1.000,"|||||crossing_pass||||||crossing_pass||||||||crossing_pass|||||",false,false,0,0
"Classic - Conservative","Classic","Conservative","CL-ORANGE02",1432,25,"Boss Vote Failed - Game Over","boss_vote_failed",8,0,10,20,4,24900,true,false,2100.0,25,0,0,121.47,8,0,3200,"tariff_tsunami",1,0,0,0,0,0,1.000,6.40,7,true,3,0,3,3,0,0,0.000,1.000,"|||||crossing_pass||||||crossing_pass|||||||||crossing_pass||||",false,false,0,0
"Classic - Conservative","Classic","Conservative","CL-ORANGE02",1433,26,"Boss Vote Failed - Game Over","boss_vote_failed",9,0,10,19,4,23800,true,false,2100.0,25,0,1,121.47,9,0,3200,"",0,1,1,0,0,0,0.962,6.92,7,true,3,0,3,2,1,0,0.000,0.667,"||||||detour|||||crossing_pass|||||||||crossing_pass|||||",false,false,0,0
"Classic - Conservative","Classic","Conservative","CL-ORANGE02",1434,26,"Boss Vote Failed - Game Over","boss_vote_failed",8,0,10,17,4,24400,true,false,2100.0,25,1,0,116.80,8,0,3200,"",0,0,0,0,1,0,1.000,6.15,7,true,3,0,3,2,1,0,0.000,0.667,"|||||detour||||||crossing_pass|||||||camp|||crossing_pass||||",false,false,0,0
"Classic - Conservative","Classic","Conservative","CL-ORANGE02",1435,26,"Victory - Boss Defeated","boss.victory",12,0,9,18,4,24400,true,true,2100.0,25,1,0,116.80,12,0,3200,"",0,0,0,0,0,0,1.000,9.23,6,true,3,0,3,2,1,0,0.000,0.667,"||||||crossing_pass||||||crossing_pass||||||||detour|||||",false,false,0,0
"Classic - Conservative","Classic","Conservative","CL-ORANGE02",1436,20,"Collapse (crossing) - Game Over","collapse_crossing",7,0,9,19,10,19700,false,false,1900.0,20,0,0,137.38,7,0,3200,"",0,3,0,0,0,0,1.000,7.00,6,false,3,0,3,2,0,1,0.333,0.667,"|||||crossing_pass||||||crossing_pass||||||||crossing_fail",false,false,0,0
"Classic - Conservative","Classic","Conservative","CL-ORANGE02",1437,26,"Victory - Boss Defeated","boss.victory",9,0,9,18,4,24400,true,true,2100.0,25,1,0,116.80,9,0,3200,"",0,2,0,0,0,0,1.000,6.92,6,true,3,0,3,3,0,0,0.000,1.000,"|||||crossing_pass||||||crossing_pass|||||||||crossing_pass|||||",false,false,0,0
"Classic - Conservative","Classic","Conservative","CL-ORANGE02",1438,26,"Boss Vote Failed - Game Over","boss_vote_failed",9,0,9,20,3,24900,true,false,2100.0,24,1,1,121.47,9,0,3200,"book_panic",1,0,0,0,0,0,0.962,6.92,7,true,3,0,3,1,2,0,0.000,0.333,"|||||crossing_pass||||||detour|||||||||detour|||||",false,false,0,0
"Classic - Conservative","Classic","Conservative","CL-ORANGE02",1439,26,"Victory - Boss Defeated","boss.victory",10,1,10,18,4,24700,true,true,2100.0,26,0,0,116.80,10,0,3200,"",0,0,0,0,0,1,1.000,7.69,7,true,3,0,3,3,0,0,0.000,1.000,"|||repair|||crossing_pass|||||crossing_pass|||||||||crossing_pass|||||",false,false,0,0
"Classic - Conservative","Classic","Conservative","CL-ORANGE02",1440,25,"Boss Vote Failed - Game Over","boss_vote_failed",7,0,10,18,4,24200,true,false,2100.0,24,1,0,121.47,7,0,3200,"",0,3,0,0,0,0,1.000,5.60,6,true,3,0,3,3,0,0,0.000,1.000,"|||||crossing_pass||||||crossing_pass||||||||crossing_pass|||||",false,false,0,0
"Classic - Conservative","Classic","Conservative","CL-ORANGE02",1441,25,"Boss Vote Failed - Game Over","boss_vote_failed",9,0,10,18,4,25400,true,false,2100.0,25,0,0,121.47,9,0,3200,"",0,0,0,1,0,0,1.000,7.20,7,true,3,0,3,2,1,0,0.000,0.667,"|||||detour||||||crossing_pass|||||||||crossing_pass||||",false,false,0,0
"Classic - Conservative","Classic","Conservative","CL-ORANGE02",1442,26,"Boss Vote Failed - Game Over","boss_vote_failed",8,1,9,20,3,22000,true,false,2100.0,25,0,1,121.47,8,2600,3200,"",0,0,0,0,0,1,0.962,6.15,7,true,3,0,3,3,0,0,0.000,1.000,"|||||crossing_pass|||repair||||crossing_pass||||||||crossing_pass|||||",false,false,0,0
"Classic - Conservative","Classic","Conservative","CL-ORANGE02",1443,25,"Victory - Boss Defeated","boss.victory",9,0,9,19,4,25900,true,true,2100.0,24,1,0,121.47,9,0,3200,"",0,6,0,0,1,0,1.000,7.20,6,true,3,0,3,2,1,0,0.000,0.667,"|||||crossing_pass||||||detour|||||||camp||crossing_pass||||",false,false,0,0
"Classic - Conservative","Classic","Conservative","CL-ORANGE02",1444,25,"Boss Vote Failed - Game Over","boss_vote_failed",8,0,10,20,4,24400,true,false,2100.0,25,0,0,121.47,8,0,3200,"",0,0,0,0,0,0,1.000,6.40,7,true,3,0,3,3,0,0,0.000,1.000,"|||||crossing_pass||||||crossing_pass|||||||||crossing_pass||||",false,false,0,0
"Classic - Conservative","Classic","Conservative","CL-ORANGE02",1445,26,"Boss Vote Failed - Game Over","boss_vote_failed",9,0,10,19,3,25700,true,false,2100.0,24,1,1,121.47,9,0,3200,"",0,0,0,0,0,0,0.962,6.92,8,true,3,0,3,2,1,0,0.000,0.667,"|||||crossing_pass||||||detour|||||||||crossing_pass|||||",false,false,0,0
"Classic - Conservative","Classic","Conservative","CL-ORANGE02",1446,20,"Collapse (crossing) - Game Over","collapse_crossing",7,0,10,18,9,19200,false,false,1900.0,20,0,0,137.38,7,0,3200,"",0,5,0,0,0,0,1.000,7.00,7,false,3,0,3,2,0,1,0.333,0.667,"|||||crossing_pass||||||crossing_pass||||||||crossing_fail",false,false,0,0
"Classic - Conservative","Classic","Conservative","CL-ORANGE02",1447,26,"Boss Vote Failed - Game Over","boss_vote_failed",9,0,9,20,4,24900,true,false,2100.0,26,0,0,116.80,9,0,3200,"travel_ban_lite",1,0,0,0,1,0,1.000,6.92,7,true,3,0,3,3,0,0,0.000,1.000,"|||||crossing_pass||||||crossing_pass||||camp||||||crossing_pass||||",false,false,0,0
"Classic - Conservative","Classic","Conservative","CL-ORANGE02",1448,25,"Boss Vote Failed - Game Over","boss_vote_failed",10,0,9,20,4,25400,true,false,2100.0,24,1,0,121.47,10,0,3200,"",0,0,0,0,0,0,1.000,8.00,7,true,3,0,3,3,0,0,0.000,1.000,"||||||crossing_pass|||||crossing_pass|||||||||crossing_pass||||",false,false,0,0
"Classic - Conservative","Classic","Conservative","CL-ORANGE02",1449,26,"Boss Vote Failed - Game Over","boss_vote_failed",7,0,10,20,3,24400,true,false,2100.0,25,0,1,121.47,7,0,3200,"",0,0,0,0,0,0,0.962,5.38,7,true,3,0,3,2,1,0,0.000,0.667,"||||||crossing_pass|||||detour|||||||||crossing_pass|||||",false,false,0,0
"Classic - Conservative","Classic","Conservative","CL-ORANGE02",1450,26,"Victory - Boss Defeated","boss.victory",9,0,9,19,4,24900,true,true,2100.0,26,0,0,116.80,9,0,3200,"",0,0,0,0,0,0,1.000,6.92,7,true,3,0,3,2,1,0,0.000,0.667,"||||||detour||||||crossing_pass|||||||||crossing_pass||||",false,false,0,0
"Classic - Conservative","Classic","Conservative","CL-ORANGE02",1451,25,"Boss Vote Failed - Game Over","boss_vote_failed",8,0,9,17,4,24200,true,false,2100.0,25,0,0,121.47,8,0,3200,"",0,0,0,0,0,0,1.000,6.40,7,true,3,0,3,3,0,0,0.000,1.000,"|||||crossing_pass||||||crossing_pass||||||||crossing_pass|||||",false,false,0,0
"Classic - Conservative","Classic","Conservative","CL-ORANGE02",1452,25,"Boss Vote Failed - Game Over","boss_vote_failed",8,0,10,18,4,25700,true,false,2100.0,24,0,1,126.53,8,0,3200,"",0,0,0,1,1,0,0.960,6.40,7,true,3,0,3,3,0,0,0.000,1.000,"|||camp|||crossing_pass|||||crossing_pass|||||||||crossing_pass||||",false,false,0,0
"Classic - Conservative","Classic","Conservative","CL-ORANGE02",1453,25,"Boss Vote Failed - Game Over","boss_vote_failed",7,0,10,18,4,25400,true,false,2100.0,25,0,0,121.47,7,0,3200,"",0,0,0,0,0,0,1.000,5.60,7,true,3,0,3,3,0,0,0.000,1.000,"|||||crossing_pass||||||crossing_pass||||||||crossing_pass|||||",false,false,0,0
"Classic - Conservative","Classic","Conservative","CL-ORANGE02",1454,21,"Collapse (crossing) - Game Over","collapse_crossing",8,0,10,16,10,19200,false,false,1900.0,21,0,0,130.84,8,0,3200,"",0,0,0,0,0,0,1.000,7.62,7,false,3,0,3,2,0,1,0.333,0.667,"||||||crossing_pass|||||crossing_pass|||||||||crossing_fail",false,false,0,0
"Classic - Conservative","Classic","Conservative","CL-ORANGE02",1455,25,"Boss Vote Failed - Game Over","boss_vote_failed",9,1,9,18,4,25000,true,false,2100.0,24,1,0,121.47,9,0,3200,"",0,0,0,0,0,1,1.000,7.20,7,true,3,0,3,3,0,0,0.000,1.000,"|||||crossing_pass||||||crossing_pass||repair|||||||crossing_pass||||",false,false,0,0
"Classic - Conservative","Classic","Conservative","CL-ORANGE02",1456,26,"Victory - Boss Defeated","boss.victory",8,0,10,18,4,24300,true,true,2100.0,25,0,1,121.47,8,0,3200,"",0,9,0,0,1,0,0.962,6.15,5,true,3,0,3,2,1,0,0.000,0.667,"||||||detour||||||crossing_pass||camp|||||||crossing_pass||||",false,false,0,0
"Classic - Conservative","Classic","Conservative","CL-ORANGE02",1457,26,"Victory - Boss Defeated","boss.victory",9,1,9,18,4,26200,true,true,2100.0,24,1,1,121.47,9,0,3200,"",0,0,0,0,0,1,0.962,6.92,6,true,3,0,3,3,0,0,0.000,1.000,"|||||crossing_pass||||||crossing_pass||||||repair|||crossing_pass|||||",false,false,0,0
"Classic - Conservative","Classic","Conservative","CL-ORANGE02",1458,26,"Boss Vote Failed - Game Over","boss_vote_failed",9,0,10,15,4,25900,true,false,2100.0,25,1,0,116.80,9,0,3200,"",0,0,0,0,1,0,1.000,6.92,8,true,3,0,3,3,0,0,0.000,1.000,"||||||crossing_pass|||||crossing_pass|||||||||crossing_pass||||camp|",false,false,0,0
"Classic - Conservative","Classic","Conservative","CL-ORANGE02",1459,26,"Victory - Boss Defeated","boss.victory",9,0,10,19,3,24900,true,true,2100.0,24,1,1,121.47,9,0,3200,"",0,3,0,1,1,0,0.962,6.92,6,true,3,0,3,3,0,0,0.000,1.000,"||||||crossing_pass;camp||||||crossing_pass||||||||crossing_pass|||||",false,false,0,0
"Classic - Conservative","Classic","Conservative","CL-ORANGE02",1460,26,"Boss Vote Failed - Game Over","boss_vote_failed",9,0,10,19,3,22600,true,false,2100.0,25,0,1,121.47,9,0,3200,"",0,0,0,0,0,0,0.962,6.92,6,true,3,0,3,2,1,0,0.000,0.667,"||||||crossing_pass|||||crossing_pass|||||||||detour|||||",false,false,0,0
"Classic - Conservative","Classic","Conservative","CL-ORANGE02",1461,25,"Boss Vote Failed - Game Over","boss_vote_failed",8,0,9,19,4,25400,true,false,2100.0,25,0,0,121.47,8,0,3200,"",0,0,0,0,0,0,1.000,6.40,8,true,3,0,3,3,0,0,0.000,1.000,"|||||crossing_pass||||||crossing_pass|||||||||crossing_pass||||",false,false,0,0
"Classic - Conservative","Classic","Conservative","CL-ORANGE02",1462,26,"Boss Vote Failed - Game Over","boss_vote_failed",8,0,9,18,4,25400,true,false,2100.0,24,1,1,121.47,8,0,3200,"",0,0,0,0,0,0,0.962,6.15,7,true,3,0,3,1,2,0,0.000,0.333,"|||||detour||||||detour|||||||||crossing_pass|||||",false,false,0,0
"Classic - Conservative","Classic","Conservative","CL-ORANGE02",1463,25,"Boss Vote Failed - Game Over","boss_vote_failed",7,0,10,19,3,26200,true,false,2100.0,23,1,1,126.53,7,0,3200,"",0,0,0,0,0,0,0.960,5.60,6,true,3,0,3,3,0,0,0.000,1.000,"|||||crossing_pass||||||crossing_pass||||||||crossing_pass|||||",false,false,0,0
"Classic - Conservative","Classic","Conservative","CL-ORANGE02",1464,25,"Victory - Boss Defeated","boss.victory",8,0,10,20,4,25200,true,true,2100.0,25,0,0,121.47,8,0,3200,"",0,0,0,0,0,0,1.000,6.40,8,true,3,0,3,3,0,0,0.000,1.000,"|||||crossing_pass||||||crossing_pass|||||||||crossing_pass||||",false,false,0,0
"Classic - Conservative","Classic","Conservative","CL-ORANGE02",1465,26,"Boss Vote Failed - Game Over","boss_vote_failed",8,0,9,19,4,24400,true,false,2100.0,25,0,1,121.47,8,0,3200,"",0,2,0,0,0,0,0.962,6.15,8,true,3,0,3,2,1,0,0.000,0.667,"|||||crossing_pass||||||crossing_pass|||||||||detour|||||",false,false,0,0
"Classic - Conservative","Classic","Conservative","CL-ORANGE02",1466,25,"Boss Vote Failed - Game Over","boss_vote_failed",8,1,9,19,4,25400,true,false,2100.0,24,1,0,121.47,8,0,3200,"",0,0,0,0,0,1,1.000,6.40,6,true,3,0,3,2,1,0,0.000,0.667,"|||||crossing_pass||||||detour||||||||crossing_pass||||repair|",false,false,1,0
"Classic - Conservative","Classic","Conservative","CL-ORANGE02",1467,25,"Boss Vote Failed - Game Over","boss_vote_failed",8,0,10,20,4,25400,true,false,2100.0,25,0,0,121.47,8,0,3200,"",0,0,0,0,0,0,1.000,6.40,8,true,3,0,3,2,1,0,0.000,0.667,"||||||crossing_pass|||||detour|||||||||crossing_pass||||",false,false,0,0
"Classic - Conservative","Classic","Conservative","CL-ORANGE02",1468,25,"Boss Vote Failed - Game Over","boss_vote_failed",8,0,10,18,4,25900,true,false,2100.0,23,2,0,121.47,8,0,3200,"",0,0,0,0,0,0,1.000,6.40,7,true,3,0,3,3,0,0,0.000,1.000,"|||||crossing_pass||||||crossing_pass||||||||crossing_pass|||||",false,false,0,0
"Classic - Conservative","Classic","Conservative","CL-ORANGE02",1469,26,"Boss Vote Failed - Game Over","boss_vote_failed",10,1,9,20,4,21500,true,false,2100.0,25,1,0,116.80,10,2600,3200,"",0,0,0,0,1,1,1.000,7.69,8,true,3,0,3,3,0,0,0.000,1.000,"||||repair||crossing_pass|||||crossing_pass|||||||camp|||crossing_pass||||",false,false,0,0
"Classic - Conservative","Classic","Conservative","CL-ORANGE02",1470,25,"Victory - Boss Defeated","boss.victory",7,0,9,17,4,25300,true,true,2100.0,25,0,0,121.47,7,0,3200,"",0,0,0,0,0,0,1.000,5.60,6,true,3,0,3,2,1,0,0.000,0.667,"|||||crossing_pass||||||crossing_pass||||||||detour|||||",false,false,0,0
"Classic - Conservative","Classic","Conservative","CL-ORANGE02",1471,25,"Boss Vote Failed - Game Over","boss_vote_failed",8,0,10,18,4,25200,true,false,2100.0,25,0,0,121.47,8,0,3200,"",0,3,0,0,0,0,1.000,6.40,5,true,3,0,3,3,0,0,0.000,1.000,"|||||crossing_pass||||||crossing_pass|||||||||crossing_pass||||",false,false,0,0
"Classic - Conservative","Classic","Conservative","CL-ORANGE02",1472,25,"Boss Vote Failed - Game Over","boss_vote_failed",9,0,10,18,4,24900,true,false,2100.0,24,1,0,121.47,9,0,3200,"",0,0,0,1,0,0,1.000,7.20,5,true,3,0,3,3,0,0,0.000,1.000,"||||||crossing_pass|||||crossing_pass|||||||||crossing_pass||||",false,false,0,0
"Classic - Conservative","Classic","Conservative","CL-ORANGE02",1473,26,"Victory - Boss Defeated","boss.victory",8,0,10,17,4,24400,true,true,2100.0,25,0,1,121.47,8,0,3200,"",0,7,1,0,1,0,0.962,6.15,8,true,3,0,3,2,1,0,0.000,0.667,"|||||crossing_pass||||||detour||||camp|||||crossing_pass|||||",false,false,0,0
"Classic - Conservative","Classic","Conservative","CL-ORANGE02",1474,25,"Boss Vote Failed - Game Over","boss_vote_failed",8,0,9,20,4,25000,true,false,2100.0,25,0,0,121.47,8,0,3200,"",0,0,0,0,0,0,1.000,6.40,6,true,3,0,3,3,0,0,0.000,1.000,"|||||crossing_pass||||||crossing_pass|||||||||crossing_pass||||",false,false,0,0
"Classic - Conservative","Classic","Conservative","CL-ORANGE02",1475,26,"Victory - Boss Defeated","boss.victory",10,0,10,18,4,24400,true,true,2100.0,23,3,0,116.80,10,0,3200,"",0,0,0,0,1,0,1.000,7.69,8,true,3,0,3,3,0,0,0.000,1.000,"|||||crossing_pass||||||crossing_pass|||||||||crossing_pass|camp||||",false,false,0,0
"Classic - Conservative","Classic","Conservative","CL-ORANGE02",1476,21,"Collapse (crossing) - Game Over","collapse_crossing",7,0,9,16,10,19200,false,false,1900.0,21,0,0,130.84,7,0,3200,"",0,0,0,0,0,0,1.000,6.67,7,false,3,0,3,2,0,1,0.333,0.667,"||||||crossing_pass|||||crossing_pass|||||||||crossing_fail",false,false,0,0
"Classic - Conservative","Classic","Conservative","CL-ORANGE02",1477,26,"Boss Vote Failed - Game Over","boss_vote_failed",8,0,10,20,4,23900,true,false,2100.0,25,0,1,121.47,8,0,3200,"",0,0,0,0,0,0,0.962,6.15,6,true,3,0,3,2,1,0,0.000,0.667,"|||||crossing_pass||||||detour|||||||||crossing_pass|||||",false,false,0,0
"Classic - Conservative","Classic","Conservative","CL-ORANGE02",1478,27,"Victory - Boss Defeated","boss.victory",8,0,10,18,4,23300,true,true,2100.0,26,0,1,116.80,8,0,3200,"",0,0,0,0,1,0,0.963,5.93,7,true,3,0,3,3,0,0,0.000,1.000,"|||||crossing_pass||||||crossing_pass||||||||||crossing_pass|||camp||",false,false,0,0
"Classic - Conservative","Classic","Conservative","CL-ORANGE02",1479,25,"Victory - Boss Defeated","boss.victory",9,0,10,18,4,25900,true,true,2100.0,24,1,0,121.47,9,0,3200,"",0,0,0,0,0,0,1.000,7.20,5,true,3,0,3,1,2,0,0.000,0.333,"|||||crossing_pass||||||detour|||||||||detour||||",false,false,0,0
"Classic - Conservative","Classic","Conservative","CL-ORANGE02",1480,25,"Victory - Boss Defeated","boss.victory",8,0,10,20,4,24900,true,true,2100.0,25,0,0,121.47,8,0,3200,"",0,6,0,0,0,0,1.000,6.40,8,true,3,0,3,3,0,0,0.000,1.000,"|||||crossing_pass||||||crossing_pass|||||||||crossing_pass||||",false,false,0,0
"Classic - Conservative","Classic","Conservative","CL-ORANGE02",1481,25,"Victory - Boss Defeated","boss.victory",8,0,9,18,4,24800,true,true,2100.0,24,1,0,121.47,8,0,3200,"",0,0,0,0,0,0,1.000,6.40,7,true,3,0,3,3,0,0,0.000,1.000,"|||||crossing_pass||||||crossing_pass||||||||crossing_pass|||||",false,false,0,0
"Classic - Conservative","Classic","Conservative","CL-ORANGE02",1482,25,"Victory - Boss Defeated","boss.victory",7,0,10,19,3,25900,true,true,2100.0,24,0,1,126.53,7,0,3200,"",0,0,0,0,0,0,0.960,5.60,7,true,3,0,3,3,0,0,0.000,1.000,"|||||crossing_pass||||||crossing_pass|||||||||crossing_pass||||",false,false,0,0
"Classic - Conservative","Classic","Conservative","CL-ORANGE02",1483,25,"Boss Vote Failed - Game Over","boss_vote_failed",8,0,9,20,4,25900,true,false,2100.0,25,0,0,121.47,8,0,3200,"",0,0,0,0,0,0,1.000,6.40,6,true,3,0,3,3,0,0,0.000,1.000,"|||||crossing_pass||||||crossing_pass|||||||||crossing_pass||||",false,false,0,0
"Classic - Conservative","Classic","Conservative","CL-ORANGE02",1484,25,"Boss Vote Failed - Game Over","boss_vote_failed",7,0,10,19,4,24900,true,false,2100.0,25,0,0,121.47,7,0,3200,"",0,0,0,0,0,0,1.000,5.60,6,true,3,0,3,3,0,0,0.000,1.000,"|||||crossing_pass||||||crossing_pass|||||||||crossing_pass||||",false,false,0,0
"Classic - Conservative","Classic","Conservative","CL-ORANGE02",1485,25,"Boss Vote Failed - Game Over","boss_vote_failed",8,0,9,20,4,24400,true,false,2100.0,25,0,0,121.47,8,0,3200,"",0,2,0,0,0,0,1.000,6.40,7,true,3,0,3,3,0,0,0.000,1.000,"|||||crossing_pass||||||crossing_pass|||||||||crossing_pass||||",false,false,0,0
"Classic - Conservative","Classic","Conservative","CL-ORANGE02",1486,25,"Boss Vote Failed - Game Over","boss_vote_failed",9,0,10,19,4,24800,true,false,2100.0,25,0,0,121.47,9,0,3200,"",0,5,0,0,0,0,1.000,7.20,8,true,3,0,3,3,0,0,0.000,1.000,"||||||crossing_pass|||||crossing_pass|||||||||crossing_pass||||",false,false,0,0
"Classic - Conservative","Classic","Conservative","CL-ORANGE02",1487,26,"Victory - Boss Defeated","boss.victory",8,0,10,20,4,25000,true,true,2100.0,25,0,1,121.47,8,0,3200,"",0,0,1,0,0,0,0.962,6.15,8,true,3,0,3,2,1,0,0.000,0.667,"||||||crossing_pass|||||detour|||||||||crossing_pass|||||",false,false,0,0
"Classic - Conservative","Classic","Conservative","CL-ORANGE02",1488,25,"Boss Vote Failed - Game Over","boss_vote_failed",8,0,9,18,4,25400,true,false,2100.0,25,0,0,121.47,8,0,3200,"",0,0,0,0,0,0,1.000,6.40,7,true,3,0,3,1,2,0,0.000,0.333,"|||||crossing_pass||||||detour|||||||||detour||||",false,false,0,0
"Classic - Conservative","Classic","Conservative","CL-ORANGE02",1489,26,"Boss Vote Failed - Game Over","boss_vote_failed",8,0,10,15,4,25400,true,false,2100.0,25,0,1,121.47,8,0,3200,"",0,0,0,0,1,0,0.962,6.15,7,true,3,0,3,2,1,0,0.000,0.667,"||||||crossing_pass|||||detour|||||||||crossing_pass||||camp|",false,false,0,0
"Classic - Conservative","Classic","Conservative","CL-ORANGE02",1490,25,"Boss Vote Failed - Game Over","boss_vote_failed",8,0,10,19,4,24400,true,false,2100.0,25,0,0,121.47,8,0,3200,"",0,0,0,0,0,0,1.000,6.40,8,true,3,0,3,3,0,0,0.000,1.000,"|||||crossing_pass||||||crossing_pass||||||||crossing_pass|||||",false,false,0,0
"Classic - Conservative","Classic","Conservative","CL-ORANGE02",1491,26,"Victory - Boss Defeated","boss.victory",9,0,9,18,4,25300,true,true,2100.0,25,0,1,121.47,9,0,3200,"",0,0,0,0,0,0,0.962,6.92,8,true,3,0,3,2,1,0,0.000,0.667,"|||||crossing_pass||||||crossing_pass|||||||||detour|||||",false,false,0,0
"Classic - Conservative","Classic","Conservative","CL-ORANGE02",1492,26,"Boss Vote Failed - Game Over","boss_vote_failed",8,0,10,16,4,24300,true,false,2100.0,25,0,1,121.47,8,0,3200,"",0,3,0,0,1,0,0.962,6.15,8,true,3,0,3,3,0,0,0.000,1.000,"|||||crossing_pass||||||crossing_pass|||||||||crossing_pass||||camp|",false,false,0,0
"Classic - Conservative","Classic","Conservative","CL-ORANGE02",1493,26,"Victory - Boss Defeated","boss.victory",10,1,9,17,4,21900,true,true,2100.0,25,1,0,116.80,10,2900,3200,"",0,0,0,0,0,1,1.000,7.69,7,true,3,0,3,3,0,0,0.000,1.000,"||||repair||crossing_pass||||||crossing_pass|||||||||crossing_pass||||",false,false,0,0
"Classic - Conservative","Classic","Conservative","CL-ORANGE02",1494,26,"Boss Vote Failed - Game Over","boss_vote_failed",8,0,10,20,4,24500,true,false,2100.0,24,1,1,121.47,8,0,3200,"",0,0,0,0,1,0,0.962,6.15,6,true,3,0,3,2,1,0,0.000,0.667,"|||||crossing_pass||||||detour|||||||||crossing_pass;camp|||||",false,false,0,0
"Classic - Conservative","Classic","Conservative","CL-ORANGE02",1495,25,"Boss Vote Failed - Game Over","boss_vote_failed",8,0,10,17,4,25700,true,false,2100.0,25,0,0,121.47,8,0,3200,"",0,5,0,0,0,0,1.000,6.40,7,true,3,0,3,3,0,0,0.000,1.000,"|||||crossing_pass||||||crossing_pass||||||||crossing_pass|||||",false,false,0,0
"Classic - Conservative","Classic","Conservative","CL-ORANGE02",1496,26,"Boss Vote Failed - Game Over","boss_vote_failed",8,0,9,17,4,24800,true,false,2100.0,25,0,1,121.47,8,0,3200,"doe_eliminated",2,0,0,0,1,0,0.962,6.15,7,true,3,0,3,2,1,0,0.000,0.667,"|||||detour||||||crossing_pass||||||camp|||crossing_pass|||||",false,false,0,0
"Classic - Conservative","Classic","Conservative","CL-ORANGE02",1497,26,"Boss Vote Failed - Game Over","boss_vote_failed",8,3,10,18,4,18800,true,false,2100.0,26,0,0,116.80,8,2600,3200,"",0,0,0,0,0,3,1.000,6.15,8,true,3,0,3,3,0,0,0.000,1.000,"||||repair||crossing_pass;repair|||||crossing_pass||||repair|||||crossing_pass|||||",false,false,0,0
"Classic - Conservative","Classic","Conservative","CL-ORANGE02",1498,25,"Boss Vote Failed - Game Over","boss_vote_failed",8,0,9,18,4,25900,true,false,2100.0,25,0,0,121.47,8,0,3200,"",0,4,0,0,0,0,1.000,6.40,6,true,3,0,3,3,0,0,0.000,1.000,"|||||crossing_pass||||||crossing_pass||||||||crossing_pass|||||",false,false,0,0
"Classic - Conservative","Classic","Conservative","CL-ORANGE02",1499,26,"Boss Vote Failed - Game Over","boss_vote_failed",7,0,10,18,3,24400,true,false,2100.0,24,0,2,126.53,7,0,3200,"",0,0,0,0,1,0,0.923,5.38,6,true,3,0,3,3,0,0,0.000,1.000,"|||||crossing_pass||||||crossing_pass|||||camp||||crossing_pass|||||",false,false,0,0
"Classic - Conservative","Classic","Conservative","CL-ORANGE02",1500,26,"Boss Vote Failed - Game Over","boss_vote_failed",9,0,9,20,3,24400,true,false,2100.0,25,0,1,121.47,9,0,3200,"",0,0,0,0,0,0,0.962,6.92,5,true,3,0,3,1,2,0,0.000,0.333,"|||||detour||||||detour|||||||||crossing_pass|||||",false,false,0,0
"Classic - Conservative","Classic","Conservative","CL-ORANGE02",1501,25,"Boss Vote Failed - Game Over","boss_vote_failed",10,0,9,19,4,25800,true,false,2100.0,25,0,0,121.47,10,0,3200,"",0,0,0,0,0,0,1.000,8.00,6,true,3,0,3,3,0,0,0.000,1.000,"|||||crossing_pass||||||crossing_pass|||||||||crossing_pass||||",false,false,0,0
"Classic - Conservative","Classic","Conservative","CL-ORANGE02",1502,25,"Boss Vote Failed - Game Over","boss_vote_failed",7,1,9,19,4,24900,true,false,2100.0,25,0,0,121.47,7,0,3200,"",0,4,0,0,0,1,1.000,5.60,7,true,3,0,3,3,0,0,0.000,1.000,"||||repair|crossing_pass||||||crossing_pass|||||||||crossing_pass||||",false,false,0,0
"Classic - Conservative","Classic","Conservative","CL-ORANGE02",1503,25,"Boss Vote Failed - Game Over","boss_vote_failed",7,0,9,19,4,25400,true,false,2100.0,24,1,0,121.47,7,0,3200,"",0,0,0,0,0,0,1.000,5.60,6,true,3,0,3,3,0,0,0.000,1.000,"|||||crossing_pass||||||crossing_pass|||||||||crossing_pass||||",false,false,0,0
"Classic - Conservative","Classic","Conservative","CL-ORANGE02",1504,25,"Boss Vote Failed - Game Over","boss_vote_failed",8,0,10,19,4,25400,true,false,2100.0,24,1,0,121.47,8,0,3200,"travel_ban_lite",1,0,0,0,0,0,1.000,6.40,5,true,3,0,3,2,1,0,0.000,0.667,"|||||detour||||||crossing_pass|||||||||crossing_pass||||",false,false,0,0
"Classic - Conservative","Classic","Conservative","CL-ORANGE02",1505,25,"Boss Vote Failed - Game Over","boss_vote_failed",9,0,10,20,4,25300,true,false,2100.0,25,0,0,121.47,9,0,3200,"",0,0,0,0,0,0,1.000,7.20,6,true,3,0,3,3,0,0,0.000,1.000,"|||||crossing_pass||||||crossing_pass|||||||||crossing_pass||||",false,false,0,0
"Classic - Conservative","Classic","Conservative","CL-ORANGE02",1506,25,"Boss Vote Failed - Game Over","boss_vote_failed",8,0,10,19,4,24900,true,false,2100.0,25,0,0,121.47,8,0,3200,"",0,5,0,0,0,0,1.000,6.40,6,true,3,0,3,3,0,0,0.000,1.000,"|||||crossing_pass||||||crossing_pass|||||||||crossing_pass||||",false,false,0,0
"Classic - Conservative","Classic","Conservative","CL-ORANGE02",1507,25,"Boss Vote Failed - Game Over","boss_vote_failed",9,0,10,18,4,25400,true,false,2100.0,25,0,0,121.47,9,0,3200,"",0,0,0,0,0,0,1.000,7.20,7,true,3,0,3,3,0,0,0.000,1.000,"||||||crossing_pass|||||crossing_pass|||||||||crossing_pass||||",false,false,0,0
"Classic - Conservative","Classic","Conservative","CL-ORANGE02",1508,25,"Victory - Boss Defeated","boss.victory",8,0,10,19,4,25700,true,true,2100.0,25,0,0,121.47,8,0,3200,"",0,0,0,0,0,0,1.000,6.40,7,true,3,0,3,3,0,0,0.000,1.000,"|||||crossing_pass||||||crossing_pass|||||||||crossing_pass||||",false,false,0,0
"Classic - Conservative","Classic","Conservative","CL-ORANGE02",1509,22,"Collapse (crossing) - Game Over","collapse_crossing",8,0,10,15,10,19200,false,false,1900.0,21,0,1,130.84,8,0,3200,"",0,1,0,0,1,0,0.955,7.27,6,false,3,0,3,2,0,1,0.333,0.667,"||camp||||crossing_pass||||||crossing_pass|||||||||crossing_fail",false,false,0,0
"Classic - Conservative","Classic","Conservative","CL-ORANGE02",1510,25,"Boss Vote Failed - Game Over","boss_vote_failed",8,0,10,18,4,24400,true,false,2100.0,24,1,0,121.47,8,0,3200,"",0,0,0,0,0,0,1.000,6.40,5,true,3,0,3,2,1,0,0.000,0.667,"|||||crossing_pass||||||crossing_pass|||||||||detour||||",false,false,0,0
"Classic - Conservative","Classic","Conservative","CL-ORANGE02",1511,25,"Victory - Boss Defeated","boss.victory",8,0,10,19,4,24200,true,true,2100.0,25,0,0,121.47,8,0,3200,"",0,0,0,0,0,0,1.000,6.40,7,true,3,0,3,3,0,0,0.000,1.000,"|||||crossing_pass||||||crossing_pass|||||||||crossing_pass||||",false,false,0,0
"Classic - Conservative","Classic","Conservative","CL-ORANGE02",1512,26,"Boss Vote Failed - Game Over","boss_vote_failed",9,0,10,19,4,24300,true,false,2100.0,24,1,1,121.47,9,0,3200,"",0,0,0,0,0,0,0.962,6.92,7,true,3,0,3,3,0,0,0.000,1.000,"||||||crossing_pass|||||crossing_pass|||||||||crossing_pass|||||",false,false,0,0
"Classic - Conservative","Classic","Conservative","CL-ORANGE02",1513,25,"Boss Vote Failed - Game Over","boss_vote_failed",8,0,10,18,4,24900,true,false,2100.0,25,0,0,121.47,8,0,3200,"",0,3,0,0,1,0,1.000,6.40,7,true,3,0,3,3,0,0,0.000,1.000,"|||||crossing_pass||||||crossing_pass|||||||camp||crossing_pass||||",false,false,0,0
"Classic - Conservative","Classic","Conservative","CL-ORANGE02",1514,25,"Boss Vote Failed - Game Over","boss_vote_failed",8,0,10,18,4,24200,true,false,2100.0,25,0,0,121.47,8,0,3200,"",0,0,0,0,0,0,1.000,6.40,7,true,3,0,3,3,0,0,0.000,1.000,"||||||crossing_pass|||||crossing_pass|||||||||crossing_pass||||",false,false,0,0
"Classic - Conservative","Classic","Conservative","CL-ORANGE02",1515,25,"Boss Vote Failed - Game Over","boss_vote_failed",8,0,9,20,4,24900,true,false,2100.0,25,0,0,121.47,8,0,3200,"",0,0,0,0,0,0,1.000,6.40,6,true,3,0,3,3,0,0,0.000,1.000,"|||||crossing_pass||||||crossing_pass|||||||||crossing_pass||||",false,false,0,0
"Classic - Conservative","Classic","Conservative","CL-ORANGE02",1516,26,"Victory - Boss Defeated","boss.victory",8,0,10,18,4,24400,true,true,2100.0,26,0,0,116.80,8,0,3200,"",0,3,0,0,1,0,1.000,6.15,7,true,3,0,3,3,0,0,0.000,1.000,"|||camp|||crossing_pass|||||crossing_pass|||||||||crossing_pass|||||",false,false,0,0
"Classic - Conservative","Classic","Conservative","CL-ORANGE02",1517,26,"Boss Vote Failed - Game Over","boss_vote_failed",8,1,10,18,4,25400,true,false,2100.0,25,0,1,121.47,8,0,3200,"",0,0,0,0,1,1,0.962,6.15,7,true,3,0,3,3,0,0,0.000,1.000,"||camp||||crossing_pass|||||repair|crossing_pass||||||||crossing_pass|||||",false,false,0,0
"Classic - Conservative","Classic","Conservative","CL-ORANGE02",1518,25,"Boss Vote Failed - Game Over","boss_vote_failed",8,0,9,19,4,25400,true,false,2100.0,25,0,0,121.47,8,0,3200,"",0,0,0,0,0,0,1.000,6.40,6,true,3,0,3,2,1,0,0.000,0.667,"|||||crossing_pass||||||crossing_pass|||||||||detour||||",false,false,0,0
"Classic - Conservative","Classic","Conservative","CL-ORANGE02",1519,27,"Boss Vote Failed - Game Over","boss_vote_failed",10,0,10,16,4,24900,true,false,2100.0,26,1,0,112.47,10,0,3200,"",0,0,0,0,2,0,1.000,7.41,7,true,3,0,3,2,1,0,0.000,0.667,"|||||detour||||||crossing_pass||||||camp||||crossing_pass||||camp|",false,false,0,0
"Classic - Conservative","Classic","Conservative","CL-ORANGE02",1520,25,"Boss Vote Failed - Game Over","boss_vote_failed",9,0,10,18,4,25400,true,false,2100.0,25,0,0,121.47,9,0,3200,"",0,0,0,0,0,0,1.000,7.20,7,true,3,0,3,3,0,0,0.000,1.000,"|||||crossing_pass||||||crossing_pass|||||||||crossing_pass||||",false,false,0,0
"Classic - Conservative","Classic","Conservative","CL-ORANGE02",1521,25,"Victory - Boss Defeated","boss.victory",8,0,10,19,4,25400,true,true,2100.0,25,0,0,121.47,8,0,3200,"",0,0,0,0,0,0,1.000,6.40,8,true,3,0,3,3,0,0,0.000,1.000,"|||||crossing_pass||||||crossing_pass|||||||||crossing_pass||||",false,false,0,0
"Classic - Conservative","Classic","Conservative","CL-ORANGE02",1522,25,"Boss Vote Failed - Game Over","boss_vote_failed",7,0,9,16,4,24900,true,false,2100.0,25,0,0,121.47,7,0,3200,"",0,2,1,0,0,0,1.000,5.60,5,true,3,0,3,3,0,0,0.000,1.000,"|||||crossing_pass||||||crossing_pass|||||||||crossing_pass||||",false,false,0,0
"Classic - Conservative","Classic","Conservative","CL-ORANGE02",1523,25,"Victory - Boss Defeated","boss.victory",8,0,9,20,4,25400,true,true,2100.0,24,1,0,121.47,8,0,3200,"",0,0,0,0,0,0,1.000,6.40,7,true,3,0,3,3,0,0,0.000,1.000,"|||||crossing_pass||||||crossing_pass|||||||||crossing_pass||||",false,false,0,0
"Classic - Conservative","Classic","Conservative","CL-ORANGE02",1524,25,"Boss Vote Failed - Game Over","boss_vote_failed",8,0,10,19,4,25400,true,false,2100.0,25,0,0,121.47,8,0,3200,"",0,0,0,0,0,0,1.000,6.40,8,true,3,0,3,2,1,0,0.000,0.667,"||||||crossing_pass|||||detour|||||||||crossing_pass||||",false,false,0,0
"Classic - Conservative","Classic","Conservative","CL-ORANGE02",1525,26,"Victory - Boss Defeated","boss.victory",9,0,9,18,4,24900,true,true,2100.0,25,0,1,121.47,9,0,3200,"",0,0,0,0,0,0,0.962,6.92,7,true,3,0,3,2,1,0,0.000,0.667,"||||||crossing_pass|||||crossing_pass|||||||||detour|||||",false,false,0,0
"Classic - Conservative","Classic","Conservative","CL-ORANGE02",1526,25,"Boss Vote Failed - Game Over","boss_vote_failed",8,0,9,19,4,24900,true,false,2100.0,25,0,0,121.47,8,0,3200,"",0,5,0,1,0,0,1.000,6.40,7,true,3,0,3,3,0,0,0.000,1.000,"|||||crossing_pass||||||crossing_pass||||||||crossing_pass|||||",false,false,0,0
"Classic - Conservative","Classic","Conservative","CL-ORANGE02",1527,25,"Boss Vote Failed - Game Over","boss_vote_failed",9,0,9,19,4,24900,true,false,2100.0,24,1,0,121.47,9,0,3200,"doe_eliminated",1,0,0,0,0,0,1.000,7.20,6,true,3,0,3,3,0,0,0.000,1.000,"|||||crossing_pass||||||crossing_pass|||||||||crossing_pass||||",false,false,0,0
"Classic - Conservative","Classic","Conservative","CL-ORANGE02",1528,26,"Victory - Boss Defeated","boss.victory",9,0,10,17,4,24400,true,true,2100.0,26,0,0,116.80,9,0,3200,"",0,0,0,0,1,0,1.000,6.92,8,true,3,0,3,3,0,0,0.000,1.000,"|||||crossing_pass||||||crossing_pass|||||||||crossing_pass||||camp|",false,false,0,0
"Classic - Conservative","Classic","Conservative","CL-ORANGE02",1529,25,"Victory - Boss Defeated","boss.victory",8,1,9,18,4,25400,true,true,2100.0,25,0,0,121.47,8,0,3200,"",0,0,0,0,0,1,1.000,6.40,7,true,3,0,3,3,0,0,0.000,1.000,"||||||crossing_pass|||||crossing_pass||||repair|||||crossing_pass||||",false,false,0,0
"Classic - Conservative","Classic","Conservative","CL-ORANGE02",1530,25,"Victory - Boss Defeated","boss.victory",8,0,10,19,4,25900,true,true,2100.0,25,0,0,121.47,8,0,3200,"",0,0,0,0,1,0,1.000,6.40,8,true,3,0,3,2,1,0,0.000,0.667,"|||||detour||||||crossing_pass||||||||camp|crossing_pass||||",false,false,0,0
"Classic - Conservative","Classic","Conservative","CL-ORANGE02",1531,25,"Boss Vote Failed - Game Over","boss_vote_failed",9,0,9,20,4,23700,true,false,2100.0,25,0,0,121.47,9,0,3200,"",0,0,0,0,0,0,1.000,7.20,7,true,3,0,3,2,1,0,0.000,0.667,"|||||detour||||||crossing_pass|||||||||crossing_pass||||",false,false,0,0
"Classic - Conservative","Classic","Conservative","CL-ORANGE02",1532,25,"Victory - Boss Defeated","boss.victory",10,0,10,18,4,26200,true,true,2100.0,25,0,0,121.47,10,0,3200,"",0,0,0,0,0,0,1.000,8.00,8,true,3,0,3,3,0,0,0.000,1.000,"|||||crossing_pass||||||crossing_pass|||||||||crossing_pass||||",false,false,0,0
"Classic - Conservative","Classic","Conservative","CL-ORANGE02",1533,25,"Victory - Boss Defeated","boss.victory",7,0,9,17,4,25500,true,true,2100.0,24,1,0,121.47,7,0,3200,"",0,0,0,0,0,0,1.000,5.60,5,true,3,0,3,2,1,0,0.000,0.667,"|||||crossing_pass||||||crossing_pass||||||||detour|||||",false,false,0,0
"Classic - Conservative","Classic","Conservative","CL-ORANGE02",1534,25,"Victory - Boss Defeated","boss.victory",8,0,10,19,4,25900,true,true,2100.0,25,0,0,121.47,8,0,3200,"",0,8,0,0,0,0,1.000,6.40,7,true,3,0,3,3,0,0,0.000,1.000,"|||||crossing_pass||||||crossing_pass|||||||||crossing_pass||||",false,false,0,0
"Classic - Conservative","Classic","Conservative","CL-ORANGE02",1535,25,"Victory - Boss Defeated","boss.victory",7,0,10,20,4,25200,true,true,2100.0,25,0,0,121.47,7,0,3200,"",0,0,0,0,0,0,1.000,5.60,6,true,3,0,3,1,2,0,0.000,0.333,"|||||crossing_pass||||||detour|||||||||detour||||",false,false,0,0
"Classic - Conservative","Classic","Conservative","CL-ABBOTT03",1536,26,"Victory - Boss Defeated","boss.victory",9,1,9,18,4,26700,true,true,2100.0,25,0,1,121.47,9,0,3200,"",0,0,0,0,0,1,0.962,6.92,6,true,3,0,3,3,0,0,0.000,1.000,"|||||crossing_pass||||||crossing_pass||||repair|||||crossing_pass|||||",false,false,0,0
"Classic - Conservative","Classic","Conservative","CL-ABSCAM03",1537,26,"Boss Vote Failed - Game Over","boss_vote_failed",8,0,10,17,4,24400,true,false,2100.0,25,1,0,116.80,8,0,3200,"",0,0,0,0,0,0,1.000,6.15,7,true,3,0,3,3,0,0,0.000,1.000,"||||||crossing_pass|||||crossing_pass||||||||||crossing_pass||||",false,false,0,0
"Classic - Conservative","Classic","Conservative","CL-AILEEN03",1538,25,"Victory - Boss Defeated","boss.victory",8,0,9,19,4,26200,true,true,2100.0,25,0,0,121.47,8,0,3200,"travel_ban_lite",1,0,0,0,0,0,1.000,6.40,6,true,3,0,3,2,1,0,0.000,0.667,"|||||detour||||||crossing_pass|||||||||crossing_pass||||",false,false,0,0
"Classic - Conservative","Classic","Conservative","CL-AILES03",1539,26,"Boss Vote Failed - Game Over","boss_vote_failed",9,0,10,19,4,24200,true,false,2100.0,25,0,1,121.47,9,0,3200,"",0,5,0,0,0,0,0.962,6.92,8,true,3,0,3,2,1,0,0.000,0.667,"||||||crossing_pass|||||crossing_pass|||||||||detour|||||",false,false,0,0
"Classic - Conservative","Classic","Conservative","CL-ALEXJON03",1540,25,"Victory - Boss Defeated","boss.victory",7,0,10,18,4,24900,true,true,2100.0,25,0,0,121.47,7,0,3200,"",0,0,0,0,0,0,1.000,5.60,6,true,3,0,3,3,0,0,0.000,1.000,"|||||crossing_pass||||||crossing_pass|||||||||crossing_pass||||",false,false,0,0
"Classic - Conservative","Classic","Conservative","CL-ALITO03",1541,26,"Boss Vote Failed - Game Over","boss_vote_failed",9,0,9,20,3,24800,true,false,2100.0,24,1,1,121.47,9,0,3200,"",0,1,0,0,0,0,0.962,6.92,6,true,3,0,3,3,0,0,0.000,1.000,"|||||crossing_pass||||||crossing_pass|||||||||crossing_pass|||||",false,false,0,0
"Classic - Conservative","Classic","Conservative","CL-AMNESTY03",1542,25,"Boss Vote Failed - Game Over","boss_vote_failed",9,0,10,20,4,24900,true,false,2100.0,25,0,0,121.47,9,0,3200,"",0,0,0,0,0,0,1.000,7.20,8,true,3,0,3,2,1,0,0.000,0.667,"|||||crossing_pass||||||crossing_pass|||||||||detour||||",false,false,0,0
"Classic - Conservative","Classic","Conservative","CL-AMYBAR03",1543,26,"Boss Vote Failed - Game Over","boss_vote_failed",8,1,9,17,4,22400,true,false,2100.0,25,0,1,121.47,8,2900,3200,"",0,0,0,0,0,1,0.962,6.15,6,true,3,0,3,3,0,0,0.000,1.000,"||||||crossing_pass|||||crossing_pass|||||||repair||crossing_pass|||||",false,false,0,0
"Classic - Conservative","Classic","Conservative","CL-ANTIFA03",1544,25,"Boss Vote Failed - Game Over","boss_vote_failed",7,0,10,18,4,25400,true,false,2100.0,25,0,0,121.47,7,0,3200,"",0,0,0,0,0,0,1.000,5.60,6,true,3,0,3,2,1,0,0.000,0.667,"|||||detour||||||crossing_pass|||||||||crossing_pass||||",false,false,0,0
"Classic - Conservative","Classic","Conservative","CL-ANTIVAX03",1545,26,"Boss Vote Failed - Game Over","boss_vote_failed",8,0,10,18,3,24800,true,false,2100.0,25,0,1,121.47,8,0,3200,"",0,5,0,0,0,0,0.962,6.15,8,true,3,0,3,2,1,0,0.000,0.667,"|||||detour||||||crossing_pass|||||||||crossing_pass|||||",false,false,0,0
"Classic - Conservative","Classic","Conservative","CL-AOC03",1546,27,"Boss Vote Failed - Game Over","boss_vote_failed",9,0,9,18,4,24300,true,false,2100.0,25,1,1,116.80,9,0,3200,"",0,1,0,0,1,0,0.963,6.67,7,true,3,0,3,2,1,0,0.000,0.667,"||||||detour||camp||||crossing_pass|||||||||crossing_pass|||||",false,false,0,0
"Classic - Conservative","Classic","Conservative","CL-ASYLUM03",1547,25,"Victory - Boss Defeated","boss.victory",8,0,10,19,4,24800,true,true,2100.0,25,0,0,121.47,8,0,3200,"",0,0,0,0,0,0,1.000,6.40,8,true,3,0,3,3,0,0,0.000,1.000,"|||||crossing_pass||||||crossing_pass|||||||||crossing_pass||||",false,false,0,0
"Classic - Conservative","Classic","Conservative","CL-AUDITAZ03",1548,25,"Victory - Boss Defeated","boss.victory",8,0,10,18,4,24300,true,true,2100.0,25,0,0,121.47,8,0,3200,"",0,4,0,0,0,0,1.000,6.40,7,true,3,0,3,3,0,0,0.000,1.000,"|||||crossing_pass||||||crossing_pass|||||||||crossing_pass||||",false,false,0,0
"Classic - Conservative","Classic","Conservative","CL-AZAR03",1549,25,"Boss Vote Failed - Game Over","boss_vote_failed",9,0,9,20,4,24900,true,false,2100.0,25,0,0,121.47,9,0,3200,"book_panic",1,0,0,0,0,0,1.000,7.20,6,true,3,0,3,3,0,0,0.000,1.000,"|||||crossing_pass||||||crossing_pass|||||||||crossing_pass||||",false,false,0,0
"Classic - Conservative","Classic","Conservative","CL-BANHAM03",1550,25,"Victory - Boss Defeated","boss.victory",8,0,10,18,4,24400,true,true,2100.0,24,1,0,121.47,8,0,3200,"",0,0,0,0,0,0,1.000,6.40,6,true,3,0,3,2,1,0,0.000,0.667,"|||||crossing_pass||||||detour|||||||||crossing_pass||||",false,false,0,0
"Classic - Conservative","Classic","Conservative","CL-BANNON03",1551,26,"Victory - Boss Defeated","boss.victory",8,1,10,19,3,22200,true,true,2100.0,24,1,1,121.47,8,2600,3200,"",0,0,0,0,1,1,0.962,6.15,6,true,3,0,3,1,2,0,0.000,0.333,"|||||detour|||repair|||crossing_pass|||||||||detour||camp|||",false,false,0,0
"Classic - Conservative","Classic","Conservative","CL-BARR03",1552,26,"Boss Vote Failed - Game Over","boss_vote_failed",9,1,10,18,4,24400,true,false,2100.0,26,0,0,116.80,9,0,3200,"",0,0,0,0,1,1,1.000,6.92,7,true,3,0,3,3,0,0,0.000,1.000,"||||camp||crossing_pass||||repair||crossing_pass||||||||crossing_pass|||||",false,false,0,0
"Classic - Conservative","Classic","Conservative","CL-BARRON03",1553,26,"Victory - Boss Defeated","boss.victory",8,1,10,19,3,23700,true,true,2100.0,25,0,1,121.47,8,0,3200,"",0,6,0,0,0,1,0.962,6.15,6,true,3,0,3,2,1,0,0.000,0.667,"||||||crossing_pass|||||detour|||||||||crossing_pass|||repair||",false,false,1,0
"Classic - Conservative","Classic","Conservative","CL-BECK03",1554,26,"Victory - Boss Defeated","boss.victory",9,1,10,19,4,22300,true,true,2100.0,26,0,0,116.80,9,2600,3200,"",0,0,0,0,0,1,1.000,6.92,6,true,3,0,3,2,1,0,0.000,0.667,"||||||crossing_pass|||||detour||||||||repair||crossing_pass||||",false,false,0,0
"Classic - Conservative","Classic","Conservative","CL-BEDMIN03",1555,26,"Boss Vote Failed - Game Over","boss_vote_failed",10,0,10,20,3,24900,true,false,2100.0,23,2,1,121.47,10,0,3200,"",0,0,0,0,1,0,0.962,7.69,6,true,3,0,3,2,1,0,0.000,0.667,"||||||crossing_pass|||||crossing_pass|||||||||detour|||camp||",false,false,0,0
"Classic - Conservative","Classic","Conservative","CL-BENGHAZ03",1556,26,"Victory - Boss Defeated","boss.victory",8,0,9,18,4,23900,true,true,2100.0,26,0,0,116.80,8,0,3200,"",0,0,0,0,0,0,1.000,6.15,8,true,3,0,3,2,1,0,0.000,0.667,"||||||detour||||||crossing_pass||||||||crossing_pass|||||",false,false,0,0
"Classic - Conservative","Classic","Conservative","CL-BERNIE03",1557,25,"Boss Vote Failed - Game Over","boss_vote_failed",8,0,9,19,4,24500,true,false,2100.0,25,0,0,121.47,8,0,3200,"doe_eliminated",2,0,0,0,0,0,1.000,6.40,8,true,3,0,3,3,0,0,0.000,1.000,"|||||crossing_pass||||||crossing_pass|||||||||crossing_pass||||",false,false,0,0
"Classic - Conservative","Classic","Conservative","CL-BIDEN03",1558,25,"Boss Vote Failed - Game Over","boss_vote_failed",8,0,10,18,4,25400,true,false,2100.0,24,1,0,121.47,8,0,3200,"",0,0,0,0,0,0,1.000,6.40,6,true,3,0,3,2,1,0,0.000,0.667,"|||||detour||||||crossing_pass|||||||||crossing_pass||||",false,false,0,0
"Classic - Conservative","Classic","Conservative","CL-BIGLY03",1559,25,"Victory - Boss Defeated","boss.victory",7,0,9,17,4,25400,true,true,2100.0,25,0,0,121.47,7,0,3200,"",0,0,0,0,0,0,1.000,5.60,6,true,3,0,3,2,1,0,0.000,0.667,"|||||detour||||||crossing_pass|||||||||crossing_pass||||",false,false,0,0
"Classic - Conservative","Classic","Conservative","CL-BIGMAC03",1560,26,"Boss Vote Failed - Game Over","boss_vote_failed",8,1,10,18,3,24200,true,false,2100.0,25,0,1,121.47,8,0,3200,"",0,2,0,0,0,1,0.962,6.15,6,true,3,0,3,2,1,0,0.000,0.667,"|||||crossing_pass||||repair||detour|||||||||crossing_pass|||||",false,false,0,0
"Classic - Conservative","Classic","Conservative","CL-BLEACH03",1561,26,"Boss Vote Failed - Game Over","boss_vote_failed",9,0,10,18,3,24900,true,false,2100.0,25,0,1,121.47,9,0,3200,"",0,0,0,0,0,0,0.962,6.92,7,true,3,0,3,3,0,0,0.000,1.000,"||||||crossing_pass|||||crossing_pass|||||||||crossing_pass|||||",false,false,0,0
"Classic - Conservative","Classic","Conservative","CL-BLEXIT03",1562,25,"Boss Vote Failed - Game Over","boss_vote_failed",8,0,10,17,4,25400,true,false,2100.0,25,0,0,121.47,8,0,3200,"",0,0,0,0,0,0,1.000,6.40,7,true,3,0,3,3,0,0,0.000,1.000,"|||||crossing_pass||||||crossing_pass||||||||crossing_pass|||||",false,false,0,0
"Classic - Conservative","Classic","Conservative","CL-BLM03",1563,26,"Victory - Boss Defeated","boss.victory",8,0,9,18,4,24400,true,true,2100.0,24,1,1,121.47,8,0,3200,"",0,0,0,0,1,0,0.962,6.15,6,true,3,0,3,3,0,0,0.000,1.000,"|||||crossing_pass||||||crossing_pass|||||||||crossing_pass|||camp||",false,false,0,0
"Classic - Conservative","Classic","Conservative","CL-BOEBERT03",1564,25,"Boss Vote Failed - Game Over","boss_vote_failed",8,0,9,18,4,25400,true,false,2100.0,25,0,0,121.47,8,0,3200,"book_panic",1,0,0,0,0,0,1.000,6.40,6,true,3,0,3,3,0,0,0.000,1.000,"||||||crossing_pass|||||crossing_pass|||||||||crossing_pass||||",false,false,0,0
"Classic - Conservative","Classic","Conservative","CL-BOLTON03",1565,26,"Victory - Boss Defeated","boss.victory",8,0,10,18,3,24900,true,true,2100.0,24,1,1,121.47,8,0,3200,"",0,4,0,0,1,0,0.962,6.15,6,true,3,0,3,3,0,0,0.000,1.000,"|||||crossing_pass||||||crossing_pass|||||||||camp|crossing_pass||||",false,false,0,0
"Classic - Conservative","Classic","Conservative","CL-BONTA03",1566,25,"Victory - Boss Defeated","boss.victory",9,0,10,19,4,24700,true,true,2100.0,24,1,0,121.47,9,0,3200,"",0,3,0,0,0,0,1.000,7.20,5,true,3,0,3,3,0,0,0.000,1.000,"|||||crossing_pass||||||crossing_pass|||||||||crossing_pass||||",false,false,0,0
"Classic - Conservative","Classic","Conservative","CL-BORDER03",1567,25,"Boss Vote Failed - Game Over","boss_vote_failed",8,0,9,20,4,24300,true,false,2100.0,25,0,0,121.47,8,0,3200,"",0,0,0,0,0,0,1.000,6.40,8,true,3,0,3,2,1,0,0.000,0.667,"|||||crossing_pass||||||crossing_pass|||||||||detour||||",false,false,0,0
"Classic - Conservative","Classic","Conservative","CL-BOXES03",1568,26,"Boss Vote Failed - Game Over","boss_vote_failed",8,0,9,18,3,26200,true,false,2100.0,24,0,2,126.53,8,0,3200,"",0,0,0,0,1,0,0.923,6.15,6,true,3,0,3,3,0,0,0.000,1.000,"|||||crossing_pass||||||crossing_pass|||||||||crossing_pass||camp|||",false,false,0,0
"Classic - Conservative","Classic","Conservative","CL-BREIT03",1569,27,"Boss Vote Failed - Game Over","boss_vote_failed",8,2,10,18,4,17600,true,false,2100.0,25,1,1,116.80,8,5800,3200,"",0,4,0,0,0,2,0.963,5.93,7,true,3,0,3,2,1,0,0.000,0.667,"|||||crossing_pass|repair||||||detour|||||||||repair;crossing_pass|||||",false,false,0,0
"Classic - Conservative","Classic","Conservative","CL-BUNKER03",1570,25,"Boss Vote Failed - Game Over","boss_vote_failed",8,0,9,20,4,24900,true,false,2100.0,25,0,0,121.47,8,0,3200,"",0,4,0,0,1,0,1.000,6.40,6,true,3,0,3,3,0,0,0.000,1.000,"|||||crossing_pass||||||crossing_pass|||camp||||||crossing_pass||||",false,false,0,0
"Classic - Conservative","Classic","Conservative","CL-BUTLER03",1571,26,"Boss Vote Failed - Game Over","boss_vote_failed",7,1,9,18,4,22300,true,false,2100.0,25,0,1,121.47,7,2600,3200,"",0,0,0,0,0,1,0.962,5.38,7,true,3,0,3,3,0,0,0.000,1.000,"||||||crossing_pass|||||crossing_pass|||||||||crossing_pass||||repair|",false,false,2,0
"Classic - Conservative","Classic","Conservative","CL-CANNON03",1572,25,"Boss Vote Failed - Game Over","boss_vote_failed",8,0,10,18,4,25000,true,false,2100.0,24,1,0,121.47,8,0,3200,"",0,0,0,0,0,0,1.000,6.40,8,true,3,0,3,3,0,0,0.000,1.000,"||||||crossing_pass|||||crossing_pass|||||||||crossing_pass||||",false,false,0,0
"Classic - Conservative","Classic","Conservative","CL-CAPRIOT03",1573,25,"Boss Vote Failed - Game Over","boss_vote_failed",7,1,9,20,4,22900,true,false,2100.0,25,0,0,121.47,7,0,3200,"",0,0,1,0,0,1,1.000,5.60,7,true,3,0,3,2,1,0,0.000,0.667,"|||repair||crossing_pass||||||crossing_pass||||||||detour|||||",false,false,0,0
"Classic - Conservative","Classic","Conservative","CL-CARAVAN03",1574,26,"Boss Vote Failed - Game Over","boss_vote_failed",9,0,9,18,3,25900,true,false,2100.0,24,0,2,126.53,9,0,3200,"",0,0,0,0,1,0,0.923,6.92,6,true,3,0,3,3,0,0,0.000,1.000,"|||||crossing_pass||||||crossing_pass||||||camp|||crossing_pass|||||",false,false,0,0
"Classic - Conservative","Classic","Conservative","CL-CARSON03",1575,26,"Victory - Boss Defeated","boss.victory",8,0,10,16,4,24900,true,true,2100.0,25,1,0,116.80,8,0,3200,"",0,0,0,0,1,0,1.000,6.15,8,true,3,0,3,2,1,0,0.000,0.667,"|||||crossing_pass||||||crossing_pass|||||||||detour||||camp|",false,false,0,0
"Classic - Conservative","Classic","Conservative","CL-CHEETO03",1576,25,"Boss Vote Failed - Game Over","boss_vote_failed",8,1,10,18,4,24100,true,false,2100.0,24,1,0,121.47,8,0,3200,"",0,0,0,0,0,1,1.000,6.40,6,true,3,0,3,3,0,0,0.000,1.000,"|||||crossing_pass||||||crossing_pass||||||repair|||crossing_pass||||",false,false,0,0
"Classic - Conservative","Classic","Conservative","CL-CHENEY03",1577,25,"Boss Vote Failed - Game Over","boss_vote_failed",8,0,9,19,4,25400,true,false,2100.0,24,1,0,121.47,8,0,3200,"",0,6,0,0,0,0,1.000,6.40,7,true,3,0,3,3,0,0,0.000,1.000,"|||||crossing_pass||||||crossing_pass|||||||||crossing_pass||||",false,false,0,0
"Classic - Conservative","Classic","Conservative","CL-CHESBRO03",1578,25,"Boss Vote Failed - Game Over","boss_vote_failed",9,0,10,20,4,24400,true,false,2100.0,25,0,0,121.47,9,0,3200,"",0,0,0,0,0,0,1.000,7.20,6,true,3,0,3,3,0,0,0.000,1.000,"|||||crossing_pass||||||crossing_pass|||||||||crossing_pass||||",false,false,0,0
"Classic - Conservative","Classic","Conservative","CL-CHINAV03",1579,26,"Boss Vote Failed - Game Over","boss_vote_failed",9,1,10,20,4,25300,true,false,2100.0,25,0,1,121.47,9,0,3200,"",0,1,0,0,1,1,0.962,6.92,5,true,3,0,3,2,1,0,0.000,0.667,"|||||detour|||||repair|crossing_pass|||camp|||||||crossing_pass||||",false,false,0,0
"Classic - Conservative","Classic","Conservative","CL-CLIMATE03",1580,26,"Boss Vote Failed - Game Over","boss_vote_failed",7,1,10,18,4,24900,true,false,2100.0,26,0,0,116.80,7,0,3200,"",0,7,0,0,0,1,1.000,5.38,7,true,3,0,3,2,1,0,0.000,0.667,"||||||detour|||||crossing_pass||||repair|||||crossing_pass|||||",false,false,0,0
"Classic - Conservative","Classic","Conservative","CL-CLOWN03",1581,25,"Boss Vote Failed - Game Over","boss_vote_failed",8,0,9,19,4,25900,true,false,2100.0,25,0,0,121.47,8,0,3200,"",0,0,0,0,0,0,1.000,6.40,7,true,3,0,3,3,0,0,0.000,1.000,"|||||crossing_pass||||||crossing_pass|||||||||crossing_pass||||",false,false,0,0
"Classic - Conservative","Classic","Conservative","CL-COAL03",1582,25,"Boss Vote Failed - Game Over","boss_vote_failed",8,1,9,19,4,22900,true,false,2100.0,25,0,0,121.47,8,0,3200,"",0,0,0,0,0,1,1.000,6.40,7,true,3,0,3,3,0,0,0.000,1.000,"|||||crossing_pass||||||crossing_pass;repair|||||||||crossing_pass||||",false,false,0,0
"Classic - Conservative","Classic","Conservative","CL-COATS03",1583,26,"Victory - Boss Defeated","boss.victory",9,0,10,20,3,24400,true,true,2100.0,25,0,1,121.47,9,0,3200,"",0,0,0,0,0,0,0.962,6.92,7,true,3,0,3,2,1,0,0.000,0.667,"|||||detour|||||||crossing_pass||||||||crossing_pass|||||",false,false,0,0
"Classic - Conservative","Classic","Conservative","CL-COHEN03",1584,26,"Victory - Boss Defeated","boss.victory",8,0,9,19,4,24900,true,true,2100.0,24,1,1,121.47,8,0,3200,"",0,8,0,0,1,0,0.962,6.15,6,true,3,0,3,2,1,0,0.000,0.667,"|||||detour||||||crossing_pass||||||||crossing_pass|||camp|||",false,false,0,0
"Classic - Conservative","Classic","Conservative","CL-COLLUSN03",1585,25,"Boss Vote Failed - Game Over","boss_vote_failed",8,0,9,18,4,25400,true,false,2100.0,24,1,0,121.47,8,0,3200,"",0,0,0,0,0,0,1.000,6.40,6,true,3,0,3,2,1,0,0.000,0.667,"|||||detour||||||crossing_pass|||||||||crossing_pass||||",false,false,0,0
"Classic - Conservative","Classic","Conservative","CL-CONWAY03",1586,26,"Boss Vote Failed - Game Over","boss_vote_failed",9,1,10,18,4,25400,true,false,2100.0,25,0,1,121.47,9,0,3200,"",0,3,0,0,0,1,0.962,6.92,6,true,3,0,3,2,1,0,0.000,0.667,"|||repair||crossing_pass||||||detour|||||||||crossing_pass|||||",false,false,0,0
"Classic - Resource Manager","Classic","Resource Manager","CL-ORANGE02",1337,23,"Victory - Boss Defeated","boss.victory",8,2,10,18,3,20800,true,true,2100.0,21,1,1,132.77,8,0,3500,"",0,3,0,0,1,2,0.957,6.96,5,true,3,0,3,3,0,0,0.000,1.000,"|||repair||repair;crossing_pass|||||crossing_pass|||||||camp|crossing_pass||||",false,false,0,0
"Classic - Resource Manager","Classic","Resource Manager","CL-ORANGE02",1338,22,"Boss Vote Failed - Game Over","boss_vote_failed",6,1,10,18,4,22700,true,false,2100.0,22,0,0,132.77,6,0,3500,"",0,2,0,0,0,1,1.000,5.45,6,true,3,0,3,3,0,0,0.000,1.000,"|repair||||crossing_pass|||||crossing_pass|||||||crossing_pass||||",false,false,0,0
"Classic - Resource Manager","Classic","Resource Manager","CL-ORANGE02",1339,23,"Victory - Boss Defeated","boss.victory",6,0,10,19,4,25100,true,true,2100.0,22,1,0,127.00,6,0,3500,"",0,5,0,0,1,0,1.000,5.22,5,true,3,0,3,2,1,0,0.000,0.667,"|||||detour|||||crossing_pass|||||camp|||crossing_pass||||",false,false,0,0
"Classic - Resource Manager","Classic","Resource Manager","CL-ORANGE02",1340,22,"Victory - Boss Defeated","boss.victory",7,0,10,18,4,25300,true,true,2100.0,22,0,0,132.77,7,0,3500,"",0,0,0,0,0,0,1.000,6.36,6,true,3,0,3,3,0,0,0.000,1.000,"||||crossing_pass|||||crossing_pass||||||||crossing_pass||||",false,false,0,0
"Classic - Resource Manager","Classic","Resource Manager","CL-ORANGE02",1341,23,"Victory - Boss Defeated","boss.victory",8,1,10,17,3,22200,true,true,2100.0,23,0,0,127.00,8,0,3500,"",0,0,0,0,0,1,1.000,6.96,5,true,3,0,3,3,0,0,0.000,1.000,"|||||crossing_pass|||||crossing_pass|||||||crossing_pass||repair|||",false,false,0,0
"Classic - Resource Manager","Classic","Resource Manager","CL-ORANGE02",1342,22,"Boss Vote Failed - Game Over","boss_vote_failed",7,0,10,19,4,25800,true,false,2100.0,21,1,0,132.77,7,0,3500,"",0,0,0,0,0,0,1.000,6.36,6,true,3,0,3,2,1,0,0.000,0.667,"|||||crossing_pass|||||detour|||||||crossing_pass||||",false,false,0,0
"Classic - Resource Manager","Classic","Resource Manager","CL-ORANGE02",1343,23,"Boss Vote Failed - Game Over","boss_vote_failed",7,1,10,17,4,21900,true,false,2100.0,22,0,1,132.77,7,2700,3500,"",0,0,0,0,0,1,0.957,6.09,6,true,3,0,3,3,0,0,0.000,1.000,"|||repair||crossing_pass|||||crossing_pass|||||||crossing_pass|||||",false,false,0,0
"Classic - Resource Manager","Classic","Resource Manager","CL-ORANGE02",1344,23,"Boss Vote Failed - Game Over","boss_vote_failed",7,0,10,18,4,25100,true,false,2100.0,23,0,0,127.00,7,0,3500,"",0,0,0,0,0,0,1.000,6.09,6,true,3,0,3,0,3,0,0.000,0.000,"|||||detour|||||detour|||||||detour|||||",false,false,0,0
"Classic - Resource Manager","Classic","Resource Manager","CL-ORANGE02",1345,23,"Boss Vote Failed - Game Over","boss_vote_failed",6,0,10,18,4,24200,true,false,2100.0,22,1,0,127.00,6,0,3500,"",0,7,0,0,1,0,1.000,5.22,6,true,3,0,3,3,0,0,0.000,1.000,"||||crossing_pass|||||crossing_pass||||||||camp|crossing_pass||||",false,false,0,0
"Classic - Resource Manager","Classic","Resource Manager","CL-ORANGE02",1346,22,"Boss Vote Failed - Game Over","boss_vote_failed",7,1,10,20,4,22800,true,false,2100.0,22,0,0,132.77,7,0,3500,"",0,0,0,0,0,1,1.000,6.36,6,true,3,0,3,3,0,0,0.000,1.000,"|||||crossing_pass|||||crossing_pass|||||||crossing_pass||repair||",false,false,0,0
"Classic - Resource Manager","Classic","Resource Manager","CL-ORANGE02",1347,24,"Boss Vote Failed - Game Over","boss_vote_failed",8,1,8,16,4,23800,true,false,2100.0,22,0,2,132.77,8,0,3500,"shutdown",1,0,0,0,1,1,0.917,6.67,5,true,3,0,3,2,1,0,0.000,0.667,"repair|||||crossing_pass|||||crossing_pass||||||||detour||camp|||",false,false,0,0
"Classic - Resource Manager","Classic","Resource Manager","CL-ORANGE02",1348,23,"Victory - Boss Defeated","boss.victory",7,1,9,19,3,22200,true,true,2100.0,22,0,1,132.77,7,3100,3500,"travel_ban_lite",1,0,0,0,0,1,0.957,6.09,6,true,3,0,3,2,1,0,0.000,0.667,"||||crossing_pass|||||detour||||||repair||crossing_pass|||||",false,false,0,0
"Classic - Resource Manager","Classic","Resource Manager","CL-ORANGE02",1349,22,"Boss Vote Failed - Game Over","boss_vote_failed",8,0,10,20,4,23300,true,false,2100.0,21,1,0,132.77,8,0,3500,"",0,0,0,0,0,0,1.000,7.27,6,true,3,0,3,3,0,0,0.000,1.000,"||||crossing_pass||||||crossing_pass|||||||crossing_pass||||",false,false,0,0
"Classic - Resource Manager","Classic","Resource Manager","CL-ORANGE02",1350,22,"Boss Vote Failed - Game Over","boss_vote_failed",8,0,9,18,4,25800,true,false,2100.0,22,0,0,132.77,8,0,3500,"",0,0,0,0,0,0,1.000,7.27,5,true,3,0,3,3,0,0,0.000,1.000,"|||||crossing_pass|||||crossing_pass|||||||crossing_pass||||",false,false,0,0
"Classic - Resource Manager","Classic","Resource Manager","CL-ORANGE02",1351,23,"Victory - Boss Defeated","boss.victory",6,1,10,18,3,22700,true,true,2100.0,21,0,2,139.10,6,3100,3500,"",0,5,0,0,2,1,0.913,5.22,6,true,3,0,3,3,0,0,0.000,1.000,"|||||crossing_pass|repair||||crossing_pass|||camp||||crossing_pass|camp||||",false,false,0,0
"Classic - Resource Manager","Classic","Resource Manager","CL-ORANGE02",1352,22,"Boss Vote Failed - Game Over","boss_vote_failed",8,0,9,18,4,25800,true,false,2100.0,21,1,0,132.77,8,0,3500,"doe_eliminated",2,0,0,0,0,0,1.000,7.27,5,true,3,0,3,3,0,0,0.000,1.000,"|||||crossing_pass|||||crossing_pass|||||||crossing_pass||||",false,false,0,0
"Classic - Resource Manager","Classic","Resource Manager","CL-ORANGE02",1353,23,"Boss Vote Failed - Game Over","boss_vote_failed",6,0,10,18,3,25800,true,false,2100.0,21,1,1,132.77,6,0,3500,"",0,0,0,0,1,0,0.957,5.22,6,true,3,0,3,3,0,0,0.000,1.000,"||||crossing_pass|||||crossing_pass||||||||camp|crossing_pass||||",false,false,0,0
"Classic - Resource Manager","Classic","Resource Manager","CL-ORANGE02",1354,22,"Victory - Boss Defeated","boss.victory",7,0,8,18,4,26300,true,true,2100.0,22,0,0,132.77,7,0,3500,"",0,0,0,0,0,0,1.000,6.36,6,true,3,0,3,2,1,0,0.000,0.667,"|||||detour|||||crossing_pass|||||||crossing_pass||||",false,false,0,0
"Classic - Resource Manager","Classic","Resource Manager","CL-ORANGE02",1355,23,"Boss Vote Failed - Game Over","boss_vote_failed",6,2,10,19,4,20500,true,false,2100.0,22,0,1,132.77,6,0,3500,"",0,0,0,0,0,2,0.957,5.22,5,true,3,0,3,3,0,0,0.000,1.000,"||||crossing_pass|||||crossing_pass||||||repair||repair;crossing_pass|||||",false,false,0,0
"Classic - Resource Manager","Classic","Resource Manager","CL-ORANGE02",1356,22,"Victory - Boss Defeated","boss.victory",7,0,9,18,4,25800,true,true,2100.0,22,0,0,132.77,7,0,3500,"",0,4,0,0,0,0,1.000,6.36,6,true,3,0,3,2,1,0,0.000,0.667,"||||crossing_pass||||||detour|||||||crossing_pass||||",false,false,0,0
"Classic - Resource Manager","Classic","Resource Manager","CL-ORANGE02",1357,22,"Boss Vote Failed - Game Over","boss_vote_failed",7,0,10,18,4,24800,true,false,2100.0,22,0,0,132.77,7,0,3500,"",0,0,0,0,0,0,1.000,6.36,6,true,3,0,3,2,1,0,0.000,0.667,"||||crossing_pass||||||detour|||||||crossing_pass||||",false,false,0,0
"Classic - Resource Manager","Classic","Resource Manager","CL-ORANGE02",1358,22,"Boss Vote Failed - Game Over","boss_vote_failed",7,0,10,18,4,25100,true,false,2100.0,21,1,0,132.77,7,0,3500,"",0,3,0,0,0,0,1.000,6.36,6,true,3,0,3,3,0,0,0.000,1.000,"|||||crossing_pass|||||crossing_pass|||||||crossing_pass||||",false,false,0,0
"Classic - Resource Manager","Classic","Resource Manager","CL-ORANGE02",1359,24,"Boss Vote Failed - Game Over","boss_vote_failed",7,1,10,19,3,21800,true,false,2100.0,22,0,2,132.77,7,0,3500,"",0,8,0,0,1,1,0.917,5.83,6,true,3,0,3,2,1,0,0.000,0.667,"|||repair||detour|||||crossing_pass||||||||crossing_pass|||camp||",false,false,0,0
"Classic - Resource Manager","Classic","Resource Manager","CL-ORANGE02",1360,23,"Boss Vote Failed - Game Over","boss_vote_failed",7,0,10,20,3,25600,true,false,2100.0,22,0,1,132.77,7,0,3500,"",0,3,0,0,0,0,0.957,6.09,6,true,3,0,3,2,1,0,0.000,0.667,"|||||crossing_pass|||||detour|||||||crossing_pass|||||",false,false,0,0
"Classic - Resource Manager","Classic","Resource Manager","CL-ORANGE02",1361,23,"Victory - Boss Defeated","boss.victory",7,1,9,19,3,21200,true,true,2100.0,20,2,1,132.77,7,3100,3500,"",0,6,0,0,0,1,0.957,6.09,5,true,3,0,3,3,0,0,0.000,1.000,"|||||crossing_pass|||||crossing_pass|||||||crossing_pass||repair|||",false,false,0,0
"Classic - Resource Manager","Classic","Resource Manager","CL-ORANGE02",1362,22,"Boss Vote Failed - Game Over","boss_vote_failed",7,0,9,18,4,25300,true,false,2100.0,22,0,0,132.77,7,0,3500,"",0,0,0,0,0,0,1.000,6.36,5,true,3,0,3,2,1,0,0.000,0.667,"||||detour||||||crossing_pass|||||||crossing_pass||||",false,false,0,0
"Classic - Resource Manager","Classic","Resource Manager","CL-ORANGE02",1363,22,"Boss Vote Failed - Game Over","boss_vote_failed",7,1,10,18,4,22100,true,false,2100.0,22,0,0,132.77,7,2700,3500,"",0,0,0,0,0,1,1.000,6.36,6,true,3,0,3,3,0,0,0.000,1.000,"||||crossing_pass|||||crossing_pass|||||repair|||crossing_pass||||",false,false,0,0
"Classic - Resource Manager","Classic","Resource Manager","CL-ORANGE02",1364,23,"Victory - Boss Defeated","boss.victory",7,0,10,18,3,23800,true,true,2100.0,22,0,1,132.77,7,0,3500,"",0,0,0,0,0,0,0.957,6.09,6,true,3,0,3,2,1,0,0.000,0.667,"|||||crossing_pass|||||detour||||||||crossing_pass||||",false,false,0,0
"Classic - Resource Manager","Classic","Resource Manager","CL-ORANGE02",1365,23,"Victory - Boss Defeated","boss.victory",6,1,10,19,4,22500,true,true,2100.0,21,0,2,139.10,6,2700,3500,"",0,6,0,0,0,1,0.913,5.22,5,true,3,0,3,2,1,0,0.000,0.667,"||||repair|crossing_pass|||||detour|||||||crossing_pass|||||",false,false,0,0
"Classic - Resource Manager","Classic","Resource Manager","CL-ORANGE02",1366,22,"Victory - Boss Defeated","boss.victory",7,0,9,20,4,24800,true,true,2100.0,22,0,0,132.77,7,0,3500,"",0,0,0,0,0,0,1.000,6.36,6,true,3,0,3,3,0,0,0.000,1.000,"|||||crossing_pass|||||crossing_pass|||||||crossing_pass||||",false,false,0,0
"Classic - Resource Manager","Classic","Resource Manager","CL-ORANGE02",1367,22,"Boss Vote Failed - Game Over","boss_vote_failed",8,0,10,19,4,26500,true,false,2100.0,21,1,0,132.77,8,0,3500,"",0,0,0,0,0,0,1.000,7.27,5,true,3,0,3,3,0,0,0.000,1.000,"|||||crossing_pass||||crossing_pass||||||||crossing_pass||||",false,false,0,0
"Classic - Resource Manager","Classic","Resource Manager","CL-ORANGE02",1368,23,"Boss Vote Failed - Game Over","boss_vote_failed",8,0,10,19,4,23600,true,false,2100.0,22,1,0,127.00,8,0,3500,"",0,6,0,0,1,0,1.000,6.96,6,true,3,0,3,2,1,0,0.000,0.667,"|||||crossing_pass|||||detour|||||||camp|crossing_pass||||",false,false,0,0
"Classic - Resource Manager","Classic","Resource Manager","CL-ORANGE02",1369,22,"Victory - Boss Defeated","boss.victory",7,0,10,20,4,24700,true,true,2100.0,22,0,0,132.77,7,0,3500,"",0,0,0,0,0,0,1.000,6.36,6,true,3,0,3,2,1,0,0.000,0.667,"||||detour||||||crossing_pass|||||||crossing_pass||||",false,false,0,0
"Classic - Resource Manager","Classic","Resource Manager","CL-ORANGE02",1370,22,"Boss Vote Failed - Game Over","boss_vote_failed",6,0,10,19,4,24800,true,false,2100.0,22,0,0,132.77,6,0,3500,"",0,0,0,1,0,0,1.000,5.45,6,true,3,0,3,3,0,0,0.000,1.000,"||||crossing_pass|||||crossing_pass||||||||crossing_pass||||",false,false,0,0
"Classic - Resource Manager","Classic","Resource Manager","CL-ORANGE02",1371,23,"Boss Vote Failed - Game Over","boss_vote_failed",8,0,9,16,4,25800,true,false,2100.0,21,1,1,132.77,8,0,3500,"",0,6,0,0,1,0,0.957,6.96,6,true,3,0,3,3,0,0,0.000,1.000,"||||crossing_pass||||||crossing_pass|||||||crossing_pass|camp||||",false,false,0,0
"Classic - Resource Manager","Classic","Resource Manager","CL-ORANGE02",1372,22,"Boss Vote Failed - Game Over","boss_vote_failed",8,0,9,19,4,23100,true,false,2100.0,22,0,0,132.77,8,0,3500,"",0,0,0,0,0,0,1.000,7.27,6,true,3,0,3,3,0,0,0.000,1.000,"|||||crossing_pass|||||crossing_pass|||||||crossing_pass||||",false,false,0,0
"Classic - Resource Manager","Classic","Resource Manager","CL-ORANGE02",1373,22,"Victory - Boss Defeated","boss.victory",7,0,10,20,4,24300,true,true,2100.0,22,0,0,132.77,7,0,3500,"",0,0,0,0,0,0,1.000,6.36,6,true,3,0,3,2,1,0,0.000,0.667,"||||crossing_pass|||||crossing_pass||||||||detour||||",false,false,0,0
"Classic - Resource Manager","Classic","Resource Manager","CL-ORANGE02",1374,23,"Boss Vote Failed - Game Over","boss_vote_failed",7,0,10,20,4,25200,true,false,2100.0,22,0,1,132.77,7,0,3500,"",0,0,0,0,1,0,0.957,6.09,6,true,3,0,3,2,1,0,0.000,0.667,"||||crossing_pass|||||detour||||||||camp|crossing_pass||||",false,false,0,0
"Classic - Resource Manager","Classic","Resource Manager","CL-ORANGE02",1375,23,"Boss Vote Failed - Game Over","boss_vote_failed",7,0,9,18,4,24300,true,false,2100.0,21,2,0,127.00,7,0,3500,"",0,1,0,1,1,0,1.000,6.09,6,true,3,0,3,2,1,0,0.000,0.667,"|||||crossing_pass|||||detour|||camp|||||crossing_pass||||",false,false,0,0
"Classic - Resource Manager","Classic","Resource Manager","CL-ORANGE02",1376,22,"Victory - Boss Defeated","boss.victory",7,0,9,18,4,25300,true,true,2100.0,21,1,0,132.77,7,0,3500,"",0,4,0,0,0,0,1.000,6.36,6,true,3,0,3,3,0,0,0.000,1.000,"|||||crossing_pass|||||crossing_pass|||||||crossing_pass||||",false,false,0,0
"Classic - Resource Manager","Classic","Resource Manager","CL-ORANGE02",1377,23,"Victory - Boss Defeated","boss.victory",8,0,10,17,4,24100,true,true,2100.0,23,0,0,127.00,8,0,3500,"",0,0,0,0,0,0,1.000,6.96,6,true,3,0,3,3,0,0,0.000,1.000,"|||||crossing_pass|||||crossing_pass||||||||crossing_pass||||",false,false,0,0
"Classic - Resource Manager","Classic","Resource Manager","CL-ORANGE02",1378,22,"Boss Vote Failed - Game Over","boss_vote_failed",7,0,9,18,4,24700,true,false,2100.0,21,1,0,132.77,7,0,3500,"",0,4,0,0,0,0,1.000,6.36,7,true,3,0,3,3,0,0,0.000,1.000,"||||crossing_pass||||||crossing_pass|||||||crossing_pass||||",false,false,0,0
"Classic - Resource Manager","Classic","Resource Manager","CL-ORANGE02",1379,22,"Boss Vote Failed - Game Over","boss_vote_failed",6,1,10,18,4,21200,true,false,2100.0,22,0,0,132.77,6,3100,3500,"",0,0,0,0,0,1,1.000,5.45,6,true,3,0,3,3,0,0,0.000,1.000,"repair|||||crossing_pass|||||crossing_pass|||||||crossing_pass||||",false,false,0,0
"Classic - Resource Manager","Classic","Resource Manager","CL-ORANGE02",1380,22,"Boss Vote Failed - Game Over","boss_vote_failed",7,0,9,18,4,27100,true,false,2100.0,22,0,0,132.77,7,0,3500,"",0,0,0,0,0,0,1.000,6.36,6,true,3,0,3,3,0,0,0.000,1.000,"|||||crossing_pass|||||crossing_pass|||||||crossing_pass||||",false,false,0,0
"Classic - Resource Manager","Classic","Resource Manager","CL-ORANGE02",1381,23,"Victory - Boss Defeated","boss.victory",7,0,10,15,4,23800,true,true,2100.0,23,0,0,127.00,7,0,3500,"",0,0,0,1,1,0,1.000,6.09,5,true,3,0,3,3,0,0,0.000,1.000,"|||||crossing_pass|||||crossing_pass;camp||||||||crossing_pass||||",false,false,0,0
"Classic - Resource Manager","Classic","Resource Manager","CL-ORANGE02",1382,22,"Boss Vote Failed - Game Over","boss_vote_failed",7,0,10,20,4,25100,true,false,2100.0,21,1,0,132.77,7,0,3500,"",0,0,0,0,0,0,1.000,6.36,6,true,3,0,3,3,0,0,0.000,1.000,"|||||crossing_pass|||||crossing_pass|||||||crossing_pass||||",false,false,0,0
"Classic - Resource Manager","Classic","Resource Manager","CL-ORANGE02",1383,22,"Boss Vote Failed - Game Over","boss_vote_failed",7,0,10,18,4,25200,true,false,2100.0,22,0,0,132.77,7,0,3500,"",0,0,0,0,0,0,1.000,6.36,5,true,3,0,3,2,1,0,0.000,0.667,"|||||crossing_pass|||||detour|||||||crossing_pass||||",false,false,0,0
"Classic - Resource Manager","Classic","Resource Manager","CL-ORANGE02",1384,23,"Boss Vote Failed - Game Over","boss_vote_failed",7,0,10,18,4,25600,true,false,2100.0,22,0,1,132.77,7,0,3500,"",0,0,0,0,1,0,0.957,6.09,6,true,3,0,3,2,1,0,0.000,0.667,"|||||crossing_pass|||||detour|||||camp|||crossing_pass||||",false,false,0,0
"Classic - Resource Manager","Classic","Resource Manager","CL-ORANGE02",1385,22,"Victory - Boss Defeated","boss.victory",7,0,9,20,4,24800,true,true,2100.0,22,0,0,132.77,7,0,3500,"",0,0,0,0,0,0,1.000,6.36,7,true,3,0,3,3,0,0,0.000,1.000,"||||crossing_pass|||||crossing_pass||||||||crossing_pass||||",false,false,0,0
"Classic - Resource Manager","Classic","Resource Manager","CL-ORANGE02",1386,22,"Boss Vote Failed - Game Over","boss_vote_failed",7,0,9,18,4,25700,true,false,2100.0,22,0,0,132.77,7,0,3500,"book_panic",1,0,0,0,0,0,1.000,6.36,5,true,3,0,3,1,2,0,0.000,0.333,"|||||detour|||||crossing_pass|||||||detour||||",false,false,0,0
"Classic - Resource Manager","Classic","Resource Manager","CL-ORANGE02",1387,23,"Boss Vote Failed - Game Over","boss_vote_failed",8,0,10,18,3,23800,true,false,2100.0,19,2,2,139.10,8,0,3500,"",0,5,0,0,1,0,0.913,6.96,6,true,3,0,3,3,0,0,0.000,1.000,"||||crossing_pass|||||crossing_pass||||||||crossing_pass|camp||||",false,false,0,0
"Classic - Resource Manager","Classic","Resource Manager","CL-ORANGE02",1388,22,"Boss Vote Failed - Game Over","boss_vote_failed",6,0,9,20,4,25100,true,false,2100.0,22,0,0,132.77,6,0,3500,"",0,2,0,0,0,0,1.000,5.45,6,true,3,0,3,3,0,0,0.000,1.000,"|||||crossing_pass|||||crossing_pass|||||||crossing_pass||||",false,false,0,0
"Classic - Resource Manager","Classic","Resource Manager","CL-ORANGE02",1389,22,"Victory - Boss Defeated","boss.victory",7,0,10,18,4,24800,true,true,2100.0,22,0,0,132.77,7,0,3500,"",0,0,0,0,0,0,1.000,6.36,5,true,3,0,3,3,0,0,0.000,1.000,"|||||crossing_pass|||||crossing_pass|||||||crossing_pass||||",false,false,0,0
"Classic - Resource Manager","Classic","Resource Manager","CL-ORANGE02",1390,23,"Boss Vote Failed - Game Over","boss_vote_failed",7,0,10,20,4,24800,true,false,2100.0,22,1,0,127.00,7,0,3500,"",0,0,0,0,1,0,1.000,6.09,6,true,3,0,3,2,1,0,0.000,0.667,"camp|||||crossing_pass|||||detour||||||||crossing_pass||||",false,false,0,0
"Classic - Resource Manager","Classic","Resource Manager","CL-ORANGE02",1391,23,"Boss Vote Failed - Game Over","boss_vote_failed",9,0,10,20,4,24100,true,false,2100.0,22,1,0,127.00,9,0,3500,"",0,0,0,0,1,0,1.000,7.83,6,true,3,0,3,2,1,0,0.000,0.667,"|||||crossing_pass;camp|||||detour||||||||crossing_pass||||",false,false,0,0
"Classic - Resource Manager","Classic","Resource Manager","CL-ORANGE02",1392,23,"Boss Vote Failed - Game Over","boss_vote_failed",6,1,9,18,4,22300,true,false,2100.0,22,0,1,132.77,6,0,3500,"",0,0,0,0,0,1,0.957,5.22,6,true,3,0,3,3,0,0,0.000,1.000,"|||||crossing_pass|||||crossing_pass|||||||repair;crossing_pass|||||",false,false,0,0
"Classic - Resource Manager","Classic","Resource Manager","CL-ORANGE02",1393,23,"Boss Vote Failed - Game Over","boss_vote_failed",8,0,10,18,4,24700,true,false,2100.0,22,1,0,127.00,8,0,3500,"",0,2,0,0,1,0,1.000,6.96,5,true,3,0,3,1,2,0,0.000,0.333,"|||||crossing_pass|camp||||detour|||||||detour|||||",false,false,0,0
"Classic - Resource Manager","Classic","Resource Manager","CL-ORANGE02",1394,22,"Boss Vote Failed - Game Over","boss_vote_failed",7,0,10,20,4,25100,true,false,2100.0,21,1,0,132.77,7,0,3500,"",0,0,0,0,0,0,1.000,6.36,6,true,3,0,3,2,1,0,0.000,0.667,"|||||crossing_pass||||detour||||||||crossing_pass||||",false,false,0,0
"Classic - Resource Manager","Classic","Resource Manager","CL-ORANGE02",1395,22,"Victory - Boss Defeated","boss.victory",6,0,10,18,4,24800,true,true,2100.0,22,0,0,132.77,6,0,3500,"",0,5,0,0,0,0,1.000,5.45,6,true,3,0,3,1,2,0,0.000,0.333,"||||detour||||||detour|||||||crossing_pass||||",false,false,0,0
"Classic - Resource Manager","Classic","Resource Manager","CL-ORANGE02",1396,22,"Boss Vote Failed - Game Over","boss_vote_failed",7,0,10,20,4,24800,true,false,2100.0,22,0,0,132.77,7,0,3500,"",0,0,0,0,0,0,1.000,6.36,6,true,3,0,3,3,0,0,0.000,1.000,"||||crossing_pass||||||crossing_pass|||||||crossing_pass||||",false,false,0,0
"Classic - Resource Manager","Classic","Resource Manager","CL-ORANGE02",1397,23,"Boss Vote Failed - Game Over","boss_vote_failed",7,1,10,19,4,21100,true,false,2100.0,22,0,1,132.77,7,2700,3500,"",0,4,0,1,0,1,0.957,6.09,6,true,3,0,3,3,0,0,0.000,1.000,"|||||crossing_pass|||||crossing_pass||||repair|||crossing_pass|||||",false,false,0,0
"Classic - Resource Manager","Classic","Resource Manager","CL-ORANGE02",1398,23,"Victory - Boss Defeated","boss.victory",6,1,10,18,4,22100,true,true,2100.0,22,0,1,132.77,6,0,3500,"",0,0,0,0,1,1,0.957,5.22,6,true,3,0,3,2,1,0,0.000,0.667,"||||crossing_pass|||||detour|||||||repair|camp|crossing_pass||||",false,false,0,0
"Classic - Resource Manager","Classic","Resource Manager","CL-ORANGE02",1399,23,"Boss Vote Failed - Game Over","boss_vote_failed",6,0,9,18,3,26100,true,false,2100.0,21,0,2,139.10,6,0,3500,"",0,6,0,0,1,0,0.913,5.22,6,true,3,0,3,3,0,0,0.000,1.000,"|||||crossing_pass|||||crossing_pass|||||||crossing_pass|||camp||",false,false,0,0
"Classic - Resource Manager","Classic","Resource Manager","CL-ORANGE02",1400,22,"Boss Vote Failed - Game Over","boss_vote_failed",7,1,8,19,4,24100,true,false,2100.0,21,1,0,132.77,7,0,3500,"",0,8,0,0,0,1,1.000,6.36,6,true,3,0,3,3,0,0,0.000,1.000,"||||crossing_pass|||repair|||crossing_pass|||||||crossing_pass||||",false,false,0,0
"Classic - Resource Manager","Classic","Resource Manager","CL-ORANGE02",1401,23,"Boss Vote Failed - Game Over","boss_vote_failed",6,0,10,17,4,25300,true,false,2100.0,22,0,1,132.77,6,0,3500,"",0,0,0,0,0,0,0.957,5.22,5,true,3,0,3,1,2,0,0.000,0.333,"||||detour||||||detour|||||||crossing_pass|||||",false,false,0,0
"Classic - Resource Manager","Classic","Resource Manager","CL-ORANGE02",1402,23,"Boss Vote Failed - Game Over","boss_vote_failed",7,1,9,20,4,23100,true,false,2100.0,22,0,1,132.77,7,0,3500,"",0,0,0,0,0,1,0.957,6.09,5,true,3,0,3,2,1,0,0.000,0.667,"|||||crossing_pass|||||crossing_pass|||||||detour|||repair||",false,false,1,0
"Classic - Resource Manager","Classic","Resource Manager","CL-ORANGE02",1403,23,"Boss Vote Failed - Game Over","boss_vote_failed",8,1,10,19,4,21100,true,false,2100.0,22,1,0,127.00,8,2700,3500,"",0,5,0,0,0,1,1.000,6.96,5,true,3,0,3,3,0,0,0.000,1.000,"|||||crossing_pass|||||crossing_pass||repair||||||crossing_pass||||",false,false,0,0
"Classic - Resource Manager","Classic","Resource Manager","CL-ORANGE02",1404,23,"Victory - Boss Defeated","boss.victory",7,0,10,20,4,23800,true,true,2100.0,22,0,1,132.77,7,0,3500,"",0,0,0,0,0,0,0.957,6.09,5,true,3,0,3,3,0,0,0.000,1.000,"|||||crossing_pass|||||crossing_pass|||||||crossing_pass|||||",false,false,0,0
"Classic - Resource Manager","Classic","Resource Manager","CL-ORANGE02",1405,22,"Boss Vote Failed - Game Over","boss_vote_failed",7,0,9,18,4,25300,true,false,2100.0,22,0,0,132.77,7,0,3500,"",0,0,0,0,0,0,1.000,6.36,6,true,3,0,3,2,1,0,0.000,0.667,"|||||crossing_pass|||||detour|||||||crossing_pass||||",false,false,0,0
"Classic - Resource Manager","Classic","Resource Manager","CL-ORANGE02",1406,23,"Boss Vote Failed - Game Over","boss_vote_failed",7,0,9,18,4,25300,true,false,2100.0,22,0,1,132.77,7,0,3500,"",0,0,0,0,0,0,0.957,6.09,7,true,3,0,3,3,0,0,0.000,1.000,"|||||crossing_pass|||||crossing_pass|||||||crossing_pass|||||",false,false,0,0
"Classic - Resource Manager","Classic","Resource Manager","CL-ORANGE02",1407,22,"Boss Vote Failed - Game Over","boss_vote_failed",7,0,10,18,4,25100,true,false,2100.0,22,0,0,132.77,7,0,3500,"book_panic",1,0,0,0,0,0,1.000,6.36,6,true,3,0,3,3,0,0,0.000,1.000,"|||||crossing_pass|||||crossing_pass|||||||crossing_pass||||",false,false,0,0
"Classic - Resource Manager","Classic","Resource Manager","CL-ORANGE02",1408,22,"Victory - Boss Defeated","boss.victory",9,0,8,20,4,25800,true,true,2100.0,22,0,0,132.77,9,0,3500,"",0,0,0,0,0,0,1.000,8.18,6,true,3,0,3,3,0,0,0.000,1.000,"|||||crossing_pass|||||crossing_pass|||||||crossing_pass||||",false,false,0,0
"Classic - Resource Manager","Classic","Resource Manager","CL-ORANGE02",1409,22,"Boss Vote Failed - Game Over","boss_vote_failed",7,0,9,20,4,25300,true,false,2100.0,21,1,0,132.77,7,0,3500,"",0,0,0,0,0,0,1.000,6.36,5,true,3,0,3,3,0,0,0.000,1.000,"|||||crossing_pass|||||crossing_pass|||||||crossing_pass||||",false,false,0,0
"Classic - Resource Manager","Classic","Resource Manager","CL-ORANGE02",1410,23,"Boss Vote Failed - Game Over","boss_vote_failed",7,0,8,18,4,25800,true,false,2100.0,22,1,0,127.00,7,0,3500,"",0,0,0,0,1,0,1.000,6.09,5,true,3,0,3,2,1,0,0.000,0.667,"|||||crossing_pass|||||detour||camp||||||crossing_pass||||",false,false,0,0
"Classic - Resource Manager","Classic","Resource Manager","CL-ORANGE02",1411,23,"Boss Vote Failed - Game Over","boss_vote_failed",7,1,10,18,4,23600,true,false,2100.0,22,0,1,132.77,7,0,3500,"",0,0,0,0,0,1,0.957,6.09,5,true,3,0,3,1,2,0,0.000,0.333,"|||||detour|||||repair;detour|||||||crossing_pass|||||",false,false,0,0
"Classic - Resource Manager","Classic","Resource Manager","CL-ORANGE02",1412,23,"Boss Vote Failed - Game Over","boss_vote_failed",7,1,9,19,4,23300,true,false,2100.0,22,0,1,132.77,7,0,3500,"",0,0,0,0,0,1,0.957,6.09,6,true,3,0,3,3,0,0,0.000,1.000,"|||||crossing_pass;repair|||||crossing_pass|||||||crossing_pass|||||",false,false,0,0
"Classic - Resource Manager","Classic","Resource Manager","CL-ORANGE02",1413,23,"Boss Vote Failed - Game Over","boss_vote_failed",7,1,10,16,4,23100,true,false,2100.0,22,1,0,127.00,7,0,3500,"",0,0,0,0,1,1,1.000,6.09,6,true,3,0,3,3,0,0,0.000,1.000,"|repair||||crossing_pass|||||crossing_pass||||camp||||crossing_pass||||",false,false,0,0
"Classic - Resource Manager","Classic","Resource Manager","CL-ORANGE02",1414,23,"Victory - Boss Defeated","boss.victory",8,1,9,19,4,22200,true,true,2100.0,21,1,1,132.77,8,0,3500,"",0,3,0,0,0,1,0.957,6.96,5,true,3,0,3,1,2,0,0.000,0.333,"|||||crossing_pass||repair|||detour|||||||detour|||||",false,false,0,0
"Classic - Resource Manager","Classic","Resource Manager","CL-ORANGE02",1415,22,"Boss Vote Failed - Game Over","boss_vote_failed",7,0,9,20,4,23600,true,false,2100.0,22,0,0,132.77,7,0,3500,"",0,0,0,0,0,0,1.000,6.36,6,true,3,0,3,2,1,0,0.000,0.667,"||||crossing_pass|||||detour||||||||crossing_pass||||",false,false,0,0
"Classic - Resource Manager","Classic","Resource Manager","CL-ORANGE02",1416,23,"Victory - Boss Defeated","boss.victory",9,0,10,19,3,24800,true,true,2100.0,23,0,0,127.00,9,0,3500,"tariff_tsunami",1,0,0,0,0,0,1.000,7.83,7,true,3,0,3,2,1,0,0.000,0.667,"|||||crossing_pass|||||detour||||||||crossing_pass||||",false,false,0,0
"Classic - Resource Manager","Classic","Resource Manager","CL-ORANGE02",1417,22,"Boss Vote Failed - Game Over","boss_vote_failed",7,0,9,19,4,25300,true,false,2100.0,20,2,0,132.77,7,0,3500,"",0,2,0,0,0,0,1.000,6.36,5,true,3,0,3,2,1,0,0.000,0.667,"|||||crossing_pass|||||crossing_pass|||||||detour||||",false,false,0,0
"Classic - Resource Manager","Classic","Resource Manager","CL-ORANGE02",1418,23,"Boss Vote Failed - Game Over","boss_vote_failed",7,0,10,16,4,24500,true,false,2100.0,21,1,1,132.77,7,0,3500,"shutdown",2,0,0,0,0,0,0.957,6.09,6,true,3,0,3,2,1,0,0.000,0.667,"|||||crossing_pass|||||crossing_pass|||||||detour|||||",false,false,0,0
"Classic - Resource Manager","Classic","Resource Manager","CL-ORANGE02",1419,23,"Boss Vote Failed - Game Over","boss_vote_failed",7,1,10,17,4,21200,true,false,2100.0,23,0,0,127.00,7,3100,3500,"",0,0,0,0,0,1,1.000,6.09,6,true,3,0,3,1,2,0,0.000,0.333,"||||crossing_pass|repair|||||detour|||||||detour|||||",false,false,0,0
"Classic - Resource Manager","Classic","Resource Manager","CL-ORANGE02",1420,23,"Boss Vote Failed - Game Over","boss_vote_failed",7,1,9,18,4,22100,true,false,2100.0,22,0,1,132.77,7,2700,3500,"",0,3,0,0,0,1,0.957,6.09,5,true,3,0,3,3,0,0,0.000,1.000,"|repair||||crossing_pass|||||crossing_pass|||||||crossing_pass|||||",false,false,0,0
"Classic - Resource Manager","Classic","Resource Manager","CL-ORANGE02",1421,23,"Boss Vote Failed - Game Over","boss_vote_failed",9,0,7,19,3,25600,true,false,2100.0,21,1,1,132.77,9,0,3500,"",0,5,0,0,0,0,0.957,7.83,5,true,3,0,3,3,0,0,0.000,1.000,"|||||crossing_pass|||||crossing_pass|||||||crossing_pass|||||",false,false,0,0
"Classic - Resource Manager","Classic","Resource Manager","CL-ORANGE02",1422,23,"Boss Vote Failed - Game Over","boss_vote_failed",8,2,8,18,4,19900,true,false,2100.0,23,0,0,127.00,8,2700,3500,"",0,0,0,0,0,2,1.000,6.96,6,true,3,0,3,2,1,0,0.000,0.667,"repair|||||detour|||||crossing_pass|||||||crossing_pass||repair|||",false,false,0,0
"Classic - Resource Manager","Classic","Resource Manager","CL-ORANGE02",1423,22,"Boss Vote Failed - Game Over","boss_vote_failed",8,0,10,18,4,24800,true,false,2100.0,22,0,0,132.77,8,0,3500,"",0,0,0,0,0,0,1.000,7.27,5,true,3,0,3,3,0,0,0.000,1.000,"|||||crossing_pass|||||crossing_pass|||||||crossing_pass||||",false,false,0,0
"Classic - Resource Manager","Classic","Resource Manager","CL-ORANGE02",1424,22,"Boss Vote Failed - Game Over","boss_vote_failed",7,0,10,20,4,23200,true,false,2100.0,22,0,0,132.77,7,0,3500,"",0,0,0,0,0,0,1.000,6.36,6,true,3,0,3,3,0,0,0.000,1.000,"||||crossing_pass||||||crossing_pass|||||||crossing_pass||||",false,false,0,0
"Classic - Resource Manager","Classic","Resource Manager","CL-ORANGE02",1425,23,"Boss Vote Failed - Game Over","boss_vote_failed",7,1,10,17,4,21100,true,false,2100.0,22,1,0,127.00,7,0,3500,"",0,2,0,0,0,1,1.000,6.09,6,true,3,0,3,2,1,0,0.000,0.667,"|||||crossing_pass||||repair|detour||||||||crossing_pass||||",false,false,0,0
"Classic - Resource Manager","Classic","Resource Manager","CL-ORANGE02",1426,24,"Boss Vote Failed - Game Over","boss_vote_failed",7,1,10,19,4,20000,true,false,2100.0,22,0,2,132.77,7,3100,3500,"",0,0,0,0,1,1,0.917,5.83,5,true,3,0,3,2,1,0,0.000,0.667,"|||||camp|crossing_pass||||crossing_pass|||repair|||||detour|||||",false,false,0,0
"Classic - Resource Manager","Classic","Resource Manager","CL-ORANGE02",1427,23,"Victory - Boss Defeated","boss.victory",8,0,10,19,4,24300,true,true,2100.0,22,0,1,132.77,8,0,3500,"",0,0,0,1,0,0,0.957,6.96,5,true,3,0,3,2,1,0,0.000,0.667,"|||||crossing_pass|||||detour|||||||crossing_pass|||||",false,false,0,0
"Classic - Resource Manager","Classic","Resource Manager","CL-ORANGE02",1428,22,"Boss Vote Failed - Game Over","boss_vote_failed",7,0,8,18,4,25800,true,false,2100.0,21,1,0,132.77,7,0,3500,"",0,2,0,0,0,0,1.000,6.36,6,true,3,0,3,3,0,0,0.000,1.000,"|||||crossing_pass|||||crossing_pass|||||||crossing_pass||||",false,false,0,0
"Classic - Resource Manager","Classic","Resource Manager","CL-ORANGE02",1429,23,"Boss Vote Failed - Game Over","boss_vote_failed",8,0,10,17,4,25600,true,false,2100.0,23,0,0,127.00,8,0,3500,"",0,0,0,0,1,0,1.000,6.96,6,true,3,0,3,3,0,0,0.000,1.000,"|||camp||crossing_pass|||||crossing_pass||||||||crossing_pass||||",false,false,0,0
"Classic - Resource Manager","Classic","Resource Manager","CL-ORANGE02",1430,22,"Boss Vote Failed - Game Over","boss_vote_failed",7,0,8,19,4,25800,true,false,2100.0,22,0,0,132.77,7,0,3500,"",0,4,0,0,0,0,1.000,6.36,5,true,3,0,3,1,2,0,0.000,0.333,"||||detour||||||detour|||||||crossing_pass||||",false,false,0,0
"Classic - Resource Manager","Classic","Resource Manager","CL-ORANGE02",1431,22,"Victory - Boss Defeated","boss.victory",8,0,10,18,4,24600,true,true,2100.0,21,1,0,132.77,8,0,3500,"",0,0,0,0,0,0,1.000,7.27,6,true,3,0,3,3,0,0,0.000,1.000,"|||||crossing_pass|||||crossing_pass|||||||crossing_pass||||",false,false,0,0
"Classic - Resource Manager","Classic","Resource Manager","CL-ORANGE02",1432,22,"Boss Vote Failed - Game Over","boss_vote_failed",7,0,10,18,4,24200,true,false,2100.0,22,0,0,132.77,7,0,3500,"",0,0,0,0,0,0,1.000,6.36,5,true,3,0,3,3,0,0,0.000,1.000,"|||||crossing_pass|||||crossing_pass|||||||crossing_pass||||",false,false,0,0
"Classic - Resource Manager","Classic","Resource Manager","CL-ORANGE02",1433,23,"Boss Vote Failed - Game Over","boss_vote_failed",7,0,9,16,4,23300,true,false,2100.0,23,0,0,127.00,7,0,3500,"",0,3,0,0,0,0,1.000,6.09,5,true,3,0,3,2,1,0,0.000,0.667,"|||||detour|||||crossing_pass||||||||crossing_pass||||",false,false,0,0
"Classic - Resource Manager","Classic","Resource Manager","CL-ORANGE02",1434,23,"Boss Vote Failed - Game Over","boss_vote_failed",7,0,9,18,4,25300,true,false,2100.0,22,0,1,132.77,7,0,3500,"",0,3,0,0,0,0,0.957,6.09,5,true,3,0,3,2,1,0,0.000,0.667,"|||||detour|||||crossing_pass|||||||crossing_pass|||||",false,false,0,0
"Classic - Resource Manager","Classic","Resource Manager","CL-ORANGE02",1435,23,"Victory - Boss Defeated","boss.victory",8,0,8,19,3,25300,true,true,2100.0,22,1,0,127.00,8,0,3500,"",0,0,0,0,0,0,1.000,6.96,6,true,3,0,3,2,1,0,0.000,0.667,"|||||crossing_pass|||||crossing_pass|||||||detour|||||",false,false,0,0
"Classic - Resource Manager","Classic","Resource Manager","CL-ORANGE02",1436,23,"Boss Vote Failed - Game Over","boss_vote_failed",6,0,10,18,4,25600,true,false,2100.0,22,0,1,132.77,6,0,3500,"",0,1,0,0,0,0,0.957,5.22,5,true,3,0,3,1,2,0,0.000,0.333,"||||detour||||||crossing_pass|||||||detour|||||",false,false,0,0
"Classic - Resource Manager","Classic","Resource Manager","CL-ORANGE02",1437,22,"Victory - Boss Defeated","boss.victory",7,0,10,19,4,22600,true,true,2100.0,21,1,0,132.77,7,0,3500,"",0,6,0,0,0,0,1.000,6.36,7,true,3,0,3,3,0,0,0.000,1.000,"||||crossing_pass||||||crossing_pass|||||||crossing_pass||||",false,false,0,0
"Classic - Resource Manager","Classic","Resource Manager","CL-ORANGE02",1438,23,"Boss Vote Failed - Game Over","boss_vote_failed",7,0,8,18,3,25100,true,false,2100.0,22,0,1,132.77,7,0,3500,"",0,0,0,0,0,0,0.957,6.09,6,true,3,0,3,1,2,0,0.000,0.333,"||||crossing_pass||||||detour|||||||detour|||||",false,false,0,0
"Classic - Resource Manager","Classic","Resource Manager","CL-ORANGE02",1439,23,"Victory - Boss Defeated","boss.victory",7,1,9,20,3,23100,true,true,2100.0,22,0,1,132.77,7,0,3500,"",0,0,0,0,0,1,0.957,6.09,6,true,3,0,3,3,0,0,0.000,1.000,"|||repair||crossing_pass|||||crossing_pass|||||||crossing_pass|||||",false,false,0,0
"Classic - Resource Manager","Classic","Resource Manager","CL-ORANGE02",1440,22,"Boss Vote Failed - Game Over","boss_vote_failed",7,0,9,19,4,24800,true,false,2100.0,22,0,0,132.77,7,0,3500,"",0,6,0,0,0,0,1.000,6.36,5,true,3,0,3,3,0,0,0.000,1.000,"|||||crossing_pass|||||crossing_pass|||||||crossing_pass||||",false,false,0,0
"Classic - Resource Manager","Classic","Resource Manager","CL-ORANGE02",1441,23,"Boss Vote Failed - Game Over","boss_vote_failed",8,1,10,16,4,20700,true,false,2100.0,23,0,0,127.00,8,3100,3500,"",0,0,0,0,0,1,1.000,6.96,5,true,3,0,3,2,1,0,0.000,0.667,"repair|||||detour|||||crossing_pass||||||||crossing_pass||||",false,false,0,0
"Classic - Resource Manager","Classic","Resource Manager","CL-ORANGE02",1442,22,"Boss Vote Failed - Game Over","boss_vote_failed",7,1,8,20,4,25100,true,false,2100.0,22,0,0,132.77,7,0,3500,"",0,0,0,0,0,1,1.000,6.36,6,true,3,0,3,3,0,0,0.000,1.000,"||||crossing_pass||||repair||crossing_pass|||||||crossing_pass||||",false,false,0,0
"Classic - Resource Manager","Classic","Resource Manager","CL-ORANGE02",1443,23,"Victory - Boss Defeated","boss.victory",7,0,10,19,4,25800,true,true,2100.0,22,0,1,132.77,7,0,3500,"",0,9,0,0,1,0,0.957,6.09,5,true,3,0,3,2,1,0,0.000,0.667,"|||||crossing_pass|||||detour|||||||crossing_pass|camp||||",false,false,0,0
"Classic - Resource Manager","Classic","Resource Manager","CL-ORANGE02",1444,22,"Boss Vote Failed - Game Over","boss_vote_failed",7,0,10,20,4,24600,true,false,2100.0,22,0,0,132.77,7,0,3500,"",0,0,0,0,0,0,1.000,6.36,6,true,3,0,3,3,0,0,0.000,1.000,"|||||crossing_pass|||||crossing_pass|||||||crossing_pass||||",false,false,0,0
"Classic - Resource Manager","Classic","Resource Manager","CL-ORANGE02",1445,23,"Boss Vote Failed - Game Over","boss_vote_failed",8,0,10,18,3,25300,true,false,2100.0,21,1,1,132.77,8,0,3500,"",0,0,0,0,0,0,0.957,6.96,5,true,3,0,3,2,1,0,0.000,0.667,"|||||crossing_pass|||||detour|||||||crossing_pass|||||",false,false,0,0
"Classic - Resource Manager","Classic","Resource Manager","CL-ORANGE02",1446,23,"Victory - Boss Defeated","boss.victory",6,0,10,17,4,23800,true,true,2100.0,22,0,1,132.77,6,0,3500,"",0,2,0,0,1,0,0.957,5.22,5,true,3,0,3,2,1,0,0.000,0.667,"||||crossing_pass|||||crossing_pass||||||||detour||||camp|",false,false,0,0
"Classic - Resource Manager","Classic","Resource Manager","CL-ORANGE02",1447,22,"Boss Vote Failed - Game Over","boss_vote_failed",6,0,10,18,4,24300,true,false,2100.0,22,0,0,132.77,6,0,3500,"",0,5,0,0,1,0,1.000,5.45,6,true,3,0,3,3,0,0,0.000,1.000,"||||crossing_pass|||||crossing_pass||||||camp||crossing_pass||||",false,false,0,0
"Classic - Resource Manager","Classic","Resource Manager","CL-ORANGE02",1448,22,"Boss Vote Failed - Game Over","boss_vote_failed",7,0,9,20,4,24300,true,false,2100.0,21,1,0,132.77,7,0,3500,"",0,2,0,0,0,0,1.000,6.36,5,true,3,0,3,3,0,0,0.000,1.000,"|||||crossing_pass|||||crossing_pass|||||||crossing_pass||||",false,false,0,0
"Classic - Resource Manager","Classic","Resource Manager","CL-ORANGE02",1449,23,"Boss Vote Failed - Game Over","boss_vote_failed",8,0,9,17,4,24300,true,false,2100.0,23,0,0,127.00,8,0,3500,"",0,0,0,0,0,0,1.000,6.96,5,true,3,0,3,2,1,0,0.000,0.667,"|||||crossing_pass|||||detour||||||||crossing_pass||||",false,false,0,0
"Classic - Resource Manager","Classic","Resource Manager","CL-ORANGE02",1450,23,"Victory - Boss Defeated","boss.victory",8,0,10,18,3,23800,true,true,2100.0,23,0,0,127.00,8,0,3500,"",0,3,0,0,0,0,1.000,6.96,6,true,3,0,3,2,1,0,0.000,0.667,"|||||detour|||||crossing_pass||||||||crossing_pass||||",false,false,0,0
"Classic - Resource Manager","Classic","Resource Manager","CL-ORANGE02",1451,23,"Boss Vote Failed - Game Over","boss_vote_failed",6,2,9,17,4,21300,true,false,2100.0,22,0,1,132.77,6,0,3500,"",0,1,0,0,0,2,0.957,5.22,5,true,3,0,3,3,0,0,0.000,1.000,"||repair|||crossing_pass|||||crossing_pass|||||repair||crossing_pass|||||",false,false,0,0
"Classic - Resource Manager","Classic","Resource Manager","CL-ORANGE02",1452,23,"Boss Vote Failed - Game Over","boss_vote_failed",7,0,10,18,3,23800,true,false,2100.0,22,0,1,132.77,7,0,3500,"",0,2,0,0,1,0,0.957,6.09,6,true,3,0,3,3,0,0,0.000,1.000,"|||camp||crossing_pass|||||crossing_pass|||||||crossing_pass|||||",false,false,0,0
"Classic - Resource Manager","Classic","Resource Manager","CL-ORANGE02",1453,22,"Boss Vote Failed - Game Over","boss_vote_failed",7,0,9,19,4,24800,true,false,2100.0,22,0,0,132.77,7,0,3500,"",0,0,0,0,0,0,1.000,6.36,6,true,3,0,3,3,0,0,0.000,1.000,"||||crossing_pass||||||crossing_pass|||||||crossing_pass||||",false,false,0,0
"Classic - Resource Manager","Classic","Resource Manager","CL-ORANGE02",1454,23,"Boss Vote Failed - Game Over","boss_vote_failed",8,0,10,18,4,24800,true,false,2100.0,23,0,0,127.00,8,0,3500,"",0,9,0,0,0,0,1.000,6.96,6,true,3,0,3,2,1,0,0.000,0.667,"|||||crossing_pass|||||crossing_pass|||||||detour|||||",false,false,0,0
"Classic - Resource Manager","Classic","Resource Manager","CL-ORANGE02",1455,23,"Boss Vote Failed - Game Over","boss_vote_failed",7,1,10,17,4,22000,true,false,2100.0,22,0,1,132.77,7,0,3500,"",0,1,0,0,0,1,0.957,6.09,5,true,3,0,3,3,0,0,0.000,1.000,"|||||crossing_pass|||||crossing_pass|||repair||||crossing_pass|||||",false,false,0,0
"Classic - Resource Manager","Classic","Resource Manager","CL-ORANGE02",1456,23,"Victory - Boss Defeated","boss.victory",8,0,9,18,3,24800,true,true,2100.0,22,0,1,132.77,8,0,3500,"",0,3,0,0,1,0,0.957,6.96,6,true,3,0,3,1,2,0,0.000,0.333,"|||||detour|||||detour||||camp||||crossing_pass||||",false,false,0,0
"Classic - Resource Manager","Classic","Resource Manager","CL-ORANGE02",1457,23,"Victory - Boss Defeated","boss.victory",9,1,8,19,4,24600,true,true,2100.0,23,0,0,127.00,9,0,3500,"",0,0,0,0,0,1,1.000,7.83,5,true,3,0,3,3,0,0,0.000,1.000,"|||||crossing_pass|||||crossing_pass|||||||crossing_pass|||repair||",false,false,0,0
"Classic - Resource Manager","Classic","Resource Manager","CL-ORANGE02",1458,22,"Boss Vote Failed - Game Over","boss_vote_failed",6,0,9,18,4,24800,true,false,2100.0,22,0,0,132.77,6,0,3500,"",0,2,0,0,0,0,1.000,5.45,6,true,3,0,3,3,0,0,0.000,1.000,"|||||crossing_pass|||||crossing_pass|||||||crossing_pass||||",false,false,0,0
"Classic - Resource Manager","Classic","Resource Manager","CL-ORANGE02",1459,23,"Victory - Boss Defeated","boss.victory",7,0,10,18,4,24300,true,true,2100.0,23,0,0,127.00,7,0,3500,"",0,0,0,0,1,0,1.000,6.09,5,true,3,0,3,3,0,0,0.000,1.000,"|||||crossing_pass|camp|||||crossing_pass|||||||crossing_pass||||",false,false,0,0
"Classic - Resource Manager","Classic","Resource Manager","CL-ORANGE02",1460,23,"Boss Vote Failed - Game Over","boss_vote_failed",7,0,9,19,4,24800,true,false,2100.0,22,0,1,132.77,7,0,3500,"",0,0,0,0,0,0,0.957,6.09,5,true,3,0,3,2,1,0,0.000,0.667,"|||||crossing_pass|||||crossing_pass|||||||detour|||||",false,false,0,0
"Classic - Resource Manager","Classic","Resource Manager","CL-ORANGE02",1461,22,"Boss Vote Failed - Game Over","boss_vote_failed",7,0,10,18,4,24300,true,false,2100.0,21,1,0,132.77,7,0,3500,"",0,0,0,0,0,0,1.000,6.36,7,true,3,0,3,3,0,0,0.000,1.000,"|||||crossing_pass|||||crossing_pass|||||||crossing_pass||||",false,false,0,0
"Classic - Resource Manager","Classic","Resource Manager","CL-ORANGE02",1462,23,"Boss Vote Failed - Game Over","boss_vote_failed",7,0,9,18,4,24300,true,false,2100.0,23,0,0,127.00,7,0,3500,"",0,3,0,0,0,0,1.000,6.09,5,true,3,0,3,1,2,0,0.000,0.333,"|||||detour|||||detour|||||||crossing_pass|||||",false,false,0,0
"Classic - Resource Manager","Classic","Resource Manager","CL-ORANGE02",1463,22,"Boss Vote Failed - Game Over","boss_vote_failed",8,0,10,19,4,24700,true,false,2100.0,22,0,0,132.77,8,0,3500,"",0,0,0,0,0,0,1.000,7.27,6,true,3,0,3,3,0,0,0.000,1.000,"||||crossing_pass||||||crossing_pass|||||||crossing_pass||||",false,false,0,0
"Classic - Resource Manager","Classic","Resource Manager","CL-ORANGE02",1464,23,"Victory - Boss Defeated","boss.victory",7,1,10,20,3,20200,true,true,2100.0,22,0,1,132.77,7,3100,3500,"",0,0,0,0,0,1,0.957,6.09,6,true,3,0,3,3,0,0,0.000,1.000,"|||repair||crossing_pass|||||crossing_pass|||||||crossing_pass|||||",false,false,0,0
"Classic - Resource Manager","Classic","Resource Manager","CL-ORANGE02",1465,23,"Boss Vote Failed - Game Over","boss_vote_failed",8,0,10,18,4,24800,true,false,2100.0,23,0,0,127.00,8,0,3500,"",0,0,0,0,0,0,1.000,6.96,7,true,3,0,3,2,1,0,0.000,0.667,"|||||crossing_pass|||||crossing_pass|||||||detour|||||",false,false,0,0
"Classic - Resource Manager","Classic","Resource Manager","CL-ORANGE02",1466,22,"Boss Vote Failed - Game Over","boss_vote_failed",7,0,9,20,4,26100,true,false,2100.0,22,0,0,132.77,7,0,3500,"",0,0,0,0,0,0,1.000,6.36,5,true,3,0,3,2,1,0,0.000,0.667,"|||||crossing_pass|||||detour|||||||crossing_pass||||",false,false,0,0
"Classic - Resource Manager","Classic","Resource Manager","CL-ORANGE02",1467,22,"Boss Vote Failed - Game Over","boss_vote_failed",7,0,9,20,4,25300,true,false,2100.0,22,0,0,132.77,7,0,3500,"",0,5,0,0,0,0,1.000,6.36,6,true,3,0,3,2,1,0,0.000,0.667,"||||crossing_pass||||||detour|||||||crossing_pass||||",false,false,0,0
"Classic - Resource Manager","Classic","Resource Manager","CL-ORANGE02",1468,22,"Boss Vote Failed - Game Over","boss_vote_failed",6,0,10,18,4,25100,true,false,2100.0,22,0,0,132.77,6,0,3500,"",0,0,0,0,0,0,1.000,5.45,6,true,3,0,3,3,0,0,0.000,1.000,"||||crossing_pass|||||crossing_pass||||||||crossing_pass||||",false,false,0,0
"Classic - Resource Manager","Classic","Resource Manager","CL-ORANGE02",1469,22,"Boss Vote Failed - Game Over","boss_vote_failed",7,0,8,19,4,26300,true,false,2100.0,22,0,0,132.77,7,0,3500,"",0,0,0,0,0,0,1.000,6.36,6,true,3,0,3,3,0,0,0.000,1.000,"|||||crossing_pass|||||crossing_pass|||||||crossing_pass||||",false,false,0,0
"Classic - Resource Manager","Classic","Resource Manager","CL-ORANGE02",1470,23,"Boss Vote Failed - Game Over","boss_vote_failed",7,0,8,19,3,23600,true,false,2100.0,22,0,1,132.77,7,0,3500,"",0,0,0,0,0,0,0.957,6.09,6,true,3,0,3,2,1,0,0.000,0.667,"|||||crossing_pass|||||crossing_pass|||||||detour|||||",false,false,0,0
"Classic - Resource Manager","Classic","Resource Manager","CL-ORANGE02",1471,22,"Boss Vote Failed - Game Over","boss_vote_failed",8,0,10,19,4,25300,true,false,2100.0,22,0,0,132.77,8,0,3500,"",0,0,0,0,0,0,1.000,7.27,6,true,3,0,3,3,0,0,0.000,1.000,"|||||crossing_pass|||||crossing_pass|||||||crossing_pass||||",false,false,0,0
"Classic - Resource Manager","Classic","Resource Manager","CL-ORANGE02",1472,23,"Boss Vote Failed - Game Over","boss_vote_failed",8,1,9,20,3,22600,true,false,2100.0,20,2,1,132.77,8,0,3500,"",0,0,0,0,0,1,0.957,6.96,6,true,3,0,3,3,0,0,0.000,1.000,"|||||crossing_pass|||||crossing_pass|||||repair||crossing_pass|||||",false,false,0,0
"Classic - Resource Manager","Classic","Resource Manager","CL-ORANGE02",1473,23,"Victory - Boss Defeated","boss.victory",6,0,10,16,4,24300,true,true,2100.0,23,0,0,127.00,6,0,3500,"",0,1,0,0,1,0,1.000,5.22,6,true,3,0,3,2,1,0,0.000,0.667,"|||||crossing_pass|||||detour|||||camp|||crossing_pass||||",false,false,0,0
"Classic - Resource Manager","Classic","Resource Manager","CL-ORANGE02",1474,23,"Boss Vote Failed - Game Over","boss_vote_failed",7,0,10,19,4,23300,true,false,2100.0,22,0,1,132.77,7,0,3500,"",0,3,0,0,0,0,0.957,6.09,6,true,3,0,3,3,0,0,0.000,1.000,"|||||crossing_pass|||||crossing_pass|||||||crossing_pass|||||",false,false,0,0
"Classic - Resource Manager","Classic","Resource Manager","CL-ORANGE02",1475,22,"Boss Vote Failed - Game Over","boss_vote_failed",7,0,7,17,4,26300,true,false,2100.0,21,1,0,132.77,7,0,3500,"",0,0,0,0,0,0,1.000,6.36,6,true,3,0,3,3,0,0,0.000,1.000,"||||crossing_pass||||||crossing_pass|||||||crossing_pass||||",false,false,0,0
"Classic - Resource Manager","Classic","Resource Manager","CL-ORANGE02",1476,22,"Victory - Boss Defeated","boss.victory",7,0,9,19,4,24700,true,true,2100.0,21,1,0,132.77,7,0,3500,"",0,0,0,0,0,0,1.000,6.36,6,true,3,0,3,2,1,0,0.000,0.667,"||||crossing_pass|||||crossing_pass||||||||detour||||",false,false,0,0
"Classic - Resource Manager","Classic","Resource Manager","CL-ORANGE02",1477,23,"Boss Vote Failed - Game Over","boss_vote_failed",7,0,8,17,4,24800,true,false,2100.0,22,0,1,132.77,7,0,3500,"",0,0,0,0,0,0,0.957,6.09,6,true,3,0,3,2,1,0,0.000,0.667,"|||||crossing_pass|||||detour|||||||crossing_pass|||||",false,false,0,0
"Classic - Resource Manager","Classic","Resource Manager","CL-ORANGE02",1478,23,"Victory - Boss Defeated","boss.victory",6,1,9,18,4,22200,true,true,2100.0,22,0,1,132.77,6,0,3500,"",0,0,0,0,0,1,0.957,5.22,6,true,3,0,3,3,0,0,0.000,1.000,"||||crossing_pass||||||crossing_pass;repair|||||||crossing_pass|||||",false,false,0,0
"Classic - Resource Manager","Classic","Resource Manager","CL-ORANGE02",1479,23,"Victory - Boss Defeated","boss.victory",8,0,10,18,3,24800,true,true,2100.0,21,1,1,132.77,8,0,3500,"",0,0,0,0,0,0,0.957,6.96,5,true,3,0,3,1,2,0,0.000,0.333,"|||||crossing_pass|||||detour|||||||detour|||||",false,false,0,0
"Classic - Resource Manager","Classic","Resource Manager","CL-ORANGE02",1480,22,"Victory - Boss Defeated","boss.victory",7,0,10,18,4,25300,true,true,2100.0,22,0,0,132.77,7,0,3500,"",0,0,0,0,0,0,1.000,6.36,6,true,3,0,3,3,0,0,0.000,1.000,"|||||crossing_pass|||||crossing_pass|||||||crossing_pass||||",false,false,0,0
"Classic - Resource Manager","Classic","Resource Manager","CL-ORANGE02",1481,22,"Victory - Boss Defeated","boss.victory",7,0,9,20,4,23800,true,true,2100.0,22,0,0,132.77,7,0,3500,"",0,0,1,0,0,0,1.000,6.36,6,true,3,0,3,3,0,0,0.000,1.000,"||||crossing_pass||||||crossing_pass|||||||crossing_pass||||",false,false,0,0
"Classic - Resource Manager","Classic","Resource Manager","CL-ORANGE02",1482,22,"Victory - Boss Defeated","boss.victory",7,0,8,18,4,25800,true,true,2100.0,22,0,0,132.77,7,0,3500,"",0,0,0,0,0,0,1.000,6.36,6,true,3,0,3,3,0,0,0.000,1.000,"|||||crossing_pass|||||crossing_pass|||||||crossing_pass||||",false,false,0,0
"Classic - Resource Manager","Classic","Resource Manager","CL-ORANGE02",1483,22,"Boss Vote Failed - Game Over","boss_vote_failed",6,0,9,19,4,24700,true,false,2100.0,22,0,0,132.77,6,0,3500,"",0,0,0,0,0,0,1.000,5.45,5,true,3,0,3,3,0,0,0.000,1.000,"|||||crossing_pass|||||crossing_pass|||||||crossing_pass||||",false,false,0,0
"Classic - Resource Manager","Classic","Resource Manager","CL-ORANGE02",1484,22,"Boss Vote Failed - Game Over","boss_vote_failed",7,0,7,20,4,25300,true,false,2100.0,22,0,0,132.77,7,0,3500,"",0,0,0,0,0,0,1.000,6.36,6,true,3,0,3,3,0,0,0.000,1.000,"||||crossing_pass|||||crossing_pass||||||||crossing_pass||||",false,false,0,0
"Classic - Resource Manager","Classic","Resource Manager","CL-ORANGE02",1485,22,"Boss Vote Failed - Game Over","boss_vote_failed",7,0,8,19,4,26300,true,false,2100.0,21,1,0,132.77,7,0,3500,"",0,0,0,0,0,0,1.000,6.36,6,true,3,0,3,3,0,0,0.000,1.000,"||||crossing_pass|||||crossing_pass||||||||crossing_pass||||",false,false,0,0
"Classic - Resource Manager","Classic","Resource Manager","CL-ORANGE02",1486,22,"Boss Vote Failed - Game Over","boss_vote_failed",7,0,8,18,4,25800,true,false,2100.0,22,0,0,132.77,7,0,3500,"",0,4,0,0,0,0,1.000,6.36,6,true,3,0,3,3,0,0,0.000,1.000,"|||||crossing_pass|||||crossing_pass|||||||crossing_pass||||",false,false,0,0
"Classic - Resource Manager","Classic","Resource Manager","CL-ORANGE02",1487,22,"Victory - Boss Defeated","boss.victory",7,0,10,19,4,23800,true,true,2100.0,22,0,0,132.77,7,0,3500,"",0,0,0,0,0,0,1.000,6.36,6,true,3,0,3,2,1,0,0.000,0.667,"||||crossing_pass|||||detour||||||||crossing_pass||||",false,false,0,0
"Classic - Resource Manager","Classic","Resource Manager","CL-ORANGE02",1488,22,"Boss Vote Failed - Game Over","boss_vote_failed",6,0,8,19,4,25800,true,false,2100.0,22,0,0,132.77,6,0,3500,"",0,0,0,0,0,0,1.000,5.45,6,true,3,0,3,1,2,0,0.000,0.333,"|||||crossing_pass|||||detour|||||||detour||||",false,false,0,0
"Classic - Resource Manager","Classic","Resource Manager","CL-ORANGE02",1489,22,"Boss Vote Failed - Game Over","boss_vote_failed",7,0,8,20,4,26100,true,false,2100.0,21,1,0,132.77,7,0,3500,"",0,0,1,0,0,0,1.000,6.36,6,true,3,0,3,2,1,0,0.000,0.667,"|||||crossing_pass|||||detour|||||||crossing_pass||||",false,false,0,0
"Classic - Resource Manager","Classic","Resource Manager","CL-ORANGE02",1490,22,"Boss Vote Failed - Game Over","boss_vote_failed",7,0,10,19,4,25300,true,false,2100.0,21,1,0,132.77,7,0,3500,"",0,0,0,0,0,0,1.000,6.36,7,true,3,0,3,3,0,0,0.000,1.000,"||||crossing_pass|||||crossing_pass||||||||crossing_pass||||",false,false,0,0
"Classic - Resource Manager","Classic","Resource Manager","CL-ORANGE02",1491,23,"Victory - Boss Defeated","boss.victory",8,0,10,19,4,25300,true,true,2100.0,22,1,0,127.00,8,0,3500,"",0,3,0,0,1,0,1.000,6.96,8,true,3,0,3,2,1,0,0.000,0.667,"||||crossing_pass||||||crossing_pass||||||camp||detour||||",false,false,0,0
"Classic - Resource Manager","Classic","Resource Manager","CL-ORANGE02",1492,22,"Boss Vote Failed - Game Over","boss_vote_failed",7,0,9,20,4,25300,true,false,2100.0,22,0,0,132.77,7,0,3500,"",0,7,0,0,0,0,1.000,6.36,6,true,3,0,3,3,0,0,0.000,1.000,"||||crossing_pass|||||crossing_pass||||||||crossing_pass||||",false,false,0,0
"Classic - Resource Manager","Classic","Resource Manager","CL-ORANGE02",1493,23,"Victory - Boss Defeated","boss.victory",8,0,9,19,4,25300,true,true,2100.0,22,0,1,132.77,8,0,3500,"",0,2,0,0,1,0,0.957,6.96,6,true,3,0,3,3,0,0,0.000,1.000,"|||||crossing_pass|||||crossing_pass||||||camp||crossing_pass||||",false,false,0,0
"Classic - Resource Manager","Classic","Resource Manager","CL-ORANGE02",1494,23,"Boss Vote Failed - Game Over","boss_vote_failed",8,0,9,19,3,24400,true,false,2100.0,22,0,1,132.77,8,0,3500,"",0,0,0,0,0,0,0.957,6.96,5,true,3,0,3,2,1,0,0.000,0.667,"|||||crossing_pass|||||detour|||||||crossing_pass|||||",false,false,0,0
"Classic - Resource Manager","Classic","Resource Manager","CL-ORANGE02",1495,22,"Boss Vote Failed - Game Over","boss_vote_failed",9,0,10,19,4,24800,true,false,2100.0,21,1,0,132.77,9,0,3500,"",0,0,0,0,0,0,1.000,8.18,5,true,3,0,3,3,0,0,0.000,1.000,"|||||crossing_pass|||||crossing_pass|||||||crossing_pass||||",false,false,0,0
"Classic - Resource Manager","Classic","Resource Manager","CL-ORANGE02",1496,23,"Boss Vote Failed - Game Over","boss_vote_failed",7,0,9,19,3,25800,true,false,2100.0,22,0,1,132.77,7,0,3500,"",0,0,0,0,1,0,0.957,6.09,6,true,3,0,3,1,2,0,0.000,0.333,"||||detour||||||detour|||||||camp|crossing_pass||||",false,false,0,0
"Classic - Resource Manager","Classic","Resource Manager","CL-ORANGE02",1497,23,"Boss Vote Failed - Game Over","boss_vote_failed",7,3,9,19,4,17700,true,false,2100.0,23,0,0,127.00,7,2700,3500,"",0,0,0,0,0,3,1.000,6.09,6,true,3,0,3,3,0,0,0.000,1.000,"||||repair|crossing_pass||repair|||crossing_pass||||||repair||crossing_pass||||",false,false,0,0
"Classic - Resource Manager","Classic","Resource Manager","CL-ORANGE02",1498,22,"Boss Vote Failed - Game Over","boss_vote_failed",7,0,10,16,4,25200,true,false,2100.0,22,0,0,132.77,7,0,3500,"",0,0,0,0,0,0,1.000,6.36,5,true,3,0,3,3,0,0,0.000,1.000,"|||||crossing_pass|||||crossing_pass|||||||crossing_pass||||",false,false,0,0
"Classic - Resource Manager","Classic","Resource Manager","CL-ORANGE02",1499,23,"Boss Vote Failed - Game Over","boss_vote_failed",7,0,9,20,3,25100,true,false,2100.0,21,1,1,132.77,7,0,3500,"",0,0,0,0,1,0,0.957,6.09,5,true,3,0,3,3,0,0,0.000,1.000,"|||||crossing_pass|||||crossing_pass||||||camp||crossing_pass||||",false,false,0,0
"Classic - Resource Manager","Classic","Resource Manager","CL-ORANGE02",1500,23,"Boss Vote Failed - Game Over","boss_vote_failed",8,0,9,20,3,24700,true,false,2100.0,22,0,1,132.77,8,0,3500,"",0,0,0,0,0,0,0.957,6.96,6,true,3,0,3,1,2,0,0.000,0.333,"|||||detour|||||detour|||||||crossing_pass|||||",false,false,0,0
"Classic - Resource Manager","Classic","Resource Manager","CL-ORANGE02",1501,22,"Boss Vote Failed - Game Over","boss_vote_failed",8,0,8,20,4,26300,true,false,2100.0,21,1,0,132.77,8,0,3500,"",0,0,0,0,0,0,1.000,7.27,5,true,3,0,3,3,0,0,0.000,1.000,"|||||crossing_pass|||||crossing_pass|||||||crossing_pass||||",false,false,0,0
"Classic - Resource Manager","Classic","Resource Manager","CL-ORANGE02",1502,22,"Boss Vote Failed - Game Over","boss_vote_failed",7,1,9,18,4,22600,true,false,2100.0,21,1,0,132.77,7,0,3500,"",0,7,0,0,0,1,1.000,6.36,6,true,3,0,3,3,0,0,0.000,1.000,"||||crossing_pass|repair|||||crossing_pass|||||||crossing_pass||||",false,false,0,0
"Classic - Resource Manager","Classic","Resource Manager","CL-ORANGE02",1503,22,"Boss Vote Failed - Game Over","boss_vote_failed",8,0,10,20,4,23800,true,false,2100.0,22,0,0,132.77,8,0,3500,"",0,5,0,0,0,0,1.000,7.27,6,true,3,0,3,3,0,0,0.000,1.000,"|||||crossing_pass|||||crossing_pass|||||||crossing_pass||||",false,false,0,0
"Classic - Resource Manager","Classic","Resource Manager","CL-ORANGE02",1504,22,"Boss Vote Failed - Game Over","boss_vote_failed",9,0,9,20,4,25800,true,false,2100.0,22,0,0,132.77,9,0,3500,"book_panic",2,0,0,0,0,0,1.000,8.18,5,true,3,0,3,2,1,0,0.000,0.667,"|||||detour|||||crossing_pass|||||||crossing_pass||||",false,false,0,0
"Classic - Resource Manager","Classic","Resource Manager","CL-ORANGE02",1505,22,"Boss Vote Failed - Game Over","boss_vote_failed",8,0,10,20,4,25300,true,false,2100.0,22,0,0,132.77,8,0,3500,"",0,0,0,0,0,0,1.000,7.27,5,true,3,0,3,3,0,0,0.000,1.000,"|||||crossing_pass|||||crossing_pass|||||||crossing_pass||||",false,false,0,0
"Classic - Resource Manager","Classic","Resource Manager","CL-ORANGE02",1506,22,"Boss Vote Failed - Game Over","boss_vote_failed",6,0,10,20,4,23800,true,false,2100.0,22,0,0,132.77,6,0,3500,"",0,8,0,0,0,0,1.000,5.45,5,true,3,0,3,3,0,0,0.000,1.000,"|||||crossing_pass|||||crossing_pass|||||||crossing_pass||||",false,false,0,0
"Classic - Resource Manager","Classic","Resource Manager","CL-ORANGE02",1507,23,"Boss Vote Failed - Game Over","boss_vote_failed",6,0,10,18,4,23800,true,false,2100.0,22,0,1,132.77,6,0,3500,"",0,0,0,0,0,0,0.957,5.22,5,true,3,0,3,3,0,0,0.000,1.000,"|||||crossing_pass|||||crossing_pass|||||||crossing_pass|||||",false,false,0,0
"Classic - Resource Manager","Classic","Resource Manager","CL-ORANGE02",1508,22,"Boss Vote Failed - Game Over","boss_vote_failed",7,0,9,18,4,26300,true,false,2100.0,22,0,0,132.77,7,0,3500,"",0,1,0,0,0,0,1.000,6.36,6,true,3,0,3,2,1,0,0.000,0.667,"||||detour||||||crossing_pass|||||||crossing_pass||||",false,false,0,0
"Classic - Resource Manager","Classic","Resource Manager","CL-ORANGE02",1509,23,"Boss Vote Failed - Game Over","boss_vote_failed",9,0,9,18,4,26100,true,false,2100.0,23,0,0,127.00,9,0,3500,"war_dept_reorg",1,0,0,0,1,0,1.000,7.83,6,true,3,0,3,2,1,0,0.000,0.667,"||camp|||crossing_pass|||||crossing_pass||||||||detour||||",false,false,0,0
"Classic - Resource Manager","Classic","Resource Manager","CL-ORANGE02",1510,23,"Boss Vote Failed - Game Over","boss_vote_failed",8,0,8,19,4,25300,true,false,2100.0,22,0,1,132.77,8,0,3500,"",0,0,0,0,0,0,0.957,6.96,6,true,3,0,3,2,1,0,0.000,0.667,"|||||crossing_pass|||||crossing_pass|||||||detour|||||",false,false,0,0
"Classic - Resource Manager","Classic","Resource Manager","CL-ORANGE02",1511,22,"Victory - Boss Defeated","boss.victory",7,0,10,19,4,24800,true,true,2100.0,22,0,0,132.77,7,0,3500,"",0,0,0,0,0,0,1.000,6.36,5,true,3,0,3,3,0,0,0.000,1.000,"|||||crossing_pass|||||crossing_pass|||||||crossing_pass||||",false,false,0,0
"Classic - Resource Manager","Classic","Resource Manager","CL-ORANGE02",1512,22,"Boss Vote Failed - Game Over","boss_vote_failed",8,0,10,19,4,24800,true,false,2100.0,21,1,0,132.77,8,0,3500,"",0,0,0,0,0,0,1.000,7.27,6,true,3,0,3,3,0,0,0.000,1.000,"|||||crossing_pass|||||crossing_pass|||||||crossing_pass||||",false,false,0,0
"Classic - Resource Manager","Classic","Resource Manager","CL-ORANGE02",1513,22,"Boss Vote Failed - Game Over","boss_vote_failed",7,0,10,19,4,24300,true,false,2100.0,22,0,0,132.77,7,0,3500,"",0,6,0,0,0,0,1.000,6.36,6,true,3,0,3,3,0,0,0.000,1.000,"||||crossing_pass||||||crossing_pass|||||||crossing_pass||||",false,false,0,0
"Classic - Resource Manager","Classic","Resource Manager","CL-ORANGE02",1514,22,"Boss Vote Failed - Game Over","boss_vote_failed",8,0,10,20,4,24300,true,false,2100.0,22,0,0,132.77,8,0,3500,"",0,0,0,0,0,0,1.000,7.27,5,true,3,0,3,3,0,0,0.000,1.000,"|||||crossing_pass|||||crossing_pass|||||||crossing_pass||||",false,false,0,0
"Classic - Resource Manager","Classic","Resource Manager","CL-ORANGE02",1515,23,"Boss Vote Failed - Game Over","boss_vote_failed",7,0,10,18,4,24300,true,false,2100.0,21,1,1,132.77,7,0,3500,"",0,2,0,0,0,0,0.957,6.09,5,true,3,0,3,3,0,0,0.000,1.000,"|||||crossing_pass|||||crossing_pass|||||||crossing_pass|||||",false,false,0,0
"Classic - Resource Manager","Classic","Resource Manager","CL-ORANGE02",1516,24,"Victory - Boss Defeated","boss.victory",7,0,9,20,2,25100,true,true,2100.0,22,0,2,132.77,7,0,3500,"",0,0,0,1,1,0,0.917,5.83,5,true,3,0,3,3,0,0,0.000,1.000,"|||camp|||crossing_pass|||||crossing_pass|||||||crossing_pass|||||",false,false,0,0
"Classic - Resource Manager","Classic","Resource Manager","CL-ORANGE02",1517,23,"Boss Vote Failed - Game Over","boss_vote_failed",7,0,10,20,3,23100,true,false,2100.0,22,0,1,132.77,7,0,3500,"",0,0,0,0,1,0,0.957,6.09,6,true,3,0,3,3,0,0,0.000,1.000,"||camp|||crossing_pass|||||crossing_pass|||||||crossing_pass|||||",false,false,0,0
"Classic - Resource Manager","Classic","Resource Manager","CL-ORANGE02",1518,22,"Boss Vote Failed - Game Over","boss_vote_failed",7,1,7,18,4,23700,true,false,2100.0,22,0,0,132.77,7,3100,3500,"",0,0,1,0,0,1,1.000,6.36,5,true,3,0,3,2,1,0,0.000,0.667,"|||||crossing_pass|||||crossing_pass|repair||||||detour||||",false,false,0,0
"Classic - Resource Manager","Classic","Resource Manager","CL-ORANGE02",1519,23,"Boss Vote Failed - Game Over","boss_vote_failed",7,0,9,20,4,23300,true,false,2100.0,23,0,0,127.00,7,0,3500,"",0,0,0,0,1,0,1.000,6.09,5,true,3,0,3,1,2,0,0.000,0.333,"||||detour||||||crossing_pass|||||||camp|detour||||",false,false,0,0
"Classic - Resource Manager","Classic","Resource Manager","CL-ORANGE02",1520,22,"Boss Vote Failed - Game Over","boss_vote_failed",9,0,8,20,4,25800,true,false,2100.0,21,1,0,132.77,9,0,3500,"",0,0,0,0,0,0,1.000,8.18,5,true,3,0,3,3,0,0,0.000,1.000,"|||||crossing_pass|||||crossing_pass|||||||crossing_pass||||",false,false,0,0
"Classic - Resource Manager","Classic","Resource Manager","CL-ORANGE02",1521,22,"Victory - Boss Defeated","boss.victory",7,0,9,19,4,25800,true,true,2100.0,22,0,0,132.77,7,0,3500,"",0,0,0,0,0,0,1.000,6.36,6,true,3,0,3,3,0,0,0.000,1.000,"||||crossing_pass||||||crossing_pass|||||||crossing_pass||||",false,false,0,0
"Classic - Resource Manager","Classic","Resource Manager","CL-ORANGE02",1522,22,"Boss Vote Failed - Game Over","boss_vote_failed",7,0,9,18,4,23700,true,false,2100.0,22,0,0,132.77,7,0,3500,"doe_eliminated",1,0,0,0,0,0,1.000,6.36,5,true,3,0,3,3,0,0,0.000,1.000,"|||||crossing_pass|||||crossing_pass|||||||crossing_pass||||",false,false,0,0
"Classic - Resource Manager","Classic","Resource Manager","CL-ORANGE02",1523,22,"Victory - Boss Defeated","boss.victory",7,1,10,20,4,21100,true,true,2100.0,22,0,0,132.77,7,3100,3500,"",0,8,0,0,0,1,1.000,6.36,6,true,3,0,3,3,0,0,0.000,1.000,"|||||crossing_pass|||||crossing_pass;repair|||||||crossing_pass||||",false,false,0,0
"Classic - Resource Manager","Classic","Resource Manager","CL-ORANGE02",1524,23,"Boss Vote Failed - Game Over","boss_vote_failed",7,0,8,19,3,25300,true,false,2100.0,22,0,1,132.77,7,0,3500,"",0,0,0,0,0,0,0.957,6.09,7,true,3,0,3,2,1,0,0.000,0.667,"||||crossing_pass||||||detour|||||||crossing_pass|||||",false,false,0,0
"Classic - Resource Manager","Classic","Resource Manager","CL-ORANGE02",1525,23,"Victory - Boss Defeated","boss.victory",7,0,8,18,3,24700,true,true,2100.0,22,0,1,132.77,7,0,3500,"",0,0,0,0,0,0,0.957,6.09,6,true,3,0,3,2,1,0,0.000,0.667,"|||||crossing_pass|||||crossing_pass|||||||detour|||||",false,false,0,0
"Classic - Resource Manager","Classic","Resource Manager","CL-ORANGE02",1526,22,"Boss Vote Failed - Game Over","boss_vote_failed",7,0,9,18,4,25300,true,false,2100.0,22,0,0,132.77,7,0,3500,"",0,8,0,0,0,0,1.000,6.36,6,true,3,0,3,3,0,0,0.000,1.000,"||||crossing_pass||||||crossing_pass|||||||crossing_pass||||",false,false,0,0
"Classic - Resource Manager","Classic","Resource Manager","CL-ORANGE02",1527,22,"Boss Vote Failed - Game Over","boss_vote_failed",8,0,9,19,4,24300,true,false,2100.0,22,0,0,132.77,8,0,3500,"",0,8,0,0,0,0,1.000,7.27,5,true,3,0,3,3,0,0,0.000,1.000,"|||||crossing_pass|||||crossing_pass|||||||crossing_pass||||",false,false,0,0
"Classic - Resource Manager","Classic","Resource Manager","CL-ORANGE02",1528,22,"Victory - Boss Defeated","boss.victory",7,0,10,19,4,24300,true,true,2100.0,22,0,0,132.77,7,0,3500,"",0,0,0,0,0,0,1.000,6.36,7,true,3,0,3,3,0,0,0.000,1.000,"||||crossing_pass||||||crossing_pass|||||||crossing_pass||||",false,false,0,0
"Classic - Resource Manager","Classic","Resource Manager","CL-ORANGE02",1529,23,"Boss Vote Failed - Game Over","boss_vote_failed",7,2,10,20,3,18900,true,false,2100.0,22,0,1,132.77,7,2700,3500,"",0,0,0,0,0,2,0.957,6.09,5,true,3,0,3,3,0,0,0.000,1.000,"|||||crossing_pass||||repair|crossing_pass|||||||crossing_pass|repair||||",false,false,0,0
"Classic - Resource Manager","Classic","Resource Manager","CL-ORANGE02",1530,23,"Victory - Boss Defeated","boss.victory",7,0,9,18,4,25800,true,true,2100.0,22,0,1,132.77,7,0,3500,"",0,0,0,0,1,0,0.957,6.09,6,true,3,0,3,2,1,0,0.000,0.667,"|||||detour|||||crossing_pass|||||||crossing_pass||camp|||",false,false,0,0
"Classic - Resource Manager","Classic","Resource Manager","CL-ORANGE02",1531,22,"Boss Vote Failed - Game Over","boss_vote_failed",7,0,10,19,4,24300,true,false,2100.0,22,0,0,132.77,7,0,3500,"",0,0,0,0,0,0,1.000,6.36,6,true,3,0,3,2,1,0,0.000,0.667,"|||||detour|||||crossing_pass|||||||crossing_pass||||",false,false,0,0
"Classic - Resource Manager","Classic","Resource Manager","CL-ORANGE02",1532,22,"Victory - Boss Defeated","boss.victory",9,0,7,18,4,26600,true,true,2100.0,22,0,0,132.77,9,0,3500,"",0,0,0,0,0,0,1.000,8.18,6,true,3,0,3,3,0,0,0.000,1.000,"|||||crossing_pass|||||crossing_pass|||||||crossing_pass||||",false,false,0,0
"Classic - Resource Manager","Classic","Resource Manager","CL-ORANGE02",1533,22,"Victory - Boss Defeated","boss.victory",6,0,9,19,4,24800,true,true,2100.0,22,0,0,132.77,6,0,3500,"",0,4,0,0,0,0,1.000,5.45,5,true,3,0,3,2,1,0,0.000,0.667,"|||||crossing_pass|||||crossing_pass|||||||detour||||",false,false,0,0
"Classic - Resource Manager","Classic","Resource Manager","CL-ORANGE02",1534,22,"Victory - Boss Defeated","boss.victory",8,0,10,19,4,25800,true,true,2100.0,22,0,0,132.77,8,0,3500,"",0,0,0,0,0,0,1.000,7.27,6,true,3,0,3,3,0,0,0.000,1.000,"||||crossing_pass||||||crossing_pass|||||||crossing_pass||||",false,false,0,0
"Classic - Resource Manager","Classic","Resource Manager","CL-ORANGE02",1535,23,"Victory - Boss Defeated","boss.victory",7,0,9,20,3,24700,true,true,2100.0,22,0,1,132.77,7,0,3500,"",0,3,0,0,0,0,0.957,6.09,6,true,3,0,3,1,2,0,0.000,0.333,"|||||crossing_pass|||||detour|||||||detour|||||",false,false,0,0
"Classic - Resource Manager","Classic","Resource Manager","CL-ABBOTT03",1536,22,"Boss Vote Failed - Game Over","boss_vote_failed",8,1,9,18,4,24800,true,false,2100.0,21,1,0,132.77,8,0,3500,"",0,0,0,0,1,1,1.000,7.27,6,true,3,0,3,3,0,0,0.000,1.000,"|||||crossing_pass|||||crossing_pass|||camp||||repair;crossing_pass||||",false,false,0,0
"Classic - Resource Manager","Classic","Resource Manager","CL-ABSCAM03",1537,23,"Boss Vote Failed - Game Over","boss_vote_failed",8,0,10,18,2,23800,true,false,2100.0,22,0,1,132.77,8,0,3500,"",0,0,0,0,0,0,0.957,6.96,5,true,3,0,3,3,0,0,0.000,1.000,"|||||crossing_pass|||||crossing_pass|||||||crossing_pass|||||",false,false,0,0
"Classic - Resource Manager","Classic","Resource Manager","CL-AILEEN03",1538,22,"Boss Vote Failed - Game Over","boss_vote_failed",7,0,10,18,4,26600,true,false,2100.0,22,0,0,132.77,7,0,3500,"",0,0,0,0,0,0,1.000,6.36,6,true,3,0,3,2,1,0,0.000,0.667,"||||detour|||||crossing_pass||||||||crossing_pass||||",false,false,0,0
"Classic - Resource Manager","Classic","Resource Manager","CL-AILES03",1539,23,"Boss Vote Failed - Game Over","boss_vote_failed",8,0,10,19,4,23200,true,false,2100.0,21,1,1,132.77,8,0,3500,"",0,0,0,0,0,0,0.957,6.96,5,true,3,0,3,2,1,0,0.000,0.667,"|||||crossing_pass|||||crossing_pass|||||||detour|||||",false,false,0,0
"Classic - Resource Manager","Classic","Resource Manager","CL-ALEXJON03",1540,22,"Victory - Boss Defeated","boss.victory",7,0,10,19,4,24300,true,true,2100.0,22,0,0,132.77,7,0,3500,"",0,0,0,0,0,0,1.000,6.36,6,true,3,0,3,3,0,0,0.000,1.000,"||||crossing_pass|||||crossing_pass||||||||crossing_pass||||",false,false,0,0
"Classic - Resource Manager","Classic","Resource Manager","CL-ALITO03",1541,23,"Boss Vote Failed - Game Over","boss_vote_failed",7,0,9,19,3,24700,true,false,2100.0,22,0,1,132.77,7,0,3500,"",0,4,0,0,0,0,0.957,6.09,5,true,3,0,3,3,0,0,0.000,1.000,"|||||crossing_pass|||||crossing_pass|||||||crossing_pass|||||",false,false,0,0
"Classic - Resource Manager","Classic","Resource Manager","CL-AMNESTY03",1542,22,"Boss Vote Failed - Game Over","boss_vote_failed",6,0,9,18,4,25800,true,false,2100.0,22,0,0,132.77,6,0,3500,"",0,0,0,0,0,0,1.000,5.45,6,true,3,0,3,2,1,0,0.000,0.667,"||||crossing_pass|||||crossing_pass||||||||detour||||",false,false,0,0
"Classic - Resource Manager","Classic","Resource Manager","CL-AMYBAR03",1543,22,"Boss Vote Failed - Game Over","boss_vote_failed",7,0,10,20,4,24300,true,false,2100.0,22,0,0,132.77,7,0,3500,"",0,0,0,0,0,0,1.000,6.36,7,true,3,0,3,3,0,0,0.000,1.000,"|||||crossing_pass|||||crossing_pass|||||||crossing_pass||||",false,false,0,0
"Classic - Resource Manager","Classic","Resource Manager","CL-ANTIFA03",1544,23,"Boss Vote Failed - Game Over","boss_vote_failed",7,0,10,19,4,22700,true,false,2100.0,22,0,1,132.77,7,0,3500,"travel_ban_lite",1,0,0,0,0,0,0.957,6.09,5,true,3,0,3,2,1,0,0.000,0.667,"|||||detour|||||crossing_pass|||||||crossing_pass|||||",false,false,0,0
"Classic - Resource Manager","Classic","Resource Manager","CL-ANTIVAX03",1545,23,"Boss Vote Failed - Game Over","boss_vote_failed",7,0,10,19,3,24300,true,false,2100.0,22,0,1,132.77,7,0,3500,"",0,0,0,0,0,0,0.957,6.09,6,true,3,0,3,2,1,0,0.000,0.667,"|||||detour|||||crossing_pass|||||||crossing_pass|||||",false,false,0,0
"Classic - Resource Manager","Classic","Resource Manager","CL-AOC03",1546,23,"Boss Vote Failed - Game Over","boss_vote_failed",7,0,10,18,4,24200,true,false,2100.0,22,0,1,132.77,7,0,3500,"book_panic",2,0,0,0,1,0,0.957,6.09,5,true,3,0,3,2,1,0,0.000,0.667,"||||detour||||camp||crossing_pass|||||||crossing_pass|||||",false,false,0,0
"Classic - Resource Manager","Classic","Resource Manager","CL-ASYLUM03",1547,22,"Victory - Boss Defeated","boss.victory",7,0,9,20,4,23700,true,true,2100.0,22,0,0,132.77,7,0,3500,"",0,0,0,0,0,0,1.000,6.36,6,true,3,0,3,3,0,0,0.000,1.000,"|||||crossing_pass|||||crossing_pass|||||||crossing_pass||||",false,false,0,0
"Classic - Resource Manager","Classic","Resource Manager","CL-AUDITAZ03",1548,22,"Victory - Boss Defeated","boss.victory",7,0,10,20,4,24800,true,true,2100.0,21,1,0,132.77,7,0,3500,"",0,0,0,0,0,0,1.000,6.36,4,true,3,0,3,3,0,0,0.000,1.000,"|||||crossing_pass|||||crossing_pass|||||||crossing_pass||||",false,false,0,0
"Classic - Resource Manager","Classic","Resource Manager","CL-AZAR03",1549,22,"Boss Vote Failed - Game Over","boss_vote_failed",8,0,9,18,4,23800,true,false,2100.0,22,0,0,132.77,8,0,3500,"",0,0,0,0,0,0,1.000,7.27,5,true,3,0,3,3,0,0,0.000,1.000,"|||||crossing_pass|||||crossing_pass|||||||crossing_pass||||",false,false,0,0
"Classic - Resource Manager","Classic","Resource Manager","CL-BANHAM03",1550,22,"Victory - Boss Defeated","boss.victory",7,0,8,18,4,24600,true,true,2100.0,21,1,0,132.77,7,0,3500,"",0,0,0,0,0,0,1.000,6.36,7,true,3,0,3,2,1,0,0.000,0.667,"|||||crossing_pass|||||detour|||||||crossing_pass||||",false,false,0,0
"Classic - Resource Manager","Classic","Resource Manager","CL-BANNON03",1551,23,"Victory - Boss Defeated","boss.victory",7,1,10,18,3,23900,true,true,2100.0,21,1,1,132.77,7,2700,3500,"",0,0,0,0,1,1,0.957,6.09,5,true,3,0,3,1,2,0,0.000,0.333,"||||detour||||repair||crossing_pass|||||camp|||detour||||",false,false,0,0
"Classic - Resource Manager","Classic","Resource Manager","CL-BARR03",1552,24,"Boss Vote Failed - Game Over","boss_vote_failed",7,2,10,20,3,20300,true,false,2100.0,22,0,2,132.77,7,0,3500,"",0,0,0,0,1,2,0.917,5.83,6,true,3,0,3,3,0,0,0.000,1.000,"|||||camp|crossing_pass;repair|||||crossing_pass;repair|||||||crossing_pass|||||",false,false,0,0
"Classic - Resource Manager","Classic","Resource Manager","CL-BARRON03",1553,23,"Victory - Boss Defeated","boss.victory",8,1,10,19,4,22600,true,true,2100.0,22,0,1,132.77,8,0,3500,"",0,9,0,0,0,1,0.957,6.96,7,true,3,0,3,2,1,0,0.000,0.667,"|||||crossing_pass;repair|||||detour|||||||crossing_pass|||||",false,false,0,0
"Classic - Resource Manager","Classic","Resource Manager","CL-BECK03",1554,23,"Victory - Boss Defeated","boss.victory",7,0,10,18,3,24300,true,true,2100.0,22,0,1,132.77,7,0,3500,"",0,0,0,0,0,0,0.957,6.09,5,true,3,0,3,2,1,0,0.000,0.667,"|||||crossing_pass|||||detour|||||||crossing_pass|||||",false,false,0,0
"Classic - Resource Manager","Classic","Resource Manager","CL-BEDMIN03",1555,23,"Boss Vote Failed - Game Over","boss_vote_failed",8,0,9,19,4,23300,true,false,2100.0,21,1,1,132.77,8,0,3500,"",0,0,0,0,0,0,0.957,6.96,5,true,3,0,3,2,1,0,0.000,0.667,"|||||crossing_pass|||||crossing_pass|||||||detour|||||",false,false,0,0
"Classic - Resource Manager","Classic","Resource Manager","CL-BENGHAZ03",1556,22,"Victory - Boss Defeated","boss.victory",6,0,10,18,4,23700,true,true,2100.0,22,0,0,132.77,6,0,3500,"",0,4,0,0,0,0,1.000,5.45,6,true,3,0,3,2,1,0,0.000,0.667,"||||detour||||||crossing_pass|||||||crossing_pass||||",false,false,0,0
"Classic - Resource Manager","Classic","Resource Manager","CL-BERNIE03",1557,23,"Boss Vote Failed - Game Over","boss_vote_failed",8,0,10,17,4,24100,true,false,2100.0,23,0,0,127.00,8,0,3500,"",0,3,0,0,0,0,1.000,6.96,5,true,3,0,3,2,1,0,0.000,0.667,"|||||detour|||||crossing_pass||||||||crossing_pass||||",false,false,0,0
"Classic - Resource Manager","Classic","Resource Manager","CL-BIDEN03",1558,23,"Boss Vote Failed - Game Over","boss_vote_failed",7,1,9,20,3,22800,true,false,2100.0,22,0,1,132.77,7,0,3500,"",0,2,0,0,0,1,0.957,6.09,5,true,3,0,3,2,1,0,0.000,0.667,"|||||detour|||||crossing_pass||||repair||||crossing_pass||||",false,false,0,0
"Classic - Resource Manager","Classic","Resource Manager","CL-BIGLY03",1559,23,"Boss Vote Failed - Game Over","boss_vote_failed",7,0,10,18,4,24800,true,false,2100.0,22,0,1,132.77,7,0,3500,"",0,0,0,0,0,0,0.957,6.09,6,true,3,0,3,2,1,0,0.000,0.667,"||||detour|||||crossing_pass||||||||crossing_pass|||||",false,false,0,0
"Classic - Resource Manager","Classic","Resource Manager","CL-BIGMAC03",1560,23,"Boss Vote Failed - Game Over","boss_vote_failed",7,1,8,17,4,23100,true,false,2100.0,23,0,0,127.00,7,0,3500,"",0,0,0,0,0,1,1.000,6.09,5,true,3,0,3,2,1,0,0.000,0.667,"|||||crossing_pass|||||detour;repair||||||||crossing_pass||||",false,false,0,0
"Classic - Resource Manager","Classic","Resource Manager","CL-BLEACH03",1561,23,"Boss Vote Failed - Game Over","boss_vote_failed",8,0,9,20,3,22600,true,false,2100.0,22,0,1,132.77,8,0,3500,"",0,0,0,0,0,0,0.957,6.96,7,true,3,0,3,3,0,0,0.000,1.000,"|||||crossing_pass|||||crossing_pass|||||||crossing_pass|||||",false,false,0,0
"Classic - Resource Manager","Classic","Resource Manager","CL-BLEXIT03",1562,22,"Boss Vote Failed - Game Over","boss_vote_failed",7,0,9,19,4,25300,true,false,2100.0,22,0,0,132.77,7,0,3500,"",0,0,0,0,0,0,1.000,6.36,6,true,3,0,3,3,0,0,0.000,1.000,"||||crossing_pass|||||crossing_pass||||||||crossing_pass||||",false,false,0,0
"Classic - Resource Manager","Classic","Resource Manager","CL-BLM03",1563,23,"Boss Vote Failed - Game Over","boss_vote_failed",7,0,9,18,3,26100,true,false,2100.0,21,0,2,139.10,7,0,3500,"",0,0,0,0,1,0,0.913,6.09,5,true,3,0,3,3,0,0,0.000,1.000,"|||||crossing_pass|||||crossing_pass|||||||crossing_pass|||camp||",false,false,0,0
"Classic - Resource Manager","Classic","Resource Manager","CL-BOEBERT03",1564,23,"Boss Vote Failed - Game Over","boss_vote_failed",7,0,10,18,4,24800,true,false,2100.0,22,0,1,132.77,7,0,3500,"",0,0,0,0,0,0,0.957,6.09,6,true,3,0,3,3,0,0,0.000,1.000,"|||||crossing_pass|||||crossing_pass|||||||crossing_pass|||||",false,false,0,0
"Classic - Resource Manager","Classic","Resource Manager","CL-BOLTON03",1565,22,"Victory - Boss Defeated","boss.victory",7,0,10,19,4,23900,true,true,2100.0,22,0,0,132.77,7,0,3500,"",0,7,0,0,0,0,1.000,6.36,6,true,3,0,3,3,0,0,0.000,1.000,"||||crossing_pass|||||crossing_pass||||||||crossing_pass||||",false,false,0,0
"Classic - Resource Manager","Classic","Resource Manager","CL-BONTA03",1566,22,"Victory - Boss Defeated","boss.victory",7,0,8,19,4,25800,true,true,2100.0,21,1,0,132.77,7,0,3500,"",0,6,0,0,0,0,1.000,6.36,5,true,3,0,3,3,0,0,0.000,1.000,"|||||crossing_pass|||||crossing_pass|||||||crossing_pass||||",false,false,0,0
"Classic - Resource Manager","Classic","Resource Manager","CL-BORDER03",1567,22,"Boss Vote Failed - Game Over","boss_vote_failed",7,0,10,18,4,23200,true,false,2100.0,22,0,0,132.77,7,0,3500,"",0,0,0,0,0,0,1.000,6.36,7,true,3,0,3,2,1,0,0.000,0.667,"||||crossing_pass|||||crossing_pass||||||||detour||||",false,false,0,0
"Classic - Resource Manager","Classic","Resource Manager","CL-BOXES03",1568,23,"Boss Vote Failed - Game Over","boss_vote_failed",7,0,9,19,4,25800,true,false,2100.0,22,0,1,132.77,7,0,3500,"",0,0,0,0,0,0,0.957,6.09,6,true,3,0,3,3,0,0,0.000,1.000,"|||||crossing_pass|||||crossing_pass|||||||crossing_pass|||||",false,false,0,0
"Classic - Resource Manager","Classic","Resource Manager","CL-BREIT03",1569,23,"Boss Vote Failed - Game Over","boss_vote_failed",7,1,9,18,4,20900,true,false,2100.0,23,0,0,127.00,7,3100,3500,"",0,7,1,0,0,1,1.000,6.09,6,true,3,0,3,2,1,0,0.000,0.667,"||||crossing_pass|||repair|||detour||||||||crossing_pass||||",false,false,0,0
"Classic - Resource Manager","Classic","Resource Manager","CL-BUNKER03",1570,23,"Boss Vote Failed - Game Over","boss_vote_failed",7,0,9,18,4,24200,true,false,2100.0,22,0,1,132.77,7,0,3500,"",0,6,1,0,1,0,0.957,6.09,5,true,3,0,3,3,0,0,0.000,1.000,"|||||crossing_pass|||||crossing_pass|||||camp|||crossing_pass||||",false,false,0,0
"Classic - Resource Manager","Classic","Resource Manager","CL-BUTLER03",1571,22,"Boss Vote Failed - Game Over","boss_vote_failed",8,0,10,20,4,25000,true,false,2100.0,21,1,0,132.77,8,0,3500,"",0,0,0,0,0,0,1.000,7.27,5,true,3,0,3,3,0,0,0.000,1.000,"|||||crossing_pass|||||crossing_pass|||||||crossing_pass||||",false,false,0,0
"Classic - Resource Manager","Classic","Resource Manager","CL-CANNON03",1572,23,"Boss Vote Failed - Game Over","boss_vote_failed",7,1,10,19,3,22400,true,false,2100.0,22,0,1,132.77,7,2700,3500,"",0,0,0,0,0,1,0.957,6.09,5,true,3,0,3,3,0,0,0.000,1.000,"|||repair||crossing_pass|||||crossing_pass|||||||crossing_pass|||||",false,false,0,0
"Classic - Resource Manager","Classic","Resource Manager","CL-CAPRIOT03",1573,22,"Boss Vote Failed - Game Over","boss_vote_failed",7,1,9,19,4,23100,true,false,2100.0,22,0,0,132.77,7,0,3500,"",0,0,0,0,0,1,1.000,6.36,5,true,3,0,3,2,1,0,0.000,0.667,"|||repair||crossing_pass|||||crossing_pass|||||||detour||||",false,false,0,0
"Classic - Resource Manager","Classic","Resource Manager","CL-CARAVAN03",1574,23,"Boss Vote Failed - Game Over","boss_vote_failed",7,0,10,18,4,24600,true,false,2100.0,22,0,1,132.77,7,0,3500,"",0,0,0,0,1,0,0.957,6.09,6,true,3,0,3,3,0,0,0.000,1.000,"|||||crossing_pass|||||crossing_pass|||||||camp|crossing_pass||||",false,false,0,0
"Classic - Resource Manager","Classic","Resource Manager","CL-CARSON03",1575,22,"Victory - Boss Defeated","boss.victory",6,0,10,20,4,23800,true,true,2100.0,22,0,0,132.77,6,0,3500,"",0,0,0,0,0,0,1.000,5.45,6,true,3,0,3,2,1,0,0.000,0.667,"|||||crossing_pass|||||crossing_pass|||||||detour||||",false,false,0,0
"Classic - Resource Manager","Classic","Resource Manager","CL-CHEETO03",1576,23,"Boss Vote Failed - Game Over","boss_vote_failed",8,1,10,19,4,22600,true,false,2100.0,21,1,1,132.77,8,0,3500,"",0,0,0,0,0,1,0.957,6.96,5,true,3,0,3,3,0,0,0.000,1.000,"|||||crossing_pass|||||crossing_pass|||||||crossing_pass|repair||||",false,false,0,0
"Classic - Resource Manager","Classic","Resource Manager","CL-CHENEY03",1577,23,"Boss Vote Failed - Game Over","boss_vote_failed",8,1,8,18,4,21500,true,false,2100.0,23,0,0,127.00,8,2700,3500,"",0,0,0,0,0,1,1.000,6.96,6,true,3,0,3,3,0,0,0.000,1.000,"||||crossing_pass||||||crossing_pass|||repair|||||crossing_pass||||",false,false,0,0
"Classic - Resource Manager","Classic","Resource Manager","CL-CHESBRO03",1578,22,"Boss Vote Failed - Game Over","boss_vote_failed",8,0,9,20,4,25800,true,false,2100.0,22,0,0,132.77,8,0,3500,"",0,0,0,0,0,0,1.000,7.27,6,true,3,0,3,3,0,0,0.000,1.000,"|||||crossing_pass|||||crossing_pass|||||||crossing_pass||||",false,false,0,0
"Classic - Resource Manager","Classic","Resource Manager","CL-CHINAV03",1579,23,"Boss Vote Failed - Game Over","boss_vote_failed",8,0,10,18,4,26100,true,false,2100.0,22,0,1,132.77,8,0,3500,"",0,4,0,0,1,0,0.957,6.96,5,true,3,0,3,2,1,0,0.000,0.667,"|||||detour|||||crossing_pass||||camp||||crossing_pass||||",false,false,0,0
"Classic - Resource Manager","Classic","Resource Manager","CL-CLIMATE03",1580,23,"Boss Vote Failed - Game Over","boss_vote_failed",6,1,10,16,4,23400,true,false,2100.0,22,0,1,132.77,6,0,3500,"",0,0,1,0,0,1,0.957,5.22,6,true,3,0,3,2,1,0,0.000,0.667,"|||||detour|||||crossing_pass|||||||repair;crossing_pass|||||",false,false,0,0
"Classic - Resource Manager","Classic","Resource Manager","CL-CLOWN03",1581,22,"Boss Vote Failed - Game Over","boss_vote_failed",7,0,8,20,4,24500,true,false,2100.0,22,0,0,132.77,7,0,3500,"",0,0,0,0,0,0,1.000,6.36,6,true,3,0,3,3,0,0,0.000,1.000,"||||crossing_pass|||||crossing_pass||||||||crossing_pass||||",false,false,0,0
"Classic - Resource Manager","Classic","Resource Manager","CL-COAL03",1582,23,"Boss Vote Failed - Game Over","boss_vote_failed",6,1,10,18,3,21600,true,false,2100.0,22,0,1,132.77,6,0,3500,"",0,2,0,0,0,1,0.957,5.22,5,true,3,0,3,2,1,0,0.000,0.667,"|||||crossing_pass|||||crossing_pass||repair|||||detour|||||",false,false,0,0
"Classic - Resource Manager","Classic","Resource Manager","CL-COATS03",1583,23,"Victory - Boss Defeated","boss.victory",8,0,7,20,4,26600,true,true,2100.0,21,1,1,132.77,8,0,3500,"",0,1,1,0,0,0,0.957,6.96,5,true,3,0,3,2,1,0,0.000,0.667,"|||||detour|||||crossing_pass|||||||crossing_pass|||||",false,false,0,0
"Classic - Resource Manager","Classic","Resource Manager","CL-COHEN03",1584,22,"Boss Vote Failed - Game Over","boss_vote_failed",7,0,9,18,4,25300,true,false,2100.0,22,0,0,132.77,7,0,3500,"",0,0,0,0,0,0,1.000,6.36,6,true,3,0,3,2,1,0,0.000,0.667,"||||detour|||||crossing_pass||||||||crossing_pass||||",false,false,0,0
"Classic - Resource Manager","Classic","Resource Manager","CL-COLLUSN03",1585,23,"Boss Vote Failed - Game Over","boss_vote_failed",7,0,10,20,4,23800,true,false,2100.0,21,1,1,132.77,7,0,3500,"",0,0,0,0,1,0,0.957,6.09,6,true,3,0,3,2,1,0,0.000,0.667,"|||||detour|||||crossing_pass|||||||camp|crossing_pass||||",false,false,0,0
"Classic - Resource Manager","Classic","Resource Manager","CL-CONWAY03",1586,22,"Boss Vote Failed - Game Over","boss_vote_failed",7,1,10,19,4,23300,true,false,2100.0,22,0,0,132.77,7,0,3500,"",0,0,0,0,0,1,1.000,6.36,5,true,3,0,3,2,1,0,0.000,0.667,"|||repair||crossing_pass|||||detour|||||||crossing_pass||||",false,false,0,0
"Deep - Aggressive","Deep","Aggressive","DP-ORANGE02",1337,21,"Victory - Boss Defeated","boss.victory",7,1,10,16,4,13600,true,true,2067.6,21,0,0,141.57,7,0,2500,"shutdown",1,0,0,0,0,1,1.000,6.67,6,true,3,0,2,2,0,0,0.000,1.000,"||||repair;crossing_pass|||||crossing_pass|||||||endgame_activate;endgame_active|endgame_active;crossing_pass|endgame_active|endgame_active|endgame_active",true,false,0,0
"Deep - Aggressive","Deep","Aggressive","DP-ORANGE02",1338,22,"Victory - Boss Defeated","boss.victory",7,1,10,15,4,14100,true,true,2054.9,20,0,2,147.74,7,0,1500,"shutdown",1,0,0,0,1,1,0.909,6.36,6,true,3,0,1,1,0,0,0.000,1.000,"|repair|||crossing_pass|||||crossing_pass|||||||endgame_activate;endgame_active|endgame_active;crossing_pass|camp|endgame_active|endgame_active|",true,false,0,0
"Deep - Aggressive","Deep","Aggressive","DP-ORANGE02",1339,21,"Victory - Boss Defeated","boss.victory",6,0,10,14,4,14700,true,true,2067.6,21,0,0,141.57,6,0,4000,"",0,0,0,0,0,0,1.000,5.71,6,true,3,0,3,2,1,0,0.000,0.667,"||||detour|||||crossing_pass||||||endgame_activate;endgame_active|endgame_active|endgame_active;crossing_pass|endgame_active|endgame_active|endgame_active",true,false,0,0
"Deep - Aggressive","Deep","Aggressive","DP-ORANGE02",1340,21,"Victory - Boss Defeated","boss.victory",7,0,10,13,4,15100,true,true,2067.6,21,0,0,141.57,7,0,4000,"",0,0,0,0,1,0,1.000,6.67,6,true,3,0,3,3,0,0,0.000,1.000,"||||crossing_pass||||crossing_pass||||||camp|endgame_activate;endgame_active|endgame_active|endgame_active;crossing_pass|endgame_active|endgame_active|endgame_active",true,false,0,0
"Deep - Aggressive","Deep","Aggressive","DP-ORANGE02",1341,22,"Victory - Boss Defeated","boss.victory",8,1,10,16,4,13700,true,true,2061.9,21,0,1,141.18,8,0,4000,"",0,0,0,0,0,1,0.955,7.27,6,true,3,0,3,3,0,0,0.000,1.000,"||||crossing_pass|||||crossing_pass||||||endgame_activate;endgame_active|endgame_active|endgame_active;crossing_pass;repair|endgame_active;endgame_cooldown|endgame_active|endgame_active|",true,false,0,0
"Deep - Aggressive","Deep","Aggressive","DP-ORANGE02",1342,21,"Victory - Boss Defeated","boss.victory",7,0,10,14,4,15200,true,true,2067.6,21,0,0,141.57,7,0,4000,"",0,4,0,0,0,0,1.000,6.67,5,true,3,0,3,2,1,0,0.000,0.667,"||||crossing_pass||||detour|||||||endgame_activate;endgame_active|endgame_active|endgame_active;crossing_pass|endgame_active|endgame_active|endgame_active",true,false,0,0
"Deep - Aggressive","Deep","Aggressive","DP-ORANGE02",1343,22,"Victory - Boss Defeated","boss.victory",7,0,10,15,4,13900,true,true,2067.6,21,0,1,141.57,7,0,4000,"",0,2,0,0,0,0,0.955,6.36,4,true,3,0,3,3,0,0,0.000,1.000,"||||crossing_pass|||||crossing_pass|||||||endgame_activate;endgame_active|endgame_active;crossing_pass|endgame_active|endgame_active|endgame_active|",true,false,0,0
"Deep - Aggressive","Deep","Aggressive","DP-ORANGE02",1344,22,"Victory - Boss Defeated","boss.victory",7,0,10,14,4,14600,true,true,2067.6,21,0,1,141.57,7,0,4000,"",0,1,0,0,0,0,0.955,6.36,6,true,3,0,3,1,2,0,0.000,0.333,"||||detour|||||crossing_pass|||||||endgame_activate;endgame_active|endgame_active;detour|endgame_active|endgame_active|endgame_active|",true,false,0,0
"Deep - Aggressive","Deep","Aggressive","DP-ORANGE02",1345,21,"Victory - Boss Defeated","boss.victory",6,0,10,14,4,15700,true,true,2067.6,20,0,1,148.65,6,0,4000,"",0,0,0,0,0,0,0.952,5.71,5,true,3,0,3,3,0,0,0.000,1.000,"||||crossing_pass||||crossing_pass|||||||endgame_activate;endgame_active|endgame_active;crossing_pass|endgame_active|endgame_active|endgame_active|",true,false,0,0
"Deep - Aggressive","Deep","Aggressive","DP-ORANGE02",1346,21,"Victory - Boss Defeated","boss.victory",7,0,10,14,4,16100,true,true,2067.6,20,1,0,141.57,7,0,4000,"",0,0,0,0,0,0,1.000,6.67,5,true,3,0,3,3,0,0,0.000,1.000,"||||crossing_pass||||crossing_pass|||||||endgame_activate;endgame_active|endgame_active|endgame_active;crossing_pass|endgame_active|endgame_active|endgame_active",true,false,0,0
"Deep - Aggressive","Deep","Aggressive","DP-ORANGE02",1347,23,"Victory - Boss Defeated","boss.victory",9,1,10,14,4,15200,true,true,2067.6,21,0,2,141.57,9,0,3000,"",0,6,0,0,1,1,0.913,7.83,5,true,3,0,2,1,1,0,0.000,0.500,"repair||||crossing_pass||||||crossing_pass|||||||endgame_activate;endgame_active|endgame_active;detour|endgame_active|camp|endgame_active|",true,false,0,0
"Deep - Aggressive","Deep","Aggressive","DP-ORANGE02",1348,22,"Victory - Boss Defeated","boss.victory",9,1,10,14,4,11100,true,true,2067.6,22,0,0,135.14,9,3100,4000,"",0,0,0,0,0,1,1.000,8.18,6,true,3,0,3,2,1,0,0.000,0.667,"||||crossing_pass||||detour||||||repair|endgame_activate;endgame_active;endgame_cooldown|endgame_active|endgame_active;crossing_pass|endgame_active|endgame_active|endgame_active|endgame_active",true,false,0,0
"Deep - Aggressive","Deep","Aggressive","DP-ORANGE02",1349,22,"Victory - Boss Defeated","boss.victory",7,0,10,15,4,13200,true,true,2067.6,20,1,1,141.57,7,0,4000,"",0,3,0,0,0,0,0.955,6.36,5,true,3,0,3,3,0,0,0.000,1.000,"||||crossing_pass|||||crossing_pass|||||||endgame_activate;endgame_active|endgame_active;crossing_pass|endgame_active|endgame_active|endgame_active|",true,false,0,0
"Deep - Aggressive","Deep","Aggressive","DP-ORANGE02",1350,21,"Victory - Boss Defeated","boss.victory",7,0,10,16,4,14200,true,true,2067.6,21,0,0,141.57,7,0,4000,"",0,0,0,0,0,0,1.000,6.67,6,true,3,0,3,3,0,0,0.000,1.000,"||||crossing_pass||||crossing_pass|||||||endgame_activate;endgame_active|endgame_active|endgame_active;crossing_pass|endgame_active|endgame_active|endgame_active",true,false,0,0
"Deep - Aggressive","Deep","Aggressive","DP-ORANGE02",1351,23,"Victory - Boss Defeated","boss.victory",7,1,10,13,4,13400,true,true,2067.6,22,0,1,135.14,7,0,4000,"",0,0,0,0,1,1,0.957,6.09,6,true,3,0,3,3,0,0,0.000,1.000,"||||crossing_pass|repair||||crossing_pass||||camp||||endgame_activate;endgame_active|endgame_active;crossing_pass|endgame_active|endgame_active|endgame_active|",true,false,0,0
"Deep - Aggressive","Deep","Aggressive","DP-ORANGE02",1352,21,"Victory - Boss Defeated","boss.victory",8,0,10,16,4,14200,true,true,2067.6,20,1,0,141.57,8,0,4000,"",0,0,0,0,0,0,1.000,7.62,5,true,3,0,3,3,0,0,0.000,1.000,"||||crossing_pass|||||crossing_pass|||||||endgame_activate;endgame_active|endgame_active;crossing_pass|endgame_active|endgame_active|endgame_active",true,false,0,0
"Deep - Aggressive","Deep","Aggressive","DP-ORANGE02",1353,21,"Victory - Boss Defeated","boss.victory",6,0,10,16,4,15200,true,true,2067.6,20,0,1,148.65,6,0,4000,"",0,0,0,0,0,0,0.952,5.71,5,true,3,0,3,3,0,0,0.000,1.000,"||||crossing_pass||||crossing_pass|||||||endgame_activate;endgame_active|endgame_active;crossing_pass|endgame_active|endgame_active|endgame_active|",true,false,0,0
"Deep - Aggressive","Deep","Aggressive","DP-ORANGE02",1354,22,"Victory - Boss Defeated","boss.victory",7,0,10,16,3,14200,true,true,2067.6,21,0,1,141.57,7,0,4000,"",0,3,0,0,0,0,0.955,6.36,6,true,3,0,3,2,1,0,0.000,0.667,"||||detour|||||crossing_pass|||||||endgame_activate;endgame_active|endgame_active;crossing_pass|endgame_active|endgame_active|endgame_active|",true,false,0,0
"Deep - Aggressive","Deep","Aggressive","DP-ORANGE02",1355,21,"Victory - Boss Defeated","boss.victory",6,2,10,16,4,11500,true,true,2067.6,20,1,0,141.57,6,0,4000,"",0,0,0,0,0,2,1.000,5.71,4,true,3,0,3,3,0,0,0.000,1.000,"||||crossing_pass||||crossing_pass|||||repair||repair;endgame_activate;endgame_active;endgame_cooldown|endgame_active;endgame_cooldown|endgame_active;crossing_pass|endgame_active|endgame_active|endgame_active",true,false,0,0
"Deep - Aggressive","Deep","Aggressive","DP-ORANGE02",1356,21,"Victory - Boss Defeated","boss.victory",7,0,10,14,4,14700,true,true,2067.6,21,0,0,141.57,7,0,4000,"",0,0,0,0,0,0,1.000,6.67,6,true,3,0,3,2,1,0,0.000,0.667,"||||crossing_pass||||detour||||||||endgame_activate;endgame_active|endgame_active;crossing_pass|endgame_active|endgame_active|endgame_active",true,false,0,0
"Deep - Aggressive","Deep","Aggressive","DP-ORANGE02",1357,22,"Victory - Boss Defeated","boss.victory",8,0,9,15,4,15700,true,true,2067.6,21,0,1,141.57,8,0,4000,"",0,0,0,0,0,0,0.955,7.27,5,true,3,0,3,2,1,0,0.000,0.667,"||||crossing_pass|||||detour|||||||endgame_activate;endgame_active|endgame_active;crossing_pass|endgame_active|endgame_active|endgame_active|",true,false,0,0
"Deep - Aggressive","Deep","Aggressive","DP-ORANGE02",1358,22,"Victory - Boss Defeated","boss.victory",7,0,10,16,3,14200,true,true,2067.6,19,2,1,141.57,7,0,4000,"",0,5,0,0,1,0,0.955,6.36,6,true,3,0,3,3,0,0,0.000,1.000,"||||crossing_pass|||||crossing_pass|||||||endgame_activate;endgame_active|endgame_active;crossing_pass|endgame_active|camp|endgame_active|",true,false,0,0
"Deep - Aggressive","Deep","Aggressive","DP-ORANGE02",1359,22,"Victory - Boss Defeated","boss.victory",8,1,9,16,4,14200,true,true,2067.6,21,0,1,141.57,8,0,2500,"",0,3,0,0,0,1,0.955,7.27,7,true,3,0,2,1,1,0,0.000,0.500,"|||repair|detour|||||crossing_pass|||||||endgame_activate;endgame_active|endgame_active;crossing_pass|endgame_active|endgame_active|endgame_active|",true,false,0,0
"Deep - Aggressive","Deep","Aggressive","DP-ORANGE02",1360,22,"Victory - Boss Defeated","boss.victory",7,0,10,15,4,14200,true,true,2067.6,21,0,1,141.57,7,0,4000,"",0,5,0,0,1,0,0.955,6.36,6,true,3,0,3,3,0,0,0.000,1.000,"||||crossing_pass|||||crossing_pass||||||endgame_activate;endgame_active|endgame_active;camp|endgame_active|endgame_active;crossing_pass|endgame_active|endgame_active|",true,false,0,0
"Deep - Aggressive","Deep","Aggressive","DP-ORANGE02",1361,21,"Victory - Boss Defeated","boss.victory",7,0,10,16,4,13700,true,true,2067.6,21,0,0,141.57,7,0,4000,"",0,6,0,0,0,0,1.000,6.67,5,true,3,0,3,3,0,0,0.000,1.000,"||||crossing_pass||||crossing_pass|||||||endgame_activate;endgame_active|endgame_active|endgame_active;crossing_pass|endgame_active|endgame_active|endgame_active",true,false,0,0
"Deep - Aggressive","Deep","Aggressive","DP-ORANGE02",1362,21,"Victory - Boss Defeated","boss.victory",7,0,10,15,4,17100,true,true,2067.6,21,0,0,141.57,7,0,4000,"",0,0,0,0,0,0,1.000,6.67,5,true,3,0,3,3,0,0,0.000,1.000,"||||crossing_pass|||||crossing_pass|||||||endgame_activate;endgame_active|endgame_active;crossing_pass|endgame_active|endgame_active|endgame_active",true,false,0,0
"Deep - Aggressive","Deep","Aggressive","DP-ORANGE02",1363,21,"Victory - Boss Defeated","boss.victory",7,0,10,14,4,14700,true,true,2067.6,21,0,0,141.57,7,0,4000,"",0,0,0,0,0,0,1.000,6.67,6,true,3,0,3,3,0,0,0.000,1.000,"||||crossing_pass||||crossing_pass|||||||endgame_activate;endgame_active|endgame_active;crossing_pass|endgame_active|endgame_active|endgame_active|endgame_active",true,false,0,0
"Deep - Aggressive","Deep","Aggressive","DP-ORANGE02",1364,22,"Victory - Boss Defeated","boss.victory",8,0,10,16,3,15100,true,true,2059.7,21,0,1,141.03,8,0,4000,"",0,0,0,0,0,0,0.955,7.27,6,true,3,0,3,2,1,0,0.000,0.667,"||||crossing_pass|||||detour|||||||endgame_activate;endgame_active|endgame_active;crossing_pass|endgame_active|endgame_active|endgame_active|",true,false,0,0
"Deep - Aggressive","Deep","Aggressive","DP-ORANGE02",1365,22,"Victory - Boss Defeated","boss.victory",7,1,9,16,4,14200,true,true,2067.6,20,1,1,141.57,7,0,4000,"",0,0,0,0,0,1,0.955,6.36,6,true,3,0,3,3,0,0,0.000,1.000,"||||repair;crossing_pass|||||crossing_pass|||||||endgame_activate;endgame_active|endgame_active;crossing_pass|endgame_active|endgame_active|endgame_active|",true,false,0,0
"Deep - Aggressive","Deep","Aggressive","DP-ORANGE02",1366,21,"Victory - Boss Defeated","boss.victory",7,0,10,13,4,15200,true,true,2067.6,21,0,0,141.57,7,0,4000,"",0,0,0,0,0,0,1.000,6.67,6,true,3,0,3,3,0,0,0.000,1.000,"||||crossing_pass||||crossing_pass|||||||endgame_activate;endgame_active|endgame_active;crossing_pass|endgame_active|endgame_active|endgame_active|endgame_active",true,false,0,0
"Deep - Aggressive","Deep","Aggressive","DP-ORANGE02",1367,21,"Victory - Boss Defeated","boss.victory",6,0,10,14,4,15200,true,true,2067.6,20,0,1,148.65,6,0,4000,"",0,0,0,0,0,0,0.952,5.71,5,true,3,0,3,3,0,0,0.000,1.000,"||||crossing_pass||||crossing_pass|||||||endgame_activate;endgame_active|endgame_active;crossing_pass|endgame_active|endgame_active|endgame_active|",true,false,0,0
"Deep - Aggressive","Deep","Aggressive","DP-ORANGE02",1368,10,"Collapse (crossing) - Game Over","collapse_crossing",5,0,10,15,10,900,false,false,1250.0,10,0,0,179.74,5,0,1000,"shutdown",1,0,0,0,0,0,1.000,5.00,4,false,2,0,1,1,0,1,0.500,1.000,"||||crossing_pass|||||crossing_fail",false,false,0,0
"Deep - Aggressive","Deep","Aggressive","DP-ORANGE02",1369,21,"Victory - Boss Defeated","boss.victory",7,1,10,16,4,11900,true,true,2067.6,21,0,0,141.57,7,0,4000,"",0,0,0,0,0,1,1.000,6.67,6,true,3,0,3,2,1,0,0.000,0.667,"||||detour||||crossing_pass||||||repair||endgame_activate;endgame_active|endgame_active;crossing_pass|endgame_active|endgame_active|endgame_active",true,false,0,0
"Deep - Aggressive","Deep","Aggressive","DP-ORANGE02",1370,21,"Victory - Boss Defeated","boss.victory",6,0,9,16,4,14700,true,true,2067.6,21,0,0,141.57,6,0,4000,"",0,0,0,0,0,0,1.000,5.71,6,true,3,0,3,3,0,0,0.000,1.000,"||||crossing_pass||||crossing_pass|||||||endgame_activate;endgame_active|endgame_active;crossing_pass|endgame_active|endgame_active|endgame_active|endgame_active",true,false,0,0
"Deep - Aggressive","Deep","Aggressive","DP-ORANGE02",1371,22,"Victory - Boss Defeated","boss.victory",7,0,10,14,4,15200,true,true,2067.6,20,1,1,141.57,7,0,4000,"",0,0,0,0,1,0,0.955,6.36,7,true,3,0,3,3,0,0,0.000,1.000,"||||crossing_pass||||crossing_pass|||||||endgame_activate;endgame_active|endgame_active|endgame_active;crossing_pass;camp|endgame_active|endgame_active|endgame_active|",true,false,0,0
"Deep - Aggressive","Deep","Aggressive","DP-ORANGE02",1372,21,"Victory - Boss Defeated","boss.victory",7,1,10,15,4,14000,true,true,2067.6,21,0,0,141.57,7,0,2500,"",0,0,0,0,0,1,1.000,6.67,6,true,3,0,2,2,0,0,0.000,1.000,"||||crossing_pass|repair||||crossing_pass|||||||endgame_activate;endgame_active|endgame_active;crossing_pass|endgame_active|endgame_active|endgame_active",true,false,0,0
"Deep - Aggressive","Deep","Aggressive","DP-ORANGE02",1373,22,"Victory - Boss Defeated","boss.victory",7,0,10,15,4,14700,true,true,2067.6,20,1,1,141.57,7,0,4000,"",0,0,0,0,1,0,0.955,6.36,6,true,3,0,3,3,0,0,0.000,1.000,"||||crossing_pass|||||crossing_pass||||||endgame_activate;endgame_active|endgame_active|endgame_active;crossing_pass|endgame_active|camp|endgame_active|",true,false,0,0
"Deep - Aggressive","Deep","Aggressive","DP-ORANGE02",1374,22,"Victory - Boss Defeated","boss.victory",7,0,10,15,4,14600,true,true,2067.6,22,0,0,135.14,7,0,4000,"",0,0,0,0,1,0,1.000,6.36,6,true,3,0,3,2,1,0,0.000,0.667,"||||crossing_pass||||detour|||||||endgame_activate;endgame_active|endgame_active|endgame_active;camp|endgame_active;crossing_pass|endgame_active|endgame_active|endgame_active",true,false,0,0
"Deep - Aggressive","Deep","Aggressive","DP-ORANGE02",1375,21,"Victory - Boss Defeated","boss.victory",6,0,10,15,4,14700,true,true,2067.6,19,1,1,148.65,6,0,4000,"travel_ban_lite",1,0,0,0,1,0,0.952,5.71,5,true,3,0,3,3,0,0,0.000,1.000,"||||crossing_pass||||crossing_pass|||||camp||endgame_activate;endgame_active|endgame_active|endgame_active;crossing_pass|endgame_active|endgame_active|endgame_active",true,false,0,0
"Deep - Aggressive","Deep","Aggressive","DP-ORANGE02",1376,21,"Victory - Boss Defeated","boss.victory",8,0,10,16,4,13700,true,true,2067.6,20,1,0,141.57,8,0,4000,"",0,5,0,0,0,0,1.000,7.62,6,true,3,0,3,3,0,0,0.000,1.000,"||||crossing_pass||||crossing_pass|||||||endgame_activate;endgame_active|endgame_active|endgame_active;crossing_pass|endgame_active|endgame_active|endgame_active",true,false,0,0
"Deep - Aggressive","Deep","Aggressive","DP-ORANGE02",1377,22,"Victory - Boss Defeated","boss.victory",8,0,10,15,4,13200,true,true,2067.6,22,0,0,135.14,8,0,4000,"",0,0,0,0,0,0,1.000,7.27,5,true,3,0,3,3,0,0,0.000,1.000,"||||crossing_pass|||||crossing_pass||||||endgame_activate;endgame_active|endgame_active|endgame_active;crossing_pass|endgame_active|endgame_active|endgame_active|endgame_active",true,false,0,0
"Deep - Aggressive","Deep","Aggressive","DP-ORANGE02",1378,21,"Victory - Boss Defeated","boss.victory",7,0,10,14,4,14200,true,true,2067.6,20,1,0,141.57,7,0,4000,"",0,6,0,0,0,0,1.000,6.67,5,true,3,0,3,3,0,0,0.000,1.000,"||||crossing_pass||||crossing_pass|||||||endgame_activate;endgame_active|endgame_active;crossing_pass|endgame_active|endgame_active|endgame_active|endgame_active",true,false,0,0
"Deep - Aggressive","Deep","Aggressive","DP-ORANGE02",1379,21,"Victory - Boss Defeated","boss.victory",7,1,10,14,4,14300,true,true,2067.6,21,0,0,141.57,7,0,4000,"",0,0,0,0,0,1,1.000,6.67,6,true,3,0,3,3,0,0,0.000,1.000,"repair||||crossing_pass|||||crossing_pass|||||||endgame_activate;endgame_active|endgame_active;crossing_pass|endgame_active|endgame_active|endgame_active",true,false,0,0
"Deep - Aggressive","Deep","Aggressive","DP-ORANGE02",1380,21,"Victory - Boss Defeated","boss.victory",8,0,10,14,4,14600,true,true,2067.6,20,1,0,141.57,8,0,4000,"",0,0,0,0,0,0,1.000,7.62,6,true,3,0,3,3,0,0,0.000,1.000,"||||crossing_pass||||crossing_pass||||||||endgame_activate;endgame_active|endgame_active;crossing_pass|endgame_active|endgame_active|endgame_active",true,false,0,0
"Deep - Aggressive","Deep","Aggressive","DP-ORANGE02",1381,22,"Victory - Boss Defeated","boss.victory",7,0,10,16,4,14200,true,true,2067.6,22,0,0,135.14,7,0,4000,"",0,0,0,0,1,0,1.000,6.36,5,true,3,0,3,3,0,0,0.000,1.000,"||||crossing_pass||||crossing_pass||camp|||||endgame_activate;endgame_active|endgame_active|endgame_active|endgame_active;crossing_pass|endgame_active|endgame_active|endgame_active",true,false,0,0
"Deep - Aggressive","Deep","Aggressive","DP-ORANGE02",1382,22,"Victory - Boss Defeated","boss.victory",7,0,10,14,4,14700,true,true,2067.6,20,1,1,141.57,7,0,4000,"",0,0,0,0,1,0,0.955,6.36,7,true,3,0,3,3,0,0,0.000,1.000,"||||crossing_pass||||crossing_pass||||||||endgame_activate;endgame_active|endgame_active;crossing_pass;camp|endgame_active|endgame_active|endgame_active|",true,false,0,0
"Deep - Aggressive","Deep","Aggressive","DP-ORANGE02",1383,22,"Victory - Boss Defeated","boss.victory",8,1,10,15,3,11500,true,true,2059.5,21,0,1,141.02,8,0,4000,"",0,0,0,0,0,1,0.955,7.27,7,true,3,0,3,3,0,0,0.000,1.000,"||||crossing_pass|||||crossing_pass||||||repair|endgame_activate;endgame_active;endgame_cooldown|endgame_active;crossing_pass|endgame_active|endgame_active|endgame_active|",true,false,0,0
"Deep - Aggressive","Deep","Aggressive","DP-ORANGE02",1384,21,"Victory - Boss Defeated","boss.victory",7,0,10,14,4,15200,true,true,2067.6,21,0,0,141.57,7,0,4000,"",0,3,0,1,0,0,1.000,6.67,5,true,3,0,3,2,1,0,0.000,0.667,"||||crossing_pass||||detour||||||||endgame_activate;endgame_active|endgame_active;crossing_pass|endgame_active|endgame_active|endgame_active",true,false,0,0
"Deep - Aggressive","Deep","Aggressive","DP-ORANGE02",1385,21,"Victory - Boss Defeated","boss.victory",7,0,10,16,4,14100,true,true,2051.4,20,0,1,147.48,7,0,4000,"",0,2,0,0,0,0,0.952,6.67,6,true,3,0,3,3,0,0,0.000,1.000,"||||crossing_pass||||crossing_pass|||||||endgame_activate;endgame_active|endgame_active|endgame_active;crossing_pass|endgame_active|endgame_active|",true,false,0,0
"Deep - Aggressive","Deep","Aggressive","DP-ORANGE02",1386,21,"Victory - Boss Defeated","boss.victory",7,0,10,16,4,14200,true,true,2057.9,19,2,0,140.90,7,0,4000,"",0,3,0,0,0,0,1.000,6.67,6,true,3,0,3,2,1,0,0.000,0.667,"||||detour||||crossing_pass|||||||endgame_activate;endgame_active|endgame_active|endgame_active;crossing_pass|endgame_active|endgame_active|",true,false,0,0
"Deep - Aggressive","Deep","Aggressive","DP-ORANGE02",1387,22,"Victory - Boss Defeated","boss.victory",8,0,10,11,4,13700,true,true,2067.6,21,0,1,141.57,8,0,4000,"",0,6,0,0,1,0,0.955,7.27,6,true,3,0,3,3,0,0,0.000,1.000,"||||crossing_pass||||crossing_pass|||||||endgame_activate;endgame_active|endgame_active|endgame_active;crossing_pass|camp|endgame_active|endgame_active|endgame_active",true,false,0,0
"Deep - Aggressive","Deep","Aggressive","DP-ORANGE02",1388,21,"Victory - Boss Defeated","boss.victory",7,0,9,14,4,14600,true,true,2067.6,20,1,0,141.57,7,0,4000,"",0,6,0,0,0,0,1.000,6.67,5,true,3,0,3,3,0,0,0.000,1.000,"||||crossing_pass||||crossing_pass|||||||endgame_activate;endgame_active|endgame_active|endgame_active;crossing_pass|endgame_active|endgame_active|endgame_active",true,false,0,0
"Deep - Aggressive","Deep","Aggressive","DP-ORANGE02",1389,21,"Victory - Boss Defeated","boss.victory",9,0,10,14,4,14700,true,true,2067.6,21,0,0,141.57,9,0,4000,"",0,0,0,0,0,0,1.000,8.57,6,true,3,0,3,3,0,0,0.000,1.000,"||||crossing_pass||||crossing_pass|||||||endgame_activate;endgame_active|endgame_active|endgame_active;crossing_pass|endgame_active|endgame_active|endgame_active",true,false,0,0
"Deep - Aggressive","Deep","Aggressive","DP-ORANGE02",1390,22,"Victory - Boss Defeated","boss.victory",6,0,10,16,4,14700,true,true,2067.6,22,0,0,135.14,6,0,4000,"",0,0,0,0,1,0,1.000,5.45,6,true,3,0,3,2,1,0,0.000,0.667,"camp|||||crossing_pass|||||detour||||||endgame_activate;endgame_active|endgame_active|endgame_active;crossing_pass|endgame_active|endgame_active|endgame_active",true,false,0,0
"Deep - Aggressive","Deep","Aggressive","DP-ORANGE02",1391,22,"Victory - Boss Defeated","boss.victory",8,0,10,15,3,16200,true,true,2067.6,21,1,0,135.14,8,0,4000,"book_panic",1,0,0,0,1,0,1.000,7.27,5,true,3,0,3,2,1,0,0.000,0.667,"||||crossing_pass|camp||||detour||||||||endgame_activate;endgame_active|endgame_active;crossing_pass|endgame_active|endgame_active|endgame_active",true,false,0,0
"Deep - Aggressive","Deep","Aggressive","DP-ORANGE02",1392,22,"Victory - Boss Defeated","boss.victory",7,1,10,14,4,14700,true,true,2067.6,22,0,0,135.14,7,0,4000,"",0,3,0,0,0,1,1.000,6.36,6,true,3,0,3,3,0,0,0.000,1.000,"|||||crossing_pass||||crossing_pass||||||repair||endgame_activate;endgame_active|endgame_active;crossing_pass|endgame_active|endgame_active|endgame_active",true,false,0,0
"Deep - Aggressive","Deep","Aggressive","DP-ORANGE02",1393,22,"Victory - Boss Defeated","boss.victory",8,0,10,14,4,14700,true,true,2067.6,21,0,1,141.57,8,0,4000,"",0,4,0,0,1,0,0.955,7.27,6,true,3,0,3,1,2,0,0.000,0.333,"||||crossing_pass||camp|||detour|||||||endgame_activate;endgame_active|endgame_active;detour|endgame_active|endgame_active|endgame_active|endgame_active",true,false,0,0
"Deep - Aggressive","Deep","Aggressive","DP-ORANGE02",1394,21,"Victory - Boss Defeated","boss.victory",7,0,10,16,4,14200,true,true,2067.6,20,1,0,141.57,7,0,4000,"",0,0,0,0,0,0,1.000,6.67,6,true,3,0,3,2,1,0,0.000,0.667,"||||crossing_pass||||detour|||||||endgame_activate;endgame_active|endgame_active|endgame_active;crossing_pass|endgame_active|endgame_active|endgame_active",true,false,0,0
"Deep - Aggressive","Deep","Aggressive","DP-ORANGE02",1395,21,"Victory - Boss Defeated","boss.victory",8,0,10,16,4,14100,true,true,2067.6,20,1,0,141.57,8,0,4000,"",0,0,0,0,0,0,1.000,7.62,6,true,3,0,3,1,2,0,0.000,0.333,"||||detour||||detour|||||||endgame_activate;endgame_active|endgame_active|endgame_active;crossing_pass|endgame_active|endgame_active|endgame_active",true,false,0,0
"Deep - Aggressive","Deep","Aggressive","DP-ORANGE02",1396,22,"Victory - Boss Defeated","boss.victory",7,0,10,15,4,15200,true,true,2067.6,19,2,1,141.57,7,0,4000,"",0,0,0,0,1,0,0.955,6.36,5,true,3,0,3,3,0,0,0.000,1.000,"||||crossing_pass||||crossing_pass|||||||endgame_activate;endgame_active|endgame_active|endgame_active;crossing_pass|camp|endgame_active|endgame_active|",true,false,0,0
"Deep - Aggressive","Deep","Aggressive","DP-ORANGE02",1397,21,"Victory - Boss Defeated","boss.victory",7,0,10,14,4,16100,true,true,2067.6,21,0,0,141.57,7,0,4000,"",0,0,0,0,0,0,1.000,6.67,6,true,3,0,3,3,0,0,0.000,1.000,"||||crossing_pass||||crossing_pass|||||||endgame_activate;endgame_active|endgame_active|endgame_active;crossing_pass|endgame_active|endgame_active|endgame_active",true,false,0,0
"Deep - Aggressive","Deep","Aggressive","DP-ORANGE02",1398,22,"Victory - Boss Defeated","boss.victory",6,1,10,15,4,12700,true,true,2053.0,21,0,1,140.57,6,0,4000,"",0,0,0,0,1,1,0.955,5.45,6,true,3,0,3,2,1,0,0.000,0.667,"||||crossing_pass||||detour||||repair|||endgame_activate;endgame_active|endgame_active;camp|endgame_active|endgame_active;crossing_pass|endgame_active|endgame_active|",true,false,0,0
"Deep - Aggressive","Deep","Aggressive","DP-ORANGE02",1399,22,"Victory - Boss Defeated","boss.victory",7,0,10,13,4,14700,true,true,2067.6,21,0,1,141.57,7,0,4000,"",0,0,0,0,1,0,0.955,6.36,6,true,3,0,3,3,0,0,0.000,1.000,"||||crossing_pass|||||crossing_pass|||||||endgame_activate;endgame_active|endgame_active;crossing_pass|endgame_active|endgame_active|camp|endgame_active",true,false,0,0
"Deep - Aggressive","Deep","Aggressive","DP-ORANGE02",1400,21,"Victory - Boss Defeated","boss.victory",7,1,10,16,4,14000,true,true,2067.6,21,0,0,141.57,7,0,2500,"",0,0,0,0,0,1,1.000,6.67,6,true,3,0,2,2,0,0,0.000,1.000,"||||crossing_pass|||repair||crossing_pass|||||||endgame_activate;endgame_active|endgame_active;crossing_pass|endgame_active|endgame_active|endgame_active",true,false,0,0
"Deep - Aggressive","Deep","Aggressive","DP-ORANGE02",1401,22,"Victory - Boss Defeated","boss.victory",7,1,10,15,4,14600,true,true,2067.6,22,0,0,135.14,7,0,4000,"",0,7,0,0,0,1,1.000,6.36,6,true,3,0,3,1,2,0,0.000,0.333,"||||detour|||||detour|||repair||||endgame_activate;endgame_active|endgame_active;crossing_pass|endgame_active|endgame_active|endgame_active|endgame_active",true,false,0,0
"Deep - Aggressive","Deep","Aggressive","DP-ORANGE02",1402,21,"Victory - Boss Defeated","boss.victory",7,0,10,16,4,14700,true,true,2067.6,19,1,1,148.65,7,0,4000,"",0,3,0,0,1,0,0.952,6.67,6,true,3,0,3,2,1,0,0.000,0.667,"||||crossing_pass||||crossing_pass||||||camp||endgame_activate;endgame_active|endgame_active;detour|endgame_active|endgame_active|endgame_active",true,false,0,0
"Deep - Aggressive","Deep","Aggressive","DP-ORANGE02",1403,22,"Victory - Boss Defeated","boss.victory",8,2,10,15,4,10000,true,true,2067.6,21,1,0,135.14,8,2700,4000,"",0,0,0,0,0,2,1.000,7.27,5,true,3,0,3,3,0,0,0.000,1.000,"||||crossing_pass||||repair|crossing_pass||||repair|||endgame_activate;endgame_active|endgame_active;crossing_pass|endgame_active|endgame_active|endgame_active|endgame_active",true,false,0,0
"Deep - Aggressive","Deep","Aggressive","DP-ORANGE02",1404,21,"Victory - Boss Defeated","boss.victory",7,0,10,16,4,14200,true,true,2067.6,21,0,0,141.57,7,0,4000,"",0,0,0,0,0,0,1.000,6.67,6,true,3,0,3,3,0,0,0.000,1.000,"||||crossing_pass||||crossing_pass|||||||endgame_activate;endgame_active|endgame_active|endgame_active;crossing_pass|endgame_active|endgame_active|endgame_active",true,false,0,0
"Deep - Aggressive","Deep","Aggressive","DP-ORANGE02",1405,21,"Victory - Boss Defeated","boss.victory",7,0,10,15,4,15200,true,true,2067.6,20,0,1,148.65,7,0,4000,"",0,0,0,0,0,0,0.952,6.67,6,true,3,0,3,3,0,0,0.000,1.000,"||||crossing_pass||||crossing_pass|||||||endgame_activate;endgame_active|endgame_active|endgame_active;crossing_pass|endgame_active|endgame_active|endgame_active",true,false,0,0
"Deep - Aggressive","Deep","Aggressive","DP-ORANGE02",1406,21,"Victory - Boss Defeated","boss.victory",7,0,10,15,4,15700,true,true,2067.6,20,1,0,141.57,7,0,4000,"",0,0,0,0,0,0,1.000,6.67,6,true,3,0,3,3,0,0,0.000,1.000,"||||crossing_pass||||crossing_pass|||||||endgame_activate;endgame_active|endgame_active|endgame_active;crossing_pass|endgame_active|endgame_active|endgame_active",true,false,0,0
"Deep - Aggressive","Deep","Aggressive","DP-ORANGE02",1407,21,"Victory - Boss Defeated","boss.victory",7,1,10,15,4,14700,true,true,2067.6,20,0,1,148.65,7,0,2500,"travel_ban_lite",2,0,0,0,1,1,0.952,6.67,4,true,3,0,2,2,0,0,0.000,1.000,"||repair||crossing_pass|||||crossing_pass||||camp|||endgame_activate;endgame_active|endgame_active;crossing_pass|endgame_active|endgame_active|endgame_active",true,false,0,0
"Deep - Aggressive","Deep","Aggressive","DP-ORANGE02",1408,22,"Victory - Boss Defeated","boss.victory",10,0,10,15,4,15700,true,true,2067.6,19,3,0,135.14,10,0,4000,"",0,3,0,0,1,0,1.000,9.09,5,true,3,0,3,3,0,0,0.000,1.000,"||||crossing_pass||||crossing_pass|||||||camp|endgame_activate;endgame_active|endgame_active|endgame_active;crossing_pass|endgame_active|endgame_active|endgame_active",true,false,0,0
"Deep - Aggressive","Deep","Aggressive","DP-ORANGE02",1409,21,"Victory - Boss Defeated","boss.victory",8,0,10,14,4,15700,true,true,2067.6,21,0,0,141.57,8,0,4000,"",0,0,0,0,0,0,1.000,7.62,5,true,3,0,3,3,0,0,0.000,1.000,"||||crossing_pass|||||crossing_pass||||||endgame_activate;endgame_active|endgame_active|endgame_active;crossing_pass|endgame_active|endgame_active|endgame_active",true,false,0,0
"Deep - Aggressive","Deep","Aggressive","DP-ORANGE02",1410,22,"Victory - Boss Defeated","boss.victory",8,0,9,15,4,14700,true,true,2051.4,20,0,2,147.48,8,0,4000,"",0,0,0,0,1,0,0.909,7.27,5,true,3,0,3,2,1,0,0.000,0.667,"||||crossing_pass||||detour||||camp||||endgame_activate;endgame_active|endgame_active;crossing_pass|endgame_active|endgame_active|endgame_active|",true,false,0,0
"Deep - Aggressive","Deep","Aggressive","DP-ORANGE02",1411,22,"Victory - Boss Defeated","boss.victory",8,2,10,15,4,14900,true,true,2067.6,21,0,1,141.57,8,0,2500,"",0,2,0,0,0,2,0.955,7.27,6,true,3,0,2,1,2,0,0.000,0.500,"||||detour||repair|||detour|repair|||||endgame_activate;endgame_active|endgame_active|endgame_active;crossing_pass|endgame_active|endgame_active|endgame_active|",true,false,0,0
"Deep - Aggressive","Deep","Aggressive","DP-ORANGE02",1412,21,"Victory - Boss Defeated","boss.victory",7,0,10,15,4,14200,true,true,2067.6,20,1,0,141.57,7,0,4000,"",0,0,0,0,0,0,1.000,6.67,4,true,3,0,3,3,0,0,0.000,1.000,"||||crossing_pass|||||crossing_pass|||||||endgame_activate;endgame_active|endgame_active;crossing_pass|endgame_active|endgame_active|endgame_active",true,false,0,0
"Deep - Aggressive","Deep","Aggressive","DP-ORANGE02",1413,21,"Victory - Boss Defeated","boss.victory",8,2,10,15,4,12100,true,true,2067.6,21,0,0,141.57,8,0,3000,"",0,6,0,0,0,2,1.000,7.62,6,true,3,0,2,2,0,0,0.000,1.000,"|repair|||crossing_pass||||crossing_pass|||||||endgame_activate;endgame_active|endgame_active|endgame_active;crossing_pass|endgame_active|repair;endgame_active;endgame_cooldown|endgame_active;endgame_cooldown",true,false,1,0
"Deep - Aggressive","Deep","Aggressive","DP-ORANGE02",1414,22,"Victory - Boss Defeated","boss.victory",8,1,9,16,4,13700,true,true,2067.6,21,0,1,141.57,8,0,2500,"",0,4,0,0,0,1,0.955,7.27,6,true,3,0,2,2,1,0,0.000,1.000,"||||crossing_pass|||repair|detour||||||||endgame_activate;endgame_active|endgame_active;crossing_pass|endgame_active|endgame_active|endgame_active|",true,false,0,0
"Deep - Aggressive","Deep","Aggressive","DP-ORANGE02",1415,21,"Victory - Boss Defeated","boss.victory",7,0,10,15,4,14700,true,true,2067.6,21,0,0,141.57,7,0,4000,"",0,4,0,0,0,0,1.000,6.67,6,true,3,0,3,2,1,0,0.000,0.667,"||||crossing_pass||||detour|||||||endgame_activate;endgame_active|endgame_active|endgame_active;crossing_pass|endgame_active|endgame_active|endgame_active",true,false,0,0
"Deep - Aggressive","Deep","Aggressive","DP-ORANGE02",1416,22,"Victory - Boss Defeated","boss.victory",7,0,10,16,4,14200,true,true,2067.6,22,0,0,135.14,7,0,4000,"",0,0,0,0,0,0,1.000,6.36,4,true,3,0,3,2,1,0,0.000,0.667,"||||crossing_pass|||||detour|||||||endgame_activate;endgame_active|endgame_active|endgame_active;crossing_pass|endgame_active|endgame_active|endgame_active",true,false,0,0
"Deep - Aggressive","Deep","Aggressive","DP-ORANGE02",1417,21,"Victory - Boss Defeated","boss.victory",7,0,10,14,4,14700,true,true,2067.6,21,0,0,141.57,7,0,4000,"",0,1,0,0,0,0,1.000,6.67,5,true,3,0,3,3,0,0,0.000,1.000,"||||crossing_pass|||||crossing_pass|||||||endgame_activate;endgame_active|endgame_active;crossing_pass|endgame_active|endgame_active|endgame_active",true,false,0,0
"Deep - Aggressive","Deep","Aggressive","DP-ORANGE02",1418,22,"Victory - Boss Defeated","boss.victory",8,0,10,16,4,14600,true,true,2067.6,21,1,0,135.14,8,0,4000,"",0,0,0,0,0,0,1.000,7.27,6,true,3,0,3,2,1,0,0.000,0.667,"||||crossing_pass|||||crossing_pass|||||||endgame_activate;endgame_active|endgame_active|endgame_active;detour|endgame_active|endgame_active|endgame_active",true,false,0,0
"Deep - Aggressive","Deep","Aggressive","DP-ORANGE02",1419,21,"Victory - Boss Defeated","boss.victory",6,0,10,15,4,14200,true,true,2067.6,20,1,0,141.57,6,0,4000,"",0,5,0,0,0,0,1.000,5.71,5,true,3,0,3,1,2,0,0.000,0.333,"||||crossing_pass||||detour|||||||endgame_activate;endgame_active|endgame_active|endgame_active;detour|endgame_active|endgame_active|endgame_active",true,false,0,0
"Deep - Aggressive","Deep","Aggressive","DP-ORANGE02",1420,21,"Victory - Boss Defeated","boss.victory",7,1,10,16,4,13700,true,true,2067.6,21,0,0,141.57,7,0,4000,"doe_eliminated",1,0,0,0,0,1,1.000,6.67,6,true,3,0,3,3,0,0,0.000,1.000,"|repair|||crossing_pass|||||crossing_pass|||||||endgame_activate;endgame_active|endgame_active;crossing_pass|endgame_active|endgame_active|endgame_active",true,false,0,0
"Deep - Aggressive","Deep","Aggressive","DP-ORANGE02",1421,22,"Victory - Boss Defeated","boss.victory",8,0,10,14,3,13700,true,true,2067.6,22,0,0,135.14,8,0,4000,"",0,7,0,0,0,0,1.000,7.27,6,true,3,0,3,3,0,0,0.000,1.000,"||||crossing_pass|||||crossing_pass|||||||endgame_activate;endgame_active|endgame_active;crossing_pass|endgame_active|endgame_active|endgame_active|endgame_active",true,false,0,0
"Deep - Aggressive","Deep","Aggressive","DP-ORANGE02",1422,22,"Victory - Boss Defeated","boss.victory",8,2,10,15,3,11700,true,true,2064.8,20,1,1,141.38,8,2700,1500,"travel_ban_lite",2,0,0,0,0,2,0.955,7.27,5,true,3,0,1,1,1,0,0.000,1.000,"repair|||||detour||||crossing_pass||||||endgame_activate;endgame_active|endgame_active|endgame_active;crossing_pass|endgame_active;repair|endgame_active;endgame_cooldown|endgame_active|",true,false,0,0
"Deep - Aggressive","Deep","Aggressive","DP-ORANGE02",1423,21,"Victory - Boss Defeated","boss.victory",8,0,10,15,4,14200,true,true,2067.6,21,0,0,141.57,8,0,4000,"",0,0,0,0,0,0,1.000,7.62,6,true,3,0,3,3,0,0,0.000,1.000,"||||crossing_pass|||||crossing_pass|||||||endgame_activate;endgame_active|endgame_active;crossing_pass|endgame_active|endgame_active|endgame_active",true,false,0,0
"Deep - Aggressive","Deep","Aggressive","DP-ORANGE02",1424,21,"Victory - Boss Defeated","boss.victory",7,0,10,14,4,15600,true,true,2067.6,21,0,0,141.57,7,0,4000,"",0,3,0,0,0,0,1.000,6.67,6,true,3,0,3,3,0,0,0.000,1.000,"||||crossing_pass|||||crossing_pass|||||||endgame_activate;endgame_active|endgame_active;crossing_pass|endgame_active|endgame_active|endgame_active",true,false,0,0
"Deep - Aggressive","Deep","Aggressive","DP-ORANGE02",1425,22,"Victory - Boss Defeated","boss.victory",8,1,10,16,3,12900,true,true,2067.6,22,0,0,135.14,8,0,4000,"",0,0,0,0,0,1,1.000,7.27,6,true,3,0,3,2,1,0,0.000,0.667,"||||crossing_pass||||repair|detour|||||||endgame_activate;endgame_active|endgame_active;crossing_pass|endgame_active|endgame_active|endgame_active|endgame_active",true,false,0,0
"Deep - Aggressive","Deep","Aggressive","DP-ORANGE02",1426,23,"Victory - Boss Defeated","boss.victory",7,1,10,13,4,11100,true,true,2067.6,21,1,1,135.14,7,3100,4000,"",0,0,0,0,1,1,0.957,6.09,6,true,3,0,3,2,1,0,0.000,0.667,"||||crossing_pass|camp||||crossing_pass||||repair||||endgame_activate;endgame_active|endgame_active;detour|endgame_active|endgame_active|endgame_active|",true,false,0,0
"Deep - Aggressive","Deep","Aggressive","DP-ORANGE02",1427,21,"Victory - Boss Defeated","boss.victory",7,0,10,15,4,14700,true,true,2067.6,21,0,0,141.57,7,0,4000,"",0,0,0,0,0,0,1.000,6.67,5,true,3,0,3,3,0,0,0.000,1.000,"||||crossing_pass||||crossing_pass|||||||endgame_activate;endgame_active|endgame_active|endgame_active;crossing_pass|endgame_active|endgame_active|endgame_active",true,false,0,0
"Deep - Aggressive","Deep","Aggressive","DP-ORANGE02",1428,21,"Victory - Boss Defeated","boss.victory",7,0,10,14,4,14700,true,true,2067.6,20,1,0,141.57,7,0,4000,"",0,6,0,0,0,0,1.000,6.67,4,true,3,0,3,3,0,0,0.000,1.000,"||||crossing_pass||||crossing_pass|||||||endgame_activate;endgame_active|endgame_active|endgame_active;crossing_pass|endgame_active|endgame_active|endgame_active",true,false,0,0
"Deep - Aggressive","Deep","Aggressive","DP-ORANGE02",1429,21,"Victory - Boss Defeated","boss.victory",8,0,9,16,4,14700,true,true,2067.6,20,1,0,141.57,8,0,4000,"",0,0,0,0,1,0,1.000,7.62,5,true,3,0,3,3,0,0,0.000,1.000,"|||camp|crossing_pass||||crossing_pass|||||||endgame_activate;endgame_active|endgame_active;crossing_pass|endgame_active|endgame_active|endgame_active|endgame_active",true,false,0,0
"Deep - Aggressive","Deep","Aggressive","DP-ORANGE02",1430,22,"Victory - Boss Defeated","boss.victory",8,0,9,14,4,14700,true,true,2067.6,20,2,0,135.14,8,0,4000,"",0,0,0,0,1,0,1.000,7.27,6,true,3,0,3,1,2,0,0.000,0.333,"||||detour|||||detour|||||||camp|endgame_activate;endgame_active|endgame_active;crossing_pass|endgame_active|endgame_active|endgame_active",true,false,0,0
"Deep - Aggressive","Deep","Aggressive","DP-ORANGE02",1431,21,"Victory - Boss Defeated","boss.victory",8,0,10,14,4,14200,true,true,2067.6,21,0,0,141.57,8,0,4000,"",0,0,0,0,0,0,1.000,7.62,6,true,3,0,3,3,0,0,0.000,1.000,"||||crossing_pass||||crossing_pass|||||||endgame_activate;endgame_active|endgame_active|endgame_active;crossing_pass|endgame_active|endgame_active|endgame_active",true,false,0,0
"Deep - Aggressive","Deep","Aggressive","DP-ORANGE02",1432,21,"Victory - Boss Defeated","boss.victory",7,0,10,15,4,14700,true,true,2067.6,20,1,0,141.57,7,0,4000,"",0,0,0,0,0,0,1.000,6.67,5,true,3,0,3,3,0,0,0.000,1.000,"||||crossing_pass||||crossing_pass|||||||endgame_activate;endgame_active|endgame_active|endgame_active;crossing_pass|endgame_active|endgame_active|endgame_active",true,false,0,0
"Deep - Aggressive","Deep","Aggressive","DP-ORANGE02",1433,22,"Victory - Boss Defeated","boss.victory",8,0,10,15,4,14600,true,true,2067.6,21,1,0,135.14,8,0,4000,"",0,4,0,0,0,0,1.000,7.27,5,true,3,0,3,2,1,0,0.000,0.667,"||||detour||||||crossing_pass|||||endgame_activate;endgame_active|endgame_active|endgame_active|endgame_active;crossing_pass|endgame_active|endgame_active|endgame_active",true,false,0,0
"Deep - Aggressive","Deep","Aggressive","DP-ORANGE02",1434,22,"Victory - Boss Defeated","boss.victory",8,0,10,13,3,16100,true,true,2067.6,21,0,1,141.57,8,0,4000,"",0,0,0,0,0,0,0.955,7.27,6,true,3,0,3,2,1,0,0.000,0.667,"||||detour|||||crossing_pass|||||||endgame_activate;endgame_active|endgame_active;crossing_pass|endgame_active|endgame_active|endgame_active|",true,false,0,0
"Deep - Aggressive","Deep","Aggressive","DP-ORANGE02",1435,23,"Victory - Boss Defeated","boss.victory",9,0,10,14,4,13600,true,true,2057.9,19,2,2,140.90,9,0,4000,"",0,0,0,0,1,0,0.913,7.83,6,true,3,0,3,2,1,0,0.000,0.667,"||||crossing_pass|||||crossing_pass||||||camp||endgame_activate;endgame_active|endgame_active;detour|endgame_active|endgame_active|endgame_active|",true,false,0,0
"Deep - Aggressive","Deep","Aggressive","DP-ORANGE02",1436,21,"Victory - Boss Defeated","boss.victory",6,0,10,14,4,15200,true,true,2067.6,21,0,0,141.57,6,0,4000,"",0,0,0,0,0,0,1.000,5.71,5,true,3,0,3,2,1,0,0.000,0.667,"||||crossing_pass||||crossing_pass||||||endgame_activate;endgame_active|endgame_active|endgame_active;detour|endgame_active|endgame_active|endgame_active|endgame_active",true,false,0,0
"Deep - Aggressive","Deep","Aggressive","DP-ORANGE02",1437,22,"Victory - Boss Defeated","boss.victory",7,0,10,16,4,13700,true,true,2067.6,21,0,1,141.57,7,0,4000,"",0,0,0,0,0,0,0.955,6.36,6,true,3,0,3,3,0,0,0.000,1.000,"||||crossing_pass|||||crossing_pass||||||endgame_activate;endgame_active|endgame_active|endgame_active;crossing_pass|endgame_active|endgame_active|endgame_active|",true,false,0,0
"Deep - Aggressive","Deep","Aggressive","DP-ORANGE02",1438,22,"Victory - Boss Defeated","boss.victory",8,0,10,16,4,14700,true,true,2067.6,21,0,1,141.57,8,0,4000,"",0,0,0,0,0,0,0.955,7.27,5,true,3,0,3,1,2,0,0.000,0.333,"||||crossing_pass||||detour||||||endgame_activate;endgame_active|endgame_active|endgame_active|endgame_active;detour|endgame_active|endgame_active|endgame_active|",true,false,0,0
"Deep - Aggressive","Deep","Aggressive","DP-ORANGE02",1439,21,"Victory - Boss Defeated","boss.victory",8,1,10,14,4,14700,true,true,2067.6,20,1,0,141.57,8,0,2500,"",0,2,0,0,0,1,1.000,7.62,6,true,3,0,2,2,0,0,0.000,1.000,"|||repair|crossing_pass|||||crossing_pass|||||||endgame_activate;endgame_active|endgame_active;crossing_pass|endgame_active|endgame_active|endgame_active",true,false,0,0
"Deep - Aggressive","Deep","Aggressive","DP-ORANGE02",1440,21,"Victory - Boss Defeated","boss.victory",7,1,10,16,4,13700,true,true,2067.6,21,0,0,141.57,7,0,4000,"",0,8,0,0,0,1,1.000,6.67,5,true,3,0,3,3,0,0,0.000,1.000,"||||crossing_pass||||repair|crossing_pass||||||endgame_activate;endgame_active|endgame_active|endgame_active;crossing_pass|endgame_active|endgame_active|endgame_active",true,false,0,0
"Deep - Aggressive","Deep","Aggressive","DP-ORANGE02",1441,22,"Victory - Boss Defeated","boss.victory",7,1,10,16,4,15200,true,true,2067.6,21,1,0,135.14,7,0,3000,"",0,0,0,0,0,1,1.000,6.36,6,true,3,0,2,2,1,0,0.000,1.000,"repair|||||detour|||||crossing_pass|||||||endgame_activate;endgame_active|endgame_active;crossing_pass|endgame_active|endgame_active|endgame_active",true,false,0,0
"Deep - Aggressive","Deep","Aggressive","DP-ORANGE02",1442,22,"Victory - Boss Defeated","boss.victory",8,2,10,14,4,14100,true,true,2067.6,22,0,0,135.14,8,0,2500,"",0,0,0,0,0,2,1.000,7.27,6,true,3,0,2,2,1,0,0.000,1.000,"||||crossing_pass|||repair||detour|||repair|||endgame_activate;endgame_active|endgame_active|endgame_active;crossing_pass|endgame_active|endgame_active|endgame_active|endgame_active",true,false,0,0
"Deep - Aggressive","Deep","Aggressive","DP-ORANGE02",1443,22,"Victory - Boss Defeated","boss.victory",7,0,10,14,4,15600,true,true,2067.6,19,1,2,148.65,7,0,4000,"book_panic",1,0,0,0,1,0,0.909,6.36,5,true,3,0,3,2,1,0,0.000,0.667,"||||crossing_pass||||detour||||||||endgame_activate;endgame_active|endgame_active;crossing_pass|camp|endgame_active|endgame_active|",true,false,0,0
"Deep - Aggressive","Deep","Aggressive","DP-ORANGE02",1444,21,"Victory - Boss Defeated","boss.victory",7,0,10,15,4,14600,true,true,2067.6,21,0,0,141.57,7,0,4000,"",0,0,0,0,0,0,1.000,6.67,6,true,3,0,3,3,0,0,0.000,1.000,"||||crossing_pass|||||crossing_pass|||||||endgame_activate;endgame_active|endgame_active;crossing_pass|endgame_active|endgame_active|endgame_active",true,false,0,0
"Deep - Aggressive","Deep","Aggressive","DP-ORANGE02",1445,21,"Victory - Boss Defeated","boss.victory",7,0,10,15,4,14100,true,true,2067.6,21,0,0,141.57,7,0,4000,"",0,0,0,0,0,0,1.000,6.67,5,true,3,0,3,2,1,0,0.000,0.667,"||||crossing_pass||||detour|||||||endgame_activate;endgame_active|endgame_active|endgame_active;crossing_pass|endgame_active|endgame_active|endgame_active",true,false,0,0
"Deep - Aggressive","Deep","Aggressive","DP-ORANGE02",1446,21,"Victory - Boss Defeated","boss.victory",7,0,9,15,4,14700,true,true,2067.6,21,0,0,141.57,7,0,4000,"",0,6,0,0,0,0,1.000,6.67,6,true,3,0,3,2,1,0,0.000,0.667,"||||crossing_pass||||crossing_pass|||||||endgame_activate;endgame_active|endgame_active;detour|endgame_active|endgame_active|endgame_active|endgame_active",true,false,0,0
"Deep - Aggressive","Deep","Aggressive","DP-ORANGE02",1447,21,"Victory - Boss Defeated","boss.victory",8,0,10,15,4,15100,true,true,2067.6,20,0,1,148.65,8,0,4000,"",0,0,0,0,1,0,0.952,7.62,5,true,3,0,3,3,0,0,0.000,1.000,"||||crossing_pass||||crossing_pass|||||||camp|endgame_activate;endgame_active|endgame_active;crossing_pass|endgame_active|endgame_active|endgame_active",true,false,0,0
"Deep - Aggressive","Deep","Aggressive","DP-ORANGE02",1448,21,"Victory - Boss Defeated","boss.victory",8,0,9,16,4,15100,true,true,2067.6,20,1,0,141.57,8,0,4000,"",0,9,0,0,0,0,1.000,7.62,5,true,3,0,3,3,0,0,0.000,1.000,"||||crossing_pass||||crossing_pass|||||||endgame_activate;endgame_active|endgame_active|endgame_active;crossing_pass|endgame_active|endgame_active|endgame_active",true,false,0,0
"Deep - Aggressive","Deep","Aggressive","DP-ORANGE02",1449,22,"Victory - Boss Defeated","boss.victory",7,0,10,14,4,14900,true,true,2067.6,21,0,1,141.57,7,0,2500,"",0,0,0,0,0,0,0.955,6.36,4,true,3,0,2,2,1,0,0.000,1.000,"||||crossing_pass|||||detour||||||endgame_activate;endgame_active|endgame_active|endgame_active;crossing_pass|endgame_active|endgame_active|endgame_active|",true,false,0,0
"Deep - Aggressive","Deep","Aggressive","DP-ORANGE02",1450,22,"Victory - Boss Defeated","boss.victory",8,0,10,16,4,13200,true,true,2067.6,22,0,0,135.14,8,0,4000,"doe_eliminated",1,0,0,0,0,0,1.000,7.27,6,true,3,0,3,2,1,0,0.000,0.667,"||||detour|||||crossing_pass|||||||endgame_activate;endgame_active|endgame_active|endgame_active;crossing_pass|endgame_active|endgame_active|endgame_active",true,false,0,0
"Deep - Aggressive","Deep","Aggressive","DP-ORANGE02",1451,21,"Victory - Boss Defeated","boss.victory",6,2,10,16,4,15100,true,true,2067.6,21,0,0,141.57,6,0,3000,"",0,2,0,0,0,2,1.000,5.71,6,true,3,0,2,2,0,0,0.000,1.000,"||repair||crossing_pass||||crossing_pass|||||repair||endgame_activate;endgame_active|endgame_active|endgame_active;crossing_pass|endgame_active|endgame_active|endgame_active",true,false,0,0
"Deep - Aggressive","Deep","Aggressive","DP-ORANGE02",1452,21,"Victory - Boss Defeated","boss.victory",7,0,9,15,4,14700,true,true,2067.6,21,0,0,141.57,7,0,4000,"",0,0,0,0,1,0,1.000,6.67,6,true,3,0,3,3,0,0,0.000,1.000,"|||camp|crossing_pass||||crossing_pass|||||||endgame_activate;endgame_active|endgame_active;crossing_pass|endgame_active|endgame_active|endgame_active|endgame_active",true,false,0,0
"Deep - Aggressive","Deep","Aggressive","DP-ORANGE02",1453,22,"Victory - Boss Defeated","boss.victory",7,0,10,14,4,14700,true,true,2067.6,20,1,1,141.57,7,0,4000,"",0,0,0,0,1,0,0.955,6.36,6,true,3,0,3,3,0,0,0.000,1.000,"||||crossing_pass||||crossing_pass|||||||endgame_activate;endgame_active|endgame_active|endgame_active;crossing_pass|endgame_active|camp|endgame_active|",true,false,0,0
"Deep - Aggressive","Deep","Aggressive","DP-ORANGE02",1454,22,"Victory - Boss Defeated","boss.victory",8,0,10,16,3,14200,true,true,2051.1,20,1,1,140.45,8,0,4000,"travel_ban_lite",2,0,0,0,0,0,0.955,7.27,5,true,3,0,3,2,1,0,0.000,0.667,"||||crossing_pass|||||crossing_pass|||||||endgame_activate;endgame_active|endgame_active;detour|endgame_active|endgame_active|endgame_active|",true,false,0,0
"Deep - Aggressive","Deep","Aggressive","DP-ORANGE02",1455,21,"Victory - Boss Defeated","boss.victory",6,1,10,15,4,13000,true,true,2067.6,21,0,0,141.57,6,0,4000,"",0,0,0,0,0,1,1.000,5.71,5,true,3,0,3,3,0,0,0.000,1.000,"||||crossing_pass||||crossing_pass||||repair|||endgame_activate;endgame_active|endgame_active|endgame_active;crossing_pass|endgame_active|endgame_active|endgame_active",true,false,0,0
"Deep - Aggressive","Deep","Aggressive","DP-ORANGE02",1456,22,"Victory - Boss Defeated","boss.victory",8,0,10,16,3,14500,true,true,2057.9,19,2,1,140.90,8,0,4000,"",0,6,0,0,1,0,0.955,7.27,5,true,3,0,3,2,1,0,0.000,0.667,"||||detour|||||crossing_pass|||||camp||endgame_activate;endgame_active|endgame_active|endgame_active;crossing_pass|endgame_active|endgame_active|",true,false,0,0
"Deep - Aggressive","Deep","Aggressive","DP-ORANGE02",1457,21,"Victory - Boss Defeated","boss.victory",7,0,10,16,4,14700,true,true,2067.6,21,0,0,141.57,7,0,4000,"",0,3,0,2,0,0,1.000,6.67,6,true,3,0,3,3,0,0,0.000,1.000,"||||crossing_pass||||crossing_pass|||||||endgame_activate;endgame_active|endgame_active|endgame_active;crossing_pass|endgame_active|endgame_active|endgame_active",true,false,0,0
"Deep - Aggressive","Deep","Aggressive","DP-ORANGE02",1458,22,"Victory - Boss Defeated","boss.victory",8,0,9,16,4,14100,true,true,2057.9,21,0,1,140.90,8,0,4000,"",0,7,0,0,1,0,0.955,7.27,6,true,3,0,3,3,0,0,0.000,1.000,"||||crossing_pass|||||crossing_pass|||||||endgame_activate;endgame_active;camp|endgame_active;crossing_pass|endgame_active|endgame_active|endgame_active|",true,false,0,0
"Deep - Aggressive","Deep","Aggressive","DP-ORANGE02",1459,22,"Victory - Boss Defeated","boss.victory",9,0,10,16,3,15800,true,true,2067.6,21,0,1,141.57,9,0,2500,"",0,0,0,0,1,0,0.955,8.18,5,true,3,0,2,2,0,0,0.000,1.000,"||||crossing_pass||camp|||crossing_pass|||||||endgame_activate;endgame_active|endgame_active;crossing_pass|endgame_active|endgame_active|endgame_active|",true,false,0,0
"Deep - Aggressive","Deep","Aggressive","DP-ORANGE02",1460,21,"Victory - Boss Defeated","boss.victory",7,0,10,16,4,14200,true,true,2067.6,20,1,0,141.57,7,0,4000,"",0,0,0,0,0,0,1.000,6.67,5,true,3,0,3,3,0,0,0.000,1.000,"||||crossing_pass||||crossing_pass|||||||endgame_activate;endgame_active|endgame_active|endgame_active;crossing_pass|endgame_active|endgame_active|endgame_active",true,false,0,0
"Deep - Aggressive","Deep","Aggressive","DP-ORANGE02",1461,21,"Victory - Boss Defeated","boss.victory",7,0,10,14,4,14200,true,true,2067.6,21,0,0,141.57,7,0,4000,"",0,4,0,0,0,0,1.000,6.67,6,true,3,0,3,3,0,0,0.000,1.000,"||||crossing_pass|||||crossing_pass|||||||endgame_activate;endgame_active|endgame_active;crossing_pass|endgame_active|endgame_active|endgame_active",true,false,0,0
"Deep - Aggressive","Deep","Aggressive","DP-ORANGE02",1462,21,"Victory - Boss Defeated","boss.victory",7,0,10,14,4,15200,true,true,2057.9,20,1,0,140.90,7,0,4000,"",0,0,0,0,0,0,1.000,6.67,6,true,3,0,3,1,2,0,0.000,0.333,"||||detour|||||detour|||||||endgame_activate;endgame_active|endgame_active;crossing_pass|endgame_active|endgame_active|",true,false,0,0
"Deep - Aggressive","Deep","Aggressive","DP-ORANGE02",1463,21,"Victory - Boss Defeated","boss.victory",7,0,10,16,4,14700,true,true,2067.6,21,0,0,141.57,7,0,4000,"",0,0,0,0,0,0,1.000,6.67,6,true,3,0,3,3,0,0,0.000,1.000,"||||crossing_pass||||crossing_pass||||||endgame_activate;endgame_active|endgame_active|endgame_active;crossing_pass|endgame_active|endgame_active|endgame_active|endgame_active",true,false,0,0
"Deep - Aggressive","Deep","Aggressive","DP-ORANGE02",1464,22,"Victory - Boss Defeated","boss.victory",7,2,9,15,4,11200,true,true,2067.6,22,0,0,135.14,7,0,4000,"",0,0,0,0,0,2,1.000,6.36,6,true,3,0,3,3,0,0,0.000,1.000,"|||repair|crossing_pass|||||crossing_pass||repair|||||endgame_activate;endgame_active|endgame_active|endgame_active;crossing_pass|endgame_active|endgame_active|endgame_active",true,false,0,0
"Deep - Aggressive","Deep","Aggressive","DP-ORANGE02",1465,22,"Victory - Boss Defeated","boss.victory",7,0,10,14,3,14200,true,true,2067.6,20,1,1,141.57,7,0,4000,"",0,6,0,0,0,0,0.955,6.36,6,true,3,0,3,2,1,0,0.000,0.667,"||||crossing_pass|||||crossing_pass||||||endgame_activate;endgame_active|endgame_active|endgame_active;detour|endgame_active|endgame_active|endgame_active|",true,false,0,0
"Deep - Aggressive","Deep","Aggressive","DP-ORANGE02",1466,21,"Victory - Boss Defeated","boss.victory",6,0,9,15,4,15200,true,true,2067.6,20,0,1,148.65,6,0,4000,"",0,0,0,0,0,0,0.952,5.71,5,true,3,0,3,3,0,0,0.000,1.000,"||||crossing_pass||||crossing_pass||||||endgame_activate;endgame_active|endgame_active|endgame_active;crossing_pass|endgame_active|endgame_active|endgame_active|",true,false,0,0
"Deep - Aggressive","Deep","Aggressive","DP-ORANGE02",1467,21,"Victory - Boss Defeated","boss.victory",6,0,10,16,4,14200,true,true,2067.6,20,0,1,148.65,6,0,4000,"tariff_tsunami",1,0,0,0,0,0,0.952,5.71,6,true,3,0,3,3,0,0,0.000,1.000,"||||crossing_pass||||crossing_pass|||||||endgame_activate;endgame_active|endgame_active;crossing_pass|endgame_active|endgame_active|endgame_active|",true,false,0,0
"Deep - Aggressive","Deep","Aggressive","DP-ORANGE02",1468,21,"Victory - Boss Defeated","boss.victory",7,0,10,16,4,14700,true,true,2067.6,21,0,0,141.57,7,0,4000,"",0,0,0,0,0,0,1.000,6.67,6,true,3,0,3,3,0,0,0.000,1.000,"||||crossing_pass||||crossing_pass||||||||endgame_activate;endgame_active|endgame_active;crossing_pass|endgame_active|endgame_active|endgame_active",true,false,0,0
"Deep - Aggressive","Deep","Aggressive","DP-ORANGE02",1469,22,"Victory - Boss Defeated","boss.victory",8,1,10,15,4,14400,true,true,2067.6,22,0,0,135.14,8,0,2500,"",0,0,0,0,0,1,1.000,7.27,6,true,3,0,2,2,0,0,0.000,1.000,"||||crossing_pass;repair|||||crossing_pass||||||endgame_activate;endgame_active|endgame_active|endgame_active|endgame_active;crossing_pass|endgame_active|endgame_active|endgame_active",true,false,0,0
"Deep - Aggressive","Deep","Aggressive","DP-ORANGE02",1470,22,"Victory - Boss Defeated","boss.victory",7,1,9,15,4,15600,true,true,2067.6,21,0,1,141.57,7,0,4000,"",0,0,0,0,0,1,0.955,6.36,5,true,3,0,3,2,1,0,0.000,0.667,"||||crossing_pass||||repair|crossing_pass|||||||endgame_activate;endgame_active|endgame_active;detour|endgame_active|endgame_active|endgame_active|",true,false,0,0
"Deep - Aggressive","Deep","Aggressive","DP-ORANGE02",1471,21,"Victory - Boss Defeated","boss.victory",8,0,10,16,4,15200,true,true,2067.6,21,0,0,141.57,8,0,4000,"",0,0,0,0,0,0,1.000,7.62,6,true,3,0,3,3,0,0,0.000,1.000,"||||crossing_pass|||||crossing_pass|||||||endgame_activate;endgame_active|endgame_active;crossing_pass|endgame_active|endgame_active|endgame_active",true,false,0,0
"Deep - Aggressive","Deep","Aggressive","DP-ORANGE02",1472,22,"Victory - Boss Defeated","boss.victory",7,1,10,15,3,13500,true,true,2063.5,21,0,1,141.29,7,0,4000,"",0,0,0,0,0,1,0.955,6.36,5,true,3,0,3,3,0,0,0.000,1.000,"||||crossing_pass|||||crossing_pass|||||||repair;endgame_activate;endgame_active;endgame_cooldown|endgame_active;endgame_cooldown;crossing_pass|endgame_active|endgame_active|endgame_active|",true,false,0,0
"Deep - Aggressive","Deep","Aggressive","DP-ORANGE02",1473,22,"Victory - Boss Defeated","boss.victory",7,0,10,16,4,15100,true,true,2067.6,20,1,1,141.57,7,0,4000,"",0,0,0,0,1,0,0.955,6.36,6,true,3,0,3,2,1,0,0.000,0.667,"|||||crossing_pass||||detour||||||camp||endgame_activate;endgame_active|endgame_active;crossing_pass|endgame_active|endgame_active|endgame_active",true,false,0,0
"Deep - Aggressive","Deep","Aggressive","DP-ORANGE02",1474,21,"Victory - Boss Defeated","boss.victory",8,0,10,15,3,16200,true,true,2067.6,21,0,0,141.57,8,0,4000,"",0,8,0,0,0,0,1.000,7.62,5,true,3,0,3,3,0,0,0.000,1.000,"||||crossing_pass|||||crossing_pass|||||||endgame_activate;endgame_active|endgame_active;crossing_pass|endgame_active|endgame_active|endgame_active",true,false,0,0
"Deep - Aggressive","Deep","Aggressive","DP-ORANGE02",1475,21,"Victory - Boss Defeated","boss.victory",7,0,9,14,4,15100,true,true,2067.6,21,0,0,141.57,7,0,4000,"",0,0,0,0,0,0,1.000,6.67,6,true,3,0,3,3,0,0,0.000,1.000,"||||crossing_pass||||crossing_pass|||||||endgame_activate;endgame_active|endgame_active|endgame_active;crossing_pass|endgame_active|endgame_active|endgame_active",true,false,0,0
"Deep - Aggressive","Deep","Aggressive","DP-ORANGE02",1476,21,"Victory - Boss Defeated","boss.victory",7,0,10,14,3,15600,true,true,2067.6,21,0,0,141.57,7,0,4000,"",0,0,0,0,0,0,1.000,6.67,6,true,3,0,3,2,1,0,0.000,0.667,"||||crossing_pass||||crossing_pass|||||||endgame_activate;endgame_active|endgame_active;detour|endgame_active|endgame_active|endgame_active|endgame_active",true,false,0,0
"Deep - Aggressive","Deep","Aggressive","DP-ORANGE02",1477,22,"Victory - Boss Defeated","boss.victory",8,0,10,14,4,14200,true,true,2067.6,21,1,0,135.14,8,0,4000,"",0,4,0,0,0,0,1.000,7.27,6,true,3,0,3,2,1,0,0.000,0.667,"||||crossing_pass|||||detour|||||||endgame_activate;endgame_active|endgame_active|endgame_active;crossing_pass|endgame_active|endgame_active|endgame_active",true,false,0,0
"Deep - Aggressive","Deep","Aggressive","DP-ORANGE02",1478,22,"Victory - Boss Defeated","boss.victory",6,1,10,15,4,12200,true,true,2067.6,21,0,1,141.57,6,0,4000,"",0,0,0,0,0,1,0.955,5.45,6,true,3,0,3,3,0,0,0.000,1.000,"|||||crossing_pass||||repair;crossing_pass|||||||endgame_activate;endgame_active|endgame_active;crossing_pass|endgame_active|endgame_active|endgame_active|",true,false,0,0
"Deep - Aggressive","Deep","Aggressive","DP-ORANGE02",1479,22,"Victory - Boss Defeated","boss.victory",8,0,10,15,4,13700,true,true,2067.6,22,0,0,135.14,8,0,4000,"",0,0,0,0,0,0,1.000,7.27,5,true,3,0,3,1,2,0,0.000,0.333,"||||crossing_pass||||detour||||||||endgame_activate;endgame_active|endgame_active;detour|endgame_active|endgame_active|endgame_active|endgame_active",true,false,0,0
"Deep - Aggressive","Deep","Aggressive","DP-ORANGE02",1480,21,"Victory - Boss Defeated","boss.victory",7,0,10,14,4,14700,true,true,2067.6,21,0,0,141.57,7,0,4000,"",0,0,0,0,0,0,1.000,6.67,6,true,3,0,3,3,0,0,0.000,1.000,"||||crossing_pass||||crossing_pass|||||||endgame_activate;endgame_active|endgame_active;crossing_pass|endgame_active|endgame_active|endgame_active|endgame_active",true,false,0,0
"Deep - Aggressive","Deep","Aggressive","DP-ORANGE02",1481,21,"Victory - Boss Defeated","boss.victory",7,0,10,15,4,14700,true,true,2057.9,20,1,0,140.90,7,0,4000,"",0,0,1,0,0,0,1.000,6.67,7,true,3,0,3,3,0,0,0.000,1.000,"||||crossing_pass||||crossing_pass|||||||endgame_activate;endgame_active|endgame_active|endgame_active;crossing_pass|endgame_active|endgame_active|",true,false,0,0
"Deep - Aggressive","Deep","Aggressive","DP-ORANGE02",1482,21,"Victory - Boss Defeated","boss.victory",6,0,10,16,4,14100,true,true,2062.7,20,0,1,148.30,6,0,4000,"",0,2,0,0,0,0,0.952,5.71,6,true,3,0,3,3,0,0,0.000,1.000,"||||crossing_pass||||crossing_pass|||||||endgame_activate;endgame_active|endgame_active;crossing_pass|endgame_active|endgame_active|endgame_active|",true,false,0,0
"Deep - Aggressive","Deep","Aggressive","DP-ORANGE02",1483,21,"Victory - Boss Defeated","boss.victory",7,0,10,14,4,16200,true,true,2067.6,21,0,0,141.57,7,0,4000,"",0,0,0,0,0,0,1.000,6.67,5,true,3,0,3,3,0,0,0.000,1.000,"||||crossing_pass||||crossing_pass|||||||endgame_activate;endgame_active|endgame_active;crossing_pass|endgame_active|endgame_active|endgame_active|endgame_active",true,false,0,0
"Deep - Aggressive","Deep","Aggressive","DP-ORANGE02",1484,21,"Victory - Boss Defeated","boss.victory",7,0,10,16,4,15100,true,true,2067.6,21,0,0,141.57,7,0,4000,"",0,6,0,0,0,0,1.000,6.67,5,true,3,0,3,3,0,0,0.000,1.000,"||||crossing_pass||||crossing_pass|||||||endgame_activate;endgame_active|endgame_active|endgame_active;crossing_pass|endgame_active|endgame_active|endgame_active",true,false,0,0
"Deep - Aggressive","Deep","Aggressive","DP-ORANGE02",1485,21,"Victory - Boss Defeated","boss.victory",7,0,9,14,4,15200,true,true,2051.4,20,0,1,147.48,7,0,4000,"",0,0,0,0,0,0,0.952,6.67,5,true,3,0,3,3,0,0,0.000,1.000,"||||crossing_pass||||crossing_pass|||||||endgame_activate;endgame_active|endgame_active;crossing_pass|endgame_active|endgame_active|endgame_active|",true,false,0,0
"Deep - Aggressive","Deep","Aggressive","DP-ORANGE02",1486,21,"Victory - Boss Defeated","boss.victory",7,0,10,16,4,14200,true,true,2067.6,20,1,0,141.57,7,0,4000,"",0,3,0,0,0,0,1.000,6.67,6,true,3,0,3,3,0,0,0.000,1.000,"||||crossing_pass||||crossing_pass||||||||endgame_activate;endgame_active|endgame_active;crossing_pass|endgame_active|endgame_active|endgame_active",true,false,0,0
"Deep - Aggressive","Deep","Aggressive","DP-ORANGE02",1487,21,"Victory - Boss Defeated","boss.victory",6,0,10,15,4,14700,true,true,2067.6,21,0,0,141.57,6,0,4000,"",0,0,0,0,0,0,1.000,5.71,6,true,3,0,3,2,1,0,0.000,0.667,"||||crossing_pass||||detour||||||||endgame_activate;endgame_active|endgame_active;crossing_pass|endgame_active|endgame_active|endgame_active",true,false,0,0
"Deep - Aggressive","Deep","Aggressive","DP-ORANGE02",1488,21,"Victory - Boss Defeated","boss.victory",7,0,10,14,4,15200,true,true,2067.6,20,1,0,141.57,7,0,4000,"",0,0,0,0,0,0,1.000,6.67,5,true,3,0,3,3,0,0,0.000,1.000,"||||crossing_pass|||||crossing_pass|||||||endgame_activate;endgame_active|endgame_active;crossing_pass|endgame_active|endgame_active|endgame_active",true,false,0,0
"Deep - Aggressive","Deep","Aggressive","DP-ORANGE02",1489,21,"Victory - Boss Defeated","boss.victory",7,0,10,15,4,14200,true,true,2057.9,20,1,0,140.90,7,0,4000,"",0,0,0,0,0,0,1.000,6.67,6,true,3,0,3,2,1,0,0.000,0.667,"||||crossing_pass|||||detour|||||||endgame_activate;endgame_active|endgame_active;crossing_pass|endgame_active|endgame_active|",true,false,0,0
"Deep - Aggressive","Deep","Aggressive","DP-ORANGE02",1490,21,"Victory - Boss Defeated","boss.victory",7,0,10,16,4,14700,true,true,2052.2,19,1,1,147.54,7,0,4000,"",0,0,0,0,1,0,0.952,6.67,6,true,3,0,3,3,0,0,0.000,1.000,"||||crossing_pass||||crossing_pass|||||||endgame_activate;endgame_active|camp|endgame_active;crossing_pass|endgame_active|endgame_active|",true,false,0,0
"Deep - Aggressive","Deep","Aggressive","DP-ORANGE02",1491,22,"Victory - Boss Defeated","boss.victory",8,0,10,14,3,14200,true,true,2067.6,20,1,1,141.57,8,0,4000,"travel_ban_lite",1,0,0,0,0,0,0.955,7.27,7,true,3,0,3,2,1,0,0.000,0.667,"||||crossing_pass||||crossing_pass||||||||endgame_activate;endgame_active|endgame_active;detour|endgame_active|endgame_active|endgame_active|",true,false,0,0
"Deep - Aggressive","Deep","Aggressive","DP-ORANGE02",1492,21,"Victory - Boss Defeated","boss.victory",6,0,9,16,4,15200,true,true,2067.6,21,0,0,141.57,6,0,4000,"",0,8,0,0,0,0,1.000,5.71,5,true,3,0,3,3,0,0,0.000,1.000,"||||crossing_pass||||crossing_pass||||||endgame_activate;endgame_active|endgame_active|endgame_active;crossing_pass|endgame_active|endgame_active|endgame_active|endgame_active",true,false,0,0
"Deep - Aggressive","Deep","Aggressive","DP-ORANGE02",1493,23,"Victory - Boss Defeated","boss.victory",9,1,10,15,4,14200,true,true,2057.9,20,2,1,134.50,9,0,3000,"",0,4,0,0,0,1,0.957,7.83,7,true,3,0,2,2,0,0,0.000,1.000,"||||repair|crossing_pass|||||crossing_pass|||||||endgame_activate;endgame_active|endgame_active;crossing_pass|endgame_active|endgame_active|endgame_active|",true,false,0,0
"Deep - Aggressive","Deep","Aggressive","DP-ORANGE02",1494,22,"Victory - Boss Defeated","boss.victory",7,0,10,15,4,14100,true,true,2067.6,20,1,1,141.57,7,0,4000,"",0,0,0,0,0,0,0.955,6.36,6,true,3,0,3,2,1,0,0.000,0.667,"||||crossing_pass||||detour||||||||endgame_activate;endgame_active|endgame_active;crossing_pass|endgame_active|endgame_active|endgame_active|",true,false,0,0
"Deep - Aggressive","Deep","Aggressive","DP-ORANGE02",1495,21,"Victory - Boss Defeated","boss.victory",7,0,10,15,4,14600,true,true,2067.6,19,1,1,148.65,7,0,4000,"",0,0,0,0,0,0,0.952,6.67,6,true,3,0,3,3,0,0,0.000,1.000,"||||crossing_pass||||crossing_pass|||||||endgame_activate;endgame_active|endgame_active;crossing_pass|endgame_active|endgame_active|endgame_active|",true,false,0,0
"Deep - Aggressive","Deep","Aggressive","DP-ORANGE02",1496,22,"Victory - Boss Defeated","boss.victory",7,0,10,16,4,16700,true,true,2067.6,21,0,1,141.57,7,0,4000,"",0,0,0,1,1,0,0.955,6.36,6,true,3,0,3,2,1,0,0.000,0.667,"||||detour|||||crossing_pass|||||||endgame_activate;endgame_active|camp|endgame_active;crossing_pass|endgame_active|endgame_active|endgame_active",true,false,0,0
"Deep - Aggressive","Deep","Aggressive","DP-ORANGE02",1497,22,"Victory - Boss Defeated","boss.victory",8,3,10,16,4,9500,true,true,2053.1,20,1,1,140.58,8,0,2500,"",0,0,0,0,0,3,0.955,7.27,5,true,3,0,2,2,0,0,0.000,1.000,"||||repair|crossing_pass||repair||crossing_pass|||||||endgame_activate;endgame_active|repair;endgame_active;endgame_cooldown;crossing_pass|endgame_active;endgame_cooldown|endgame_active|endgame_active|",true,false,0,0
"Deep - Aggressive","Deep","Aggressive","DP-ORANGE02",1498,21,"Victory - Boss Defeated","boss.victory",7,0,10,14,4,15100,true,true,2067.6,20,1,0,141.57,7,0,4000,"",0,0,0,0,0,0,1.000,6.67,5,true,3,0,3,3,0,0,0.000,1.000,"||||crossing_pass||||crossing_pass|||||||endgame_activate;endgame_active|endgame_active;crossing_pass|endgame_active|endgame_active|endgame_active|endgame_active",true,false,0,0
"Deep - Aggressive","Deep","Aggressive","DP-ORANGE02",1499,22,"Victory - Boss Defeated","boss.victory",8,0,10,14,4,13700,true,true,2067.6,20,1,1,141.57,8,0,4000,"",0,0,0,0,1,0,0.955,7.27,5,true,3,0,3,3,0,0,0.000,1.000,"||||crossing_pass||||crossing_pass|||||||endgame_activate;endgame_active|camp|endgame_active|endgame_active;crossing_pass|endgame_active|endgame_active|endgame_active",true,false,0,0
"Deep - Aggressive","Deep","Aggressive","DP-ORANGE02",1500,21,"Victory - Boss Defeated","boss.victory",8,0,9,14,4,16200,true,true,2067.6,21,0,0,141.57,8,0,4000,"",0,0,0,0,0,0,1.000,7.62,6,true,3,0,3,1,2,0,0.000,0.333,"||||detour||||detour|||||||endgame_activate;endgame_active|endgame_active|endgame_active;crossing_pass|endgame_active|endgame_active|endgame_active",true,false,0,0
"Deep - Aggressive","Deep","Aggressive","DP-ORANGE02",1501,22,"Victory - Boss Defeated","boss.victory",8,0,10,15,4,15400,true,true,2067.6,19,2,1,141.57,8,0,2500,"",0,0,0,0,0,0,0.955,7.27,4,true,3,0,2,2,0,0,0.000,1.000,"||||crossing_pass|||||crossing_pass||||||endgame_activate;endgame_active|endgame_active|endgame_active;crossing_pass|endgame_active|endgame_active|endgame_active|",true,false,0,0
"Deep - Aggressive","Deep","Aggressive","DP-ORANGE02",1502,21,"Victory - Boss Defeated","boss.victory",6,1,10,16,4,14200,true,true,2067.6,21,0,0,141.57,6,0,2500,"",0,0,0,0,0,1,1.000,5.71,6,true,3,0,2,2,0,0,0.000,1.000,"||||crossing_pass;repair|||||crossing_pass||||||endgame_activate;endgame_active|endgame_active|endgame_active;crossing_pass|endgame_active|endgame_active|endgame_active",true,false,0,0
"Deep - Aggressive","Deep","Aggressive","DP-ORANGE02",1503,21,"Victory - Boss Defeated","boss.victory",7,0,10,15,4,15100,true,true,2067.6,20,1,0,141.57,7,0,4000,"",0,0,0,0,0,0,1.000,6.67,6,true,3,0,3,3,0,0,0.000,1.000,"||||crossing_pass||||crossing_pass||||||||endgame_activate;endgame_active|endgame_active;crossing_pass|endgame_active|endgame_active|endgame_active",true,false,0,0
"Deep - Aggressive","Deep","Aggressive","DP-ORANGE02",1504,22,"Victory - Boss Defeated","boss.victory",9,0,10,16,4,16200,true,true,2067.6,21,0,1,141.57,9,0,4000,"",0,0,0,0,0,0,0.955,8.18,5,true,3,0,3,2,1,0,0.000,0.667,"||||detour|||||crossing_pass|||||||endgame_activate;endgame_active|endgame_active;crossing_pass|endgame_active|endgame_active|endgame_active|",true,false,0,0
"Deep - Aggressive","Deep","Aggressive","DP-ORANGE02",1505,21,"Victory - Boss Defeated","boss.victory",7,0,10,16,4,15200,true,true,2067.6,19,1,1,148.65,7,0,4000,"",0,3,0,0,0,0,0.952,6.67,5,true,3,0,3,3,0,0,0.000,1.000,"||||crossing_pass||||crossing_pass||||||endgame_activate;endgame_active|endgame_active|endgame_active;crossing_pass|endgame_active|endgame_active|endgame_active|",true,false,0,0
"Deep - Aggressive","Deep","Aggressive","DP-ORANGE02",1506,21,"Victory - Boss Defeated","boss.victory",7,0,10,14,4,16200,true,true,2067.6,21,0,0,141.57,7,0,4000,"",0,0,0,1,0,0,1.000,6.67,6,true,3,0,3,3,0,0,0.000,1.000,"||||crossing_pass||||crossing_pass||||||||endgame_activate;endgame_active|endgame_active;crossing_pass|endgame_active|endgame_active|endgame_active",true,false,0,0
"Deep - Aggressive","Deep","Aggressive","DP-ORANGE02",1507,21,"Victory - Boss Defeated","boss.victory",7,0,9,15,4,14700,true,true,2067.6,21,0,0,141.57,7,0,4000,"",0,0,0,0,0,0,1.000,6.67,6,true,3,0,3,3,0,0,0.000,1.000,"||||crossing_pass|||||crossing_pass|||||||endgame_activate;endgame_active|endgame_active;crossing_pass|endgame_active|endgame_active|endgame_active",true,false,0,0
"Deep - Aggressive","Deep","Aggressive","DP-ORANGE02",1508,21,"Victory - Boss Defeated","boss.victory",6,1,10,16,4,11100,true,true,2067.6,20,1,0,141.57,6,3100,4000,"",0,0,0,1,0,1,1.000,5.71,5,true,3,0,3,3,0,0,0.000,1.000,"||||crossing_pass||||crossing_pass||||repair|||endgame_activate;endgame_active|endgame_active|endgame_active;crossing_pass|endgame_active|endgame_active|endgame_active",true,false,0,0
"Deep - Aggressive","Deep","Aggressive","DP-ORANGE02",1509,22,"Victory - Boss Defeated","boss.victory",9,0,10,15,3,14700,true,true,2067.6,21,1,0,135.14,9,0,4000,"",0,4,0,1,1,0,1.000,8.18,6,true,3,0,3,2,1,0,0.000,0.667,"||camp|||crossing_pass||||crossing_pass|||||||endgame_activate;endgame_active|endgame_active|endgame_active;detour|endgame_active|endgame_active|endgame_active",true,false,0,0
"Deep - Aggressive","Deep","Aggressive","DP-ORANGE02",1510,21,"Victory - Boss Defeated","boss.victory",7,0,10,15,4,14200,true,true,2067.6,21,0,0,141.57,7,0,4000,"",0,1,0,1,0,0,1.000,6.67,6,true,3,0,3,2,1,0,0.000,0.667,"||||crossing_pass||||crossing_pass|||||||endgame_activate;endgame_active|endgame_active;detour|endgame_active|endgame_active|endgame_active|endgame_active",true,false,0,0
"Deep - Aggressive","Deep","Aggressive","DP-ORANGE02",1511,21,"Victory - Boss Defeated","boss.victory",8,0,10,16,4,15200,true,true,2067.6,20,1,0,141.57,8,0,4000,"",0,0,0,1,0,0,1.000,7.62,5,true,3,0,3,3,0,0,0.000,1.000,"||||crossing_pass|||||crossing_pass|||||||endgame_activate;endgame_active|endgame_active;crossing_pass|endgame_active|endgame_active|endgame_active",true,false,0,0
"Deep - Aggressive","Deep","Aggressive","DP-ORANGE02",1512,21,"Victory - Boss Defeated","boss.victory",7,0,10,15,4,14200,true,true,2067.6,20,1,0,141.57,7,0,4000,"tariff_tsunami",1,0,0,0,0,0,1.000,6.67,6,true,3,0,3,3,0,0,0.000,1.000,"||||crossing_pass|||||crossing_pass|||||||endgame_activate;endgame_active|endgame_active;crossing_pass|endgame_active|endgame_active|endgame_active",true,false,0,0
"Deep - Aggressive","Deep","Aggressive","DP-ORANGE02",1513,22,"Victory - Boss Defeated","boss.victory",8,0,10,14,4,15100,true,true,2067.6,21,0,1,141.57,8,0,4000,"",0,0,0,0,0,0,0.955,7.27,6,true,3,0,3,3,0,0,0.000,1.000,"||||crossing_pass|||||crossing_pass|||||||endgame_activate;endgame_active|endgame_active;crossing_pass|endgame_active|endgame_active|endgame_active|",true,false,0,0
"Deep - Aggressive","Deep","Aggressive","DP-ORANGE02",1514,21,"Victory - Boss Defeated","boss.victory",8,0,10,16,4,14200,true,true,2067.6,21,0,0,141.57,8,0,4000,"",0,0,1,0,0,0,1.000,7.62,6,true,3,0,3,3,0,0,0.000,1.000,"||||crossing_pass|||||crossing_pass|||||||endgame_activate;endgame_active|endgame_active;crossing_pass|endgame_active|endgame_active|endgame_active",true,false,0,0
"Deep - Aggressive","Deep","Aggressive","DP-ORANGE02",1515,22,"Victory - Boss Defeated","boss.victory",8,0,10,14,4,16600,true,true,2067.6,21,0,1,141.57,8,0,4000,"",0,0,0,0,0,0,0.955,7.27,7,true,3,0,3,3,0,0,0.000,1.000,"||||crossing_pass|||||crossing_pass|||||||endgame_activate;endgame_active|endgame_active;crossing_pass|endgame_active|endgame_active|endgame_active|",true,false,0,0
"Deep - Aggressive","Deep","Aggressive","DP-ORANGE02",1516,23,"Victory - Boss Defeated","boss.victory",8,0,10,16,4,14700,true,true,2067.6,22,0,1,135.14,8,0,3000,"",0,0,0,1,1,0,0.957,6.96,5,true,3,0,2,2,1,0,0.000,1.000,"|||camp||detour|||||crossing_pass|||||||endgame_activate;endgame_active|endgame_active;crossing_pass|endgame_active|endgame_active|endgame_active|",true,false,0,0
"Deep - Aggressive","Deep","Aggressive","DP-ORANGE02",1517,22,"Victory - Boss Defeated","boss.victory",8,1,9,15,4,14700,true,true,2067.6,20,2,0,135.14,8,0,4000,"",0,0,0,0,1,1,1.000,7.27,6,true,3,0,3,3,0,0,0.000,1.000,"||camp|||crossing_pass;repair||||crossing_pass|||||||endgame_activate;endgame_active|endgame_active;crossing_pass|endgame_active|endgame_active|endgame_active|endgame_active",true,false,0,0
"Deep - Aggressive","Deep","Aggressive","DP-ORANGE02",1518,21,"Victory - Boss Defeated","boss.victory",7,0,10,15,4,14600,true,true,2067.6,20,1,0,141.57,7,0,4000,"",0,0,0,0,0,0,1.000,6.67,6,true,3,0,3,3,0,0,0.000,1.000,"||||crossing_pass||||crossing_pass||||||endgame_activate;endgame_active|endgame_active|endgame_active;crossing_pass|endgame_active|endgame_active|endgame_active|endgame_active",true,false,0,0
"Deep - Aggressive","Deep","Aggressive","DP-ORANGE02",1519,22,"Victory - Boss Defeated","boss.victory",7,0,10,16,4,14200,true,true,2067.6,21,0,1,141.57,7,0,4000,"",0,7,0,0,1,0,0.955,6.36,5,true,3,0,3,2,1,0,0.000,0.667,"||||detour|||||crossing_pass|||||||endgame_activate;endgame_active|endgame_active;camp|endgame_active;crossing_pass|endgame_active|endgame_active|",true,false,0,0
"Deep - Aggressive","Deep","Aggressive","DP-ORANGE02",1520,21,"Victory - Boss Defeated","boss.victory",8,0,10,14,4,14700,true,true,2067.6,20,1,0,141.57,8,0,4000,"",0,0,0,0,0,0,1.000,7.62,5,true,3,0,3,3,0,0,0.000,1.000,"||||crossing_pass|||||crossing_pass||||||endgame_activate;endgame_active|endgame_active|endgame_active;crossing_pass|endgame_active|endgame_active|endgame_active",true,false,0,0
"Deep - Aggressive","Deep","Aggressive","DP-ORANGE02",1521,21,"Victory - Boss Defeated","boss.victory",7,0,10,15,4,14100,true,true,2067.6,21,0,0,141.57,7,0,4000,"tariff_tsunami",1,0,0,0,0,0,1.000,6.67,6,true,3,0,3,3,0,0,0.000,1.000,"||||crossing_pass|||||crossing_pass|||||||endgame_activate;endgame_active|endgame_active;crossing_pass|endgame_active|endgame_active|endgame_active",true,false,0,0
"Deep - Aggressive","Deep","Aggressive","DP-ORANGE02",1522,21,"Victory - Boss Defeated","boss.victory",8,0,10,14,4,14700,true,true,2067.6,20,1,0,141.57,8,0,4000,"doe_eliminated",1,0,0,0,0,0,1.000,7.62,5,true,3,0,3,3,0,0,0.000,1.000,"||||crossing_pass||||crossing_pass|||||||endgame_activate;endgame_active|endgame_active|endgame_active;crossing_pass|endgame_active|endgame_active|endgame_active",true,false,0,0
"Deep - Aggressive","Deep","Aggressive","DP-ORANGE02",1523,22,"Victory - Boss Defeated","boss.victory",7,1,10,15,2,15200,true,true,2066.0,21,0,1,141.46,7,0,4000,"",0,0,0,0,0,1,0.955,6.36,7,true,3,0,3,3,0,0,0.000,1.000,"||||crossing_pass||||crossing_pass||repair|||||endgame_activate;endgame_active|endgame_active|endgame_active;crossing_pass|endgame_active|endgame_active|endgame_active|",true,false,0,0
"Deep - Aggressive","Deep","Aggressive","DP-ORANGE02",1524,22,"Victory - Boss Defeated","boss.victory",7,0,10,14,4,14600,true,true,2067.6,21,0,1,141.57,7,0,4000,"",0,0,0,0,0,0,0.955,6.36,6,true,3,0,3,3,0,0,0.000,1.000,"||||crossing_pass|||||crossing_pass|||||||endgame_activate;endgame_active|endgame_active;crossing_pass|endgame_active|endgame_active|endgame_active|",true,false,0,0
"Deep - Aggressive","Deep","Aggressive","DP-ORANGE02",1525,22,"Victory - Boss Defeated","boss.victory",8,0,10,15,4,14200,true,true,2067.6,21,1,0,135.14,8,0,4000,"",0,0,0,0,1,0,1.000,7.27,5,true,3,0,3,2,1,0,0.000,0.667,"||||crossing_pass||||crossing_pass||||||||camp|endgame_activate;endgame_active|endgame_active;detour|endgame_active|endgame_active|endgame_active",true,false,0,0
"Deep - Aggressive","Deep","Aggressive","DP-ORANGE02",1526,21,"Victory - Boss Defeated","boss.victory",7,0,10,14,4,15200,true,true,2058.7,20,0,1,148.01,7,0,4000,"",0,0,0,0,0,0,0.952,6.67,5,true,3,0,3,3,0,0,0.000,1.000,"||||crossing_pass||||crossing_pass|||||||endgame_activate;endgame_active|endgame_active;crossing_pass|endgame_active|endgame_active|endgame_active|",true,false,0,0
"Deep - Aggressive","Deep","Aggressive","DP-ORANGE02",1527,21,"Victory - Boss Defeated","boss.victory",8,0,10,16,4,14200,true,true,2067.6,20,1,0,141.57,8,0,4000,"",0,0,0,0,0,0,1.000,7.62,6,true,3,0,3,3,0,0,0.000,1.000,"||||crossing_pass||||crossing_pass|||||||endgame_activate;endgame_active|endgame_active|endgame_active;crossing_pass|endgame_active|endgame_active|endgame_active",true,false,0,0
"Deep - Aggressive","Deep","Aggressive","DP-ORANGE02",1528,21,"Victory - Boss Defeated","boss.victory",7,0,10,14,4,14700,true,true,2067.6,21,0,0,141.57,7,0,4000,"",0,0,0,0,0,0,1.000,6.67,7,true,3,0,3,3,0,0,0.000,1.000,"||||crossing_pass||||crossing_pass|||||||endgame_activate;endgame_active|endgame_active|endgame_active;crossing_pass|endgame_active|endgame_active|endgame_active",true,false,0,0
"Deep - Aggressive","Deep","Aggressive","DP-ORANGE02",1529,22,"Victory - Boss Defeated","boss.victory",6,2,10,13,4,14700,true,true,2067.6,21,0,1,141.57,6,0,2500,"",0,5,0,0,0,2,0.955,5.45,6,true,3,0,2,2,0,0,0.000,1.000,"||||crossing_pass;repair|||||crossing_pass|repair||||||endgame_activate;endgame_active|endgame_active;crossing_pass|endgame_active|endgame_active|endgame_active|",true,false,0,0
"Deep - Aggressive","Deep","Aggressive","DP-ORANGE02",1530,22,"Victory - Boss Defeated","boss.victory",6,0,10,16,4,14700,true,true,2067.6,19,1,2,148.65,6,0,4000,"",0,0,0,0,1,0,0.909,5.45,6,true,3,0,3,2,1,0,0.000,0.667,"||||detour||||crossing_pass|||||||endgame_activate;endgame_active|endgame_active|endgame_active;crossing_pass|endgame_active|camp|endgame_active|",true,false,0,0
"Deep - Aggressive","Deep","Aggressive","DP-ORANGE02",1531,21,"Victory - Boss Defeated","boss.victory",7,0,10,15,4,14700,true,true,2067.6,21,0,0,141.57,7,0,4000,"",0,0,0,0,0,0,1.000,6.67,5,true,3,0,3,2,1,0,0.000,0.667,"||||detour|||||crossing_pass||||||endgame_activate;endgame_active|endgame_active|endgame_active;crossing_pass|endgame_active|endgame_active|endgame_active",true,false,0,0
"Deep - Aggressive","Deep","Aggressive","DP-ORANGE02",1532,21,"Victory - Boss Defeated","boss.victory",9,0,9,14,4,15600,true,true,2067.6,21,0,0,141.57,9,0,4000,"",0,0,0,0,0,0,1.000,8.57,6,true,3,0,3,3,0,0,0.000,1.000,"||||crossing_pass||||crossing_pass|||||||endgame_activate;endgame_active|endgame_active|endgame_active;crossing_pass|endgame_active|endgame_active|endgame_active",true,false,0,0
"Deep - Aggressive","Deep","Aggressive","DP-ORANGE02",1533,21,"Victory - Boss Defeated","boss.victory",7,0,10,14,4,16200,true,true,2067.6,21,0,0,141.57,7,0,4000,"",0,0,0,0,0,0,1.000,6.67,5,true,3,0,3,2,1,0,0.000,0.667,"||||crossing_pass|||||crossing_pass||||||endgame_activate;endgame_active|endgame_active|endgame_active;detour|endgame_active|endgame_active|endgame_active",true,false,0,0
"Deep - Aggressive","Deep","Aggressive","DP-ORANGE02",1534,21,"Victory - Boss Defeated","boss.victory",7,0,9,14,4,14700,true,true,2067.6,20,1,0,141.57,7,0,4000,"",0,3,0,0,0,0,1.000,6.67,5,true,3,0,3,3,0,0,0.000,1.000,"||||crossing_pass||||crossing_pass||||||||endgame_activate;endgame_active|endgame_active;crossing_pass|endgame_active|endgame_active|endgame_active",true,false,0,0
"Deep - Aggressive","Deep","Aggressive","DP-ORANGE02",1535,21,"Victory - Boss Defeated","boss.victory",6,0,10,16,4,14700,true,true,2067.6,21,0,0,141.57,6,0,4000,"",0,1,1,0,0,0,1.000,5.71,6,true,3,0,3,1,2,0,0.000,0.333,"||||crossing_pass||||detour|||||||endgame_activate;endgame_active|endgame_active|endgame_active;detour|endgame_active|endgame_active|endgame_active",true,false,0,0
"Deep - Aggressive","Deep","Aggressive","DP-ABBOTT03",1536,21,"Victory - Boss Defeated","boss.victory",7,0,10,16,4,15700,true,true,2054.6,20,0,1,147.72,7,0,4000,"",0,8,0,0,0,0,0.952,6.67,5,true,3,0,3,3,0,0,0.000,1.000,"||||crossing_pass||||crossing_pass|||||||endgame_activate;endgame_active|endgame_active;crossing_pass|endgame_active|endgame_active|endgame_active|",true,false,0,0
"Deep - Aggressive","Deep","Aggressive","DP-ABSCAM03",1537,22,"Victory - Boss Defeated","boss.victory",8,0,10,15,4,13200,true,true,2067.6,21,1,0,135.14,8,0,4000,"",0,0,0,0,0,0,1.000,7.27,6,true,3,0,3,3,0,0,0.000,1.000,"||||crossing_pass|||||crossing_pass||||||endgame_activate;endgame_active|endgame_active|endgame_active;crossing_pass|endgame_active|endgame_active|endgame_active|endgame_active",true,false,0,0
"Deep - Aggressive","Deep","Aggressive","DP-AILEEN03",1538,22,"Victory - Boss Defeated","boss.victory",8,1,10,15,4,13000,true,true,2067.6,21,0,1,141.57,8,2700,4000,"",0,0,0,0,0,1,0.955,7.27,6,true,3,0,3,2,1,0,0.000,0.667,"||||detour||||crossing_pass|||||||repair;endgame_activate;endgame_active;endgame_cooldown|endgame_active;endgame_cooldown|endgame_active;crossing_pass|endgame_active|endgame_active|endgame_active|",true,false,0,0
"Deep - Aggressive","Deep","Aggressive","DP-AILES03",1539,22,"Victory - Boss Defeated","boss.victory",8,0,10,13,3,16200,true,true,2067.6,19,1,2,148.65,8,0,4000,"",0,2,0,0,1,0,0.909,7.27,6,true,3,0,3,2,1,0,0.000,0.667,"||||crossing_pass||||crossing_pass||||||camp||endgame_activate;endgame_active|endgame_active;detour|endgame_active|endgame_active|endgame_active|",true,false,0,0
"Deep - Aggressive","Deep","Aggressive","DP-ALEXJON03",1540,21,"Victory - Boss Defeated","boss.victory",6,0,10,14,4,14700,true,true,2067.6,20,0,1,148.65,6,0,4000,"",0,0,0,0,0,0,0.952,5.71,6,true,3,0,3,3,0,0,0.000,1.000,"||||crossing_pass||||crossing_pass|||||||endgame_activate;endgame_active|endgame_active;crossing_pass|endgame_active|endgame_active|endgame_active|",true,false,0,0
"Deep - Aggressive","Deep","Aggressive","DP-ALITO03",1541,21,"Victory - Boss Defeated","boss.victory",7,0,10,15,4,14700,true,true,2067.6,21,0,0,141.57,7,0,4000,"",0,6,0,0,0,0,1.000,6.67,6,true,3,0,3,3,0,0,0.000,1.000,"|||||crossing_pass||||crossing_pass|||||||endgame_activate;endgame_active|endgame_active;crossing_pass|endgame_active|endgame_active|endgame_active",true,false,0,0
"Deep - Aggressive","Deep","Aggressive","DP-AMNESTY03",1542,21,"Victory - Boss Defeated","boss.victory",7,0,10,16,4,16200,true,true,2067.6,21,0,0,141.57,7,0,4000,"",0,0,0,0,0,0,1.000,6.67,6,true,3,0,3,3,0,0,0.000,1.000,"||||crossing_pass||||crossing_pass|||||||endgame_activate;endgame_active|endgame_active;crossing_pass|endgame_active|endgame_active|endgame_active|endgame_active",true,false,0,0
"Deep - Aggressive","Deep","Aggressive","DP-AMYBAR03",1543,21,"Victory - Boss Defeated","boss.victory",7,0,10,15,3,14200,true,true,2067.6,21,0,0,141.57,7,0,4000,"",0,4,0,1,0,0,1.000,6.67,6,true,3,0,3,3,0,0,0.000,1.000,"||||crossing_pass|||||crossing_pass|||||||endgame_activate;endgame_active|endgame_active;crossing_pass|endgame_active|endgame_active|endgame_active",true,false,0,0
"Deep - Aggressive","Deep","Aggressive","DP-ANTIFA03",1544,21,"Victory - Boss Defeated","boss.victory",6,0,10,16,4,14200,true,true,2067.6,21,0,0,141.57,6,0,4000,"",0,0,0,0,0,0,1.000,5.71,5,true,3,0,3,3,0,0,0.000,1.000,"||||crossing_pass||||crossing_pass||||||endgame_activate;endgame_active|endgame_active|endgame_active;crossing_pass|endgame_active|endgame_active|endgame_active|endgame_active",true,false,0,0
"Deep - Aggressive","Deep","Aggressive","DP-ANTIVAX03",1545,21,"Victory - Boss Defeated","boss.victory",7,0,10,15,4,14700,true,true,2067.6,20,1,0,141.57,7,0,4000,"",0,0,0,0,0,0,1.000,6.67,5,true,3,0,3,2,1,0,0.000,0.667,"||||detour|||||crossing_pass|||||||endgame_activate;endgame_active|endgame_active;crossing_pass|endgame_active|endgame_active|endgame_active",true,false,0,0
"Deep - Aggressive","Deep","Aggressive","DP-AOC03",1546,22,"Victory - Boss Defeated","boss.victory",8,0,10,14,4,14200,true,true,2067.6,21,0,1,141.57,8,0,4000,"",0,0,0,0,1,0,0.955,7.27,6,true,3,0,3,2,1,0,0.000,0.667,"||||detour||||camp|crossing_pass|||||||endgame_activate;endgame_active|endgame_active|endgame_active;crossing_pass|endgame_active|endgame_active|endgame_active",true,false,0,0
"Deep - Aggressive","Deep","Aggressive","DP-ASYLUM03",1547,21,"Victory - Boss Defeated","boss.victory",7,0,10,16,4,14700,true,true,2067.6,20,1,0,141.57,7,0,4000,"",0,0,0,0,0,0,1.000,6.67,4,true,3,0,3,3,0,0,0.000,1.000,"||||crossing_pass||||crossing_pass|||||||endgame_activate;endgame_active|endgame_active;crossing_pass|endgame_active|endgame_active|endgame_active|endgame_active",true,false,0,0
"Deep - Aggressive","Deep","Aggressive","DP-AUDITAZ03",1548,22,"Victory - Boss Defeated","boss.victory",7,0,10,14,4,15100,true,true,2067.6,20,0,2,148.65,7,0,4000,"tariff_tsunami",1,0,0,0,1,0,0.909,6.36,5,true,3,0,3,3,0,0,0.000,1.000,"||||crossing_pass|||||crossing_pass||||||camp|endgame_activate;endgame_active|endgame_active|endgame_active;crossing_pass|endgame_active|endgame_active|",true,false,0,0
"Deep - Aggressive","Deep","Aggressive","DP-AZAR03",1549,21,"Victory - Boss Defeated","boss.victory",8,0,10,15,4,14200,true,true,2067.6,21,0,0,141.57,8,0,4000,"",0,0,0,0,0,0,1.000,7.62,5,true,3,0,3,3,0,0,0.000,1.000,"||||crossing_pass|||||crossing_pass|||||||endgame_activate;endgame_active|endgame_active;crossing_pass|endgame_active|endgame_active|endgame_active",true,false,0,0
"Deep - Aggressive","Deep","Aggressive","DP-BANHAM03",1550,21,"Victory - Boss Defeated","boss.victory",7,0,10,14,4,14200,true,true,2067.6,21,0,0,141.57,7,0,4000,"",0,7,0,0,0,0,1.000,6.67,5,true,3,0,3,2,1,0,0.000,0.667,"||||crossing_pass||||detour||||||||endgame_activate;endgame_active|endgame_active;crossing_pass|endgame_active|endgame_active|endgame_active",true,false,0,0
"Deep - Aggressive","Deep","Aggressive","DP-BANNON03",1551,22,"Victory - Boss Defeated","boss.victory",7,1,10,16,4,13700,true,true,2067.6,21,1,0,135.14,7,0,4000,"",0,0,0,0,0,1,1.000,6.36,5,true,3,0,3,1,2,0,0.000,0.333,"||||detour|||repair||crossing_pass||||||endgame_activate;endgame_active|endgame_active|endgame_active;detour|endgame_active|endgame_active|endgame_active|endgame_active",true,false,0,0
"Deep - Aggressive","Deep","Aggressive","DP-BARR03",1552,22,"Victory - Boss Defeated","boss.victory",6,2,10,14,4,12700,true,true,2067.6,22,0,0,135.14,6,0,2500,"",0,4,0,0,1,2,1.000,5.45,6,true,3,0,2,2,0,0,0.000,1.000,"||||camp|crossing_pass;repair||||crossing_pass||repair||||||endgame_activate;endgame_active|endgame_active;crossing_pass|endgame_active|endgame_active|endgame_active",true,false,0,0
"Deep - Aggressive","Deep","Aggressive","DP-BARRON03",1553,10,"Collapse (crossing) - Game Over","collapse_crossing",5,1,10,18,10,500,false,false,1250.0,9,1,0,179.74,5,0,1000,"",0,0,0,0,0,1,1.000,5.00,3,false,2,0,1,1,0,1,0.500,1.000,"||||crossing_pass|repair||||crossing_fail",false,false,0,0
"Deep - Aggressive","Deep","Aggressive","DP-BECK03",1554,22,"Victory - Boss Defeated","boss.victory",7,0,9,15,4,15200,true,true,2054.6,20,1,1,140.68,7,0,4000,"",0,0,0,0,0,0,0.955,6.36,6,true,3,0,3,2,1,0,0.000,0.667,"||||crossing_pass|||||detour|||||||endgame_activate;endgame_active|endgame_active;crossing_pass|endgame_active|endgame_active|endgame_active|",true,false,0,0
"Deep - Aggressive","Deep","Aggressive","DP-BEDMIN03",1555,22,"Victory - Boss Defeated","boss.victory",9,0,10,15,4,14700,true,true,2067.6,21,0,1,141.57,9,0,4000,"",0,0,0,0,0,0,0.955,8.18,6,true,3,0,3,2,1,0,0.000,0.667,"||||crossing_pass|||||crossing_pass|||||||endgame_activate;endgame_active|endgame_active;detour|endgame_active|endgame_active|endgame_active|",true,false,0,0
"Deep - Aggressive","Deep","Aggressive","DP-BENGHAZ03",1556,21,"Victory - Boss Defeated","boss.victory",6,0,10,15,4,14200,true,true,2057.9,20,1,0,140.90,6,0,4000,"",0,0,0,0,0,0,1.000,5.71,6,true,3,0,3,2,1,0,0.000,0.667,"||||detour|||||crossing_pass|||||||endgame_activate;endgame_active|endgame_active;crossing_pass|endgame_active|endgame_active|",true,false,0,0
"Deep - Aggressive","Deep","Aggressive","DP-BERNIE03",1557,22,"Victory - Boss Defeated","boss.victory",8,0,10,14,3,14200,true,true,2067.6,21,1,0,135.14,8,0,4000,"",0,0,0,0,1,0,1.000,7.27,6,true,3,0,3,3,0,0,0.000,1.000,"||||crossing_pass|||||crossing_pass|||||camp||endgame_activate;endgame_active|endgame_active|endgame_active;crossing_pass|endgame_active|endgame_active|endgame_active",true,false,0,0
"Deep - Aggressive","Deep","Aggressive","DP-BIDEN03",1558,21,"Victory - Boss Defeated","boss.victory",8,0,10,15,4,14700,true,true,2067.6,21,0,0,141.57,8,0,4000,"",0,6,0,0,0,0,1.000,7.62,6,true,3,0,3,3,0,0,0.000,1.000,"||||crossing_pass|||||crossing_pass|||||||endgame_activate;endgame_active|endgame_active;crossing_pass|endgame_active|endgame_active|endgame_active",true,false,0,0
"Deep - Aggressive","Deep","Aggressive","DP-BIGLY03",1559,21,"Victory - Boss Defeated","boss.victory",7,0,9,14,4,14700,true,true,2067.6,21,0,0,141.57,7,0,4000,"",0,1,0,0,0,0,1.000,6.67,6,true,3,0,3,3,0,0,0.000,1.000,"||||crossing_pass||||crossing_pass||||||endgame_activate;endgame_active|endgame_active|endgame_active|endgame_active;crossing_pass|endgame_active|endgame_active|endgame_active",true,false,0,0
"Deep - Aggressive","Deep","Aggressive","DP-BIGMAC03",1560,22,"Victory - Boss Defeated","boss.victory",8,1,9,16,4,12500,true,true,2067.6,21,1,0,135.14,8,0,4000,"",0,7,0,0,0,1,1.000,7.27,6,true,3,0,3,2,1,0,0.000,0.667,"||||crossing_pass||||detour||repair|||||endgame_activate;endgame_active|endgame_active|endgame_active|endgame_active;crossing_pass|endgame_active|endgame_active|endgame_active",true,false,0,0
"Deep - Aggressive","Deep","Aggressive","DP-BLEACH03",1561,21,"Victory - Boss Defeated","boss.victory",7,0,10,15,4,13600,true,true,2067.6,21,0,0,141.57,7,0,4000,"",0,2,0,0,0,0,1.000,6.67,6,true,3,0,3,3,0,0,0.000,1.000,"||||crossing_pass||||crossing_pass|||||||endgame_activate;endgame_active|endgame_active|endgame_active;crossing_pass|endgame_active|endgame_active|endgame_active",true,false,0,0
"Deep - Aggressive","Deep","Aggressive","DP-BLEXIT03",1562,21,"Victory - Boss Defeated","boss.victory",7,1,10,16,4,11600,true,true,2067.6,19,2,0,141.57,7,3100,4000,"",0,8,0,0,1,1,1.000,6.67,6,true,3,0,3,3,0,0,0.000,1.000,"||||crossing_pass||||crossing_pass||||repair|camp||endgame_activate;endgame_active|endgame_active|endgame_active;crossing_pass|endgame_active|endgame_active|endgame_active",true,false,0,0
"Deep - Aggressive","Deep","Aggressive","DP-BLM03",1563,21,"Victory - Boss Defeated","boss.victory",6,0,10,16,4,14700,true,true,2067.6,21,0,0,141.57,6,0,4000,"",0,0,0,0,0,0,1.000,5.71,6,true,3,0,3,3,0,0,0.000,1.000,"||||crossing_pass||||crossing_pass|||||||endgame_activate;endgame_active|endgame_active|endgame_active;crossing_pass|endgame_active|endgame_active|endgame_active",true,false,0,0
"Deep - Aggressive","Deep","Aggressive","DP-BOEBERT03",1564,21,"Victory - Boss Defeated","boss.victory",8,0,10,14,4,15200,true,true,2067.6,20,1,0,141.57,8,0,4000,"",0,0,0,0,0,0,1.000,7.62,6,true,3,0,3,3,0,0,0.000,1.000,"||||crossing_pass||||crossing_pass|||||||endgame_activate;endgame_active|endgame_active|endgame_active;crossing_pass|endgame_active|endgame_active|endgame_active",true,false,0,0
"Deep - Aggressive","Deep","Aggressive","DP-BOLTON03",1565,21,"Victory - Boss Defeated","boss.victory",7,0,10,14,4,15200,true,true,2057.9,19,2,0,140.90,7,0,4000,"",0,7,0,0,0,0,1.000,6.67,7,true,3,0,3,3,0,0,0.000,1.000,"||||crossing_pass||||crossing_pass|||||||endgame_activate;endgame_active|endgame_active|endgame_active;crossing_pass|endgame_active|endgame_active|",true,false,0,0
"Deep - Aggressive","Deep","Aggressive","DP-BONTA03",1566,22,"Victory - Boss Defeated","boss.victory",8,0,10,15,4,14700,true,true,2067.6,21,0,1,141.57,8,0,4000,"",0,0,0,0,0,0,0.955,7.27,5,true,3,0,3,3,0,0,0.000,1.000,"||||crossing_pass|||||crossing_pass|||||||endgame_activate;endgame_active|endgame_active;crossing_pass|endgame_active|endgame_active|endgame_active|",true,false,0,0
"Deep - Aggressive","Deep","Aggressive","DP-BORDER03",1567,21,"Victory - Boss Defeated","boss.victory",7,0,10,16,4,14700,true,true,2067.6,20,1,0,141.57,7,0,3000,"",0,7,0,0,0,0,1.000,6.67,5,true,3,0,2,1,1,0,0.000,0.500,"||||crossing_pass||||crossing_pass||||||||endgame_activate;endgame_active|endgame_active;detour|endgame_active|endgame_active|endgame_active",true,false,0,0
"Deep - Aggressive","Deep","Aggressive","DP-BOXES03",1568,21,"Victory - Boss Defeated","boss.victory",7,0,10,16,4,16100,true,true,2067.6,21,0,0,141.57,7,0,4000,"",0,0,0,0,0,0,1.000,6.67,5,true,3,0,3,3,0,0,0.000,1.000,"||||crossing_pass|||||crossing_pass||||||endgame_activate;endgame_active|endgame_active|endgame_active;crossing_pass|endgame_active|endgame_active|endgame_active",true,false,0,0
"Deep - Aggressive","Deep","Aggressive","DP-BREIT03",1569,22,"Victory - Boss Defeated","boss.victory",7,1,9,14,4,14600,true,true,2067.6,22,0,0,135.14,7,0,4000,"",0,0,0,0,0,1,1.000,6.36,6,true,3,0,3,2,1,0,0.000,0.667,"||||crossing_pass||repair|||detour|||||||endgame_activate;endgame_active|endgame_active;crossing_pass|endgame_active|endgame_active|endgame_active|endgame_active",true,false,0,0
"Deep - Aggressive","Deep","Aggressive","DP-BUNKER03",1570,21,"Victory - Boss Defeated","boss.victory",8,0,10,16,4,15600,true,true,2067.6,19,1,1,148.65,8,0,4000,"",0,0,0,0,1,0,0.952,7.62,5,true,3,0,3,3,0,0,0.000,1.000,"||||crossing_pass||||crossing_pass||||||camp||endgame_activate;endgame_active|endgame_active;crossing_pass|endgame_active|endgame_active|endgame_active",true,false,0,0
"Deep - Aggressive","Deep","Aggressive","DP-BUTLER03",1571,21,"Victory - Boss Defeated","boss.victory",7,1,10,16,4,14200,true,true,2067.6,21,0,0,141.57,7,0,2500,"",0,0,0,0,0,1,1.000,6.67,5,true,3,0,2,2,0,0,0.000,1.000,"||||crossing_pass|repair||||crossing_pass|||||||endgame_activate;endgame_active|endgame_active;crossing_pass|endgame_active|endgame_active|endgame_active",true,false,0,0
"Deep - Aggressive","Deep","Aggressive","DP-CANNON03",1572,22,"Victory - Boss Defeated","boss.victory",7,1,9,14,3,15700,true,true,2067.6,21,0,1,141.57,7,0,3000,"",0,0,0,0,0,1,0.955,6.36,5,true,3,0,2,2,0,0,0.000,1.000,"|||repair||crossing_pass||||crossing_pass|||||||endgame_activate;endgame_active|endgame_active;crossing_pass|endgame_active|endgame_active|endgame_active|",true,false,0,0
"Deep - Aggressive","Deep","Aggressive","DP-CAPRIOT03",1573,21,"Victory - Boss Defeated","boss.victory",7,1,10,14,4,14500,true,true,2051.4,20,0,1,147.48,7,0,2500,"",0,0,0,0,1,1,0.952,6.67,6,true,3,0,2,1,1,0,0.000,0.500,"||repair||crossing_pass||||crossing_pass|||||||endgame_activate;endgame_active|endgame_active;camp|endgame_active;detour|endgame_active|endgame_active|",true,false,0,0
"Deep - Aggressive","Deep","Aggressive","DP-CARAVAN03",1574,23,"Victory - Boss Defeated","boss.victory",8,0,10,15,4,13700,true,true,2067.6,19,2,2,141.57,8,0,4000,"",0,0,0,0,2,0,0.913,6.96,6,true,3,0,3,3,0,0,0.000,1.000,"||||crossing_pass||||crossing_pass|||||||endgame_activate;endgame_active|endgame_active|endgame_active;camp|crossing_pass;endgame_active|endgame_active|camp|endgame_active|",true,false,0,0
"Deep - Aggressive","Deep","Aggressive","DP-CARSON03",1575,21,"Victory - Boss Defeated","boss.victory",6,0,10,15,4,15200,true,true,2067.6,21,0,0,141.57,6,0,3000,"",0,0,1,0,0,0,1.000,5.71,6,true,3,0,2,1,1,0,0.000,0.500,"||||crossing_pass|||||crossing_pass||||||endgame_activate;endgame_active|endgame_active|endgame_active;detour|endgame_active|endgame_active|endgame_active",true,false,0,0
"Deep - Aggressive","Deep","Aggressive","DP-CHEETO03",1576,21,"Victory - Boss Defeated","boss.victory",8,1,10,16,4,11500,true,true,2067.6,20,1,0,141.57,8,0,4000,"",0,1,0,0,0,1,1.000,7.62,5,true,3,0,3,3,0,0,0.000,1.000,"||||crossing_pass||||repair;crossing_pass|||||||endgame_activate;endgame_active|endgame_active|endgame_active;crossing_pass|endgame_active|endgame_active|endgame_active",true,false,0,0
"Deep - Aggressive","Deep","Aggressive","DP-CHENEY03",1577,22,"Victory - Boss Defeated","boss.victory",7,1,10,14,4,14000,true,true,2067.6,21,0,1,141.57,7,2700,4000,"",0,6,0,0,0,1,0.955,6.36,6,true,3,0,3,3,0,0,0.000,1.000,"||||crossing_pass|||||crossing_pass|||repair||||endgame_activate;endgame_active|endgame_active;crossing_pass|endgame_active|endgame_active|endgame_active|",true,false,0,0
"Deep - Aggressive","Deep","Aggressive","DP-CHESBRO03",1578,21,"Victory - Boss Defeated","boss.victory",7,0,10,14,4,16600,true,true,2067.6,21,0,0,141.57,7,0,4000,"",0,0,0,0,0,0,1.000,6.67,5,true,3,0,3,3,0,0,0.000,1.000,"||||crossing_pass||||crossing_pass|||||||endgame_activate;endgame_active|endgame_active|endgame_active;crossing_pass|endgame_active|endgame_active|endgame_active",true,false,0,0
"Deep - Aggressive","Deep","Aggressive","DP-CHINAV03",1579,22,"Victory - Boss Defeated","boss.victory",7,1,10,15,4,13600,true,true,2067.6,21,0,1,141.57,7,0,4000,"",0,8,0,0,1,1,0.955,6.36,5,true,3,0,3,2,1,0,0.000,0.667,"||||detour|||||crossing_pass|repair||||camp||endgame_activate;endgame_active|endgame_active|endgame_active;crossing_pass|endgame_active|endgame_active|endgame_active",true,false,0,0
"Deep - Aggressive","Deep","Aggressive","DP-CLIMATE03",1580,21,"Victory - Boss Defeated","boss.victory",7,0,10,15,4,14200,true,true,2067.6,21,0,0,141.57,7,0,4000,"",0,0,0,0,0,0,1.000,6.67,6,true,3,0,3,2,1,0,0.000,0.667,"||||detour|||||crossing_pass|||||||endgame_activate;endgame_active|endgame_active;crossing_pass|endgame_active|endgame_active|endgame_active",true,false,0,0
"Deep - Aggressive","Deep","Aggressive","DP-CLOWN03",1581,21,"Victory - Boss Defeated","boss.victory",6,0,10,15,4,14700,true,true,2067.6,20,0,1,148.65,6,0,4000,"",0,0,0,0,0,0,0.952,5.71,6,true,3,0,3,3,0,0,0.000,1.000,"||||crossing_pass||||crossing_pass|||||||endgame_activate;endgame_active|endgame_active;crossing_pass|endgame_active|endgame_active|endgame_active|",true,false,0,0
"Deep - Aggressive","Deep","Aggressive","DP-COAL03",1582,21,"Victory - Boss Defeated","boss.victory",7,1,10,16,4,14000,true,true,2067.6,21,0,0,141.57,7,0,4000,"",0,0,0,0,0,1,1.000,6.67,6,true,3,0,3,3,0,0,0.000,1.000,"||||crossing_pass||||crossing_pass||||repair|||endgame_activate;endgame_active|endgame_active|endgame_active;crossing_pass|endgame_active|endgame_active|endgame_active",true,false,0,0
"Deep - Aggressive","Deep","Aggressive","DP-COATS03",1583,22,"Victory - Boss Defeated","boss.victory",9,0,9,14,4,14200,true,true,2067.6,21,1,0,135.14,9,0,4000,"",0,3,0,0,0,0,1.000,8.18,7,true,3,0,3,2,1,0,0.000,0.667,"||||detour|||||crossing_pass||||||endgame_activate;endgame_active|endgame_active|endgame_active|endgame_active;crossing_pass|endgame_active|endgame_active|endgame_active",true,false,0,0
"Deep - Aggressive","Deep","Aggressive","DP-COHEN03",1584,21,"Victory - Boss Defeated","boss.victory",6,0,10,15,4,15200,true,true,2067.6,19,1,1,148.65,6,0,4000,"",0,0,0,0,1,0,0.952,5.71,5,true,3,0,3,2,1,0,0.000,0.667,"||||detour||||crossing_pass||||||endgame_activate;endgame_active|endgame_active;camp|endgame_active|endgame_active;crossing_pass|endgame_active|endgame_active|",true,false,0,0
"Deep - Aggressive","Deep","Aggressive","DP-COLLUSN03",1585,22,"Victory - Boss Defeated","boss.victory",7,0,10,14,4,14700,true,true,2067.6,21,0,1,141.57,7,0,4000,"",0,0,0,0,0,0,0.955,6.36,6,true,3,0,3,2,1,0,0.000,0.667,"||||detour|||||crossing_pass|||||||endgame_activate;endgame_active|endgame_active;crossing_pass|endgame_active|endgame_active|endgame_active|",true,false,0,0
"Deep - Aggressive","Deep","Aggressive","DP-CONWAY03",1586,22,"Victory - Boss Defeated","boss.victory",8,1,10,16,4,14200,true,true,2067.6,21,0,1,141.57,8,0,3000,"",0,0,0,0,0,1,0.955,7.27,5,true,3,0,2,1,1,0,0.000,0.500,"||repair||crossing_pass||||detour||||||||endgame_activate;endgame_active|endgame_active;crossing_pass|endgame_active|endgame_active|endgame_active|",true,false,0,0
"Deep - Balanced","Deep","Balanced","DP-ORANGE02",1337,24,"Victory - Boss Defeated","boss.victory",7,1,1,18,4,20200,true,true,2400.0,23,0,1,128.53,7,0,4000,"",0,9,0,0,0,1,0.958,5.83,6,true,3,0,3,2,1,0,0.000,0.667,"||||crossing_pass;repair||||detour|||||endgame_activate;endgame_active|endgame_active|endgame_active|endgame_active;crossing_pass|endgame_active|endgame_active|endgame_active|endgame_active|endgame_active|endgame_active|",true,false,0,0
"Deep - Balanced","Deep","Balanced","DP-ORANGE02",1338,24,"Boss Vote Failed - Game Over","boss_vote_failed",8,1,2,19,3,20100,true,false,2400.0,20,3,1,128.53,8,0,4000,"",0,1,0,0,1,1,0.958,6.67,6,true,3,0,3,3,0,0,0.000,1.000,"|repair|||crossing_pass||||crossing_pass|||||endgame_activate;endgame_active|endgame_active|endgame_active;crossing_pass|endgame_active|endgame_active|endgame_active|camp|endgame_active|endgame_active|endgame_active|",true,false,0,0
"Deep - Balanced","Deep","Balanced","DP-ORANGE02",1339,24,"Victory - Boss Defeated","boss.victory",7,0,1,19,4,21700,true,true,2400.0,24,0,0,123.18,7,0,4000,"",0,4,0,0,0,0,1.000,5.83,4,true,3,0,3,1,2,0,0.000,0.333,"||||crossing_denied;detour|||||detour|||||endgame_activate;endgame_active|endgame_active|endgame_active;crossing_pass|endgame_active|endgame_active|endgame_active|endgame_active|endgame_active|endgame_active|endgame_active",true,false,0,0
"Deep - Balanced","Deep","Balanced","DP-ORANGE02",1340,23,"Victory - Boss Defeated","boss.victory",7,0,2,16,4,23000,true,true,2400.0,23,0,0,128.53,7,0,4000,"tariff_tsunami",1,0,0,0,1,0,1.000,6.09,5,true,3,0,3,3,0,0,0.000,1.000,"|||crossing_pass|||||crossing_pass|||||endgame_activate;endgame_active|endgame_active|endgame_active;crossing_pass|endgame_active;camp|endgame_active|endgame_active|endgame_active|endgame_active|endgame_active|endgame_active",true,false,0,0
"Deep - Balanced","Deep","Balanced","DP-ORANGE02",1341,24,"Victory - Boss Defeated","boss.victory",8,1,1,18,4,20200,true,true,2400.0,24,0,0,123.18,8,0,4000,"",0,0,0,0,0,1,1.000,6.67,7,true,3,0,3,3,0,0,0.000,1.000,"||||crossing_pass|||||crossing_pass||||||endgame_activate;endgame_active|endgame_active;crossing_pass|endgame_active|repair;endgame_active;endgame_cooldown|endgame_active;endgame_cooldown|endgame_active|endgame_active|endgame_active|endgame_active",true,false,0,0
"Deep - Balanced","Deep","Balanced","DP-ORANGE02",1342,9,"Collapse (crossing) - Game Over","collapse_crossing",4,0,7,20,10,7400,false,false,1250.0,8,1,0,171.08,4,0,2500,"",0,1,0,0,0,0,1.000,4.00,2,false,2,0,2,1,0,1,0.500,0.500,"|||crossing_pass|||||crossing_fail",false,false,0,0
"Deep - Balanced","Deep","Balanced","DP-ORANGE02",1343,24,"Boss Vote Failed - Game Over","boss_vote_failed",8,1,2,16,4,21500,true,false,2400.0,23,1,0,123.18,8,2700,4000,"",0,7,0,0,0,1,1.000,6.67,5,true,3,0,3,3,0,0,0.000,1.000,"|||repair|crossing_pass|||||crossing_pass|||||endgame_activate;endgame_active|endgame_active|endgame_active;crossing_pass|endgame_active|endgame_active|endgame_active|endgame_active|endgame_active|endgame_active|endgame_active",true,false,0,0
"Deep - Balanced","Deep","Balanced","DP-ORANGE02",1344,10,"Collapse (crossing) - Game Over","collapse_crossing",4,0,6,20,8,6900,false,false,1250.0,10,0,0,153.97,4,0,2500,"",0,9,0,0,0,0,1.000,4.00,3,false,2,0,2,0,1,1,0.500,0.000,"||||crossing_denied;detour|||||crossing_fail",false,false,0,0
"Deep - Balanced","Deep","Balanced","DP-ORANGE02",1345,23,"Boss Vote Failed - Game Over","boss_vote_failed",7,0,1,17,4,22100,true,false,2400.0,23,0,0,128.53,7,0,4000,"",0,1,1,0,0,0,1.000,6.09,6,true,3,0,3,3,0,0,0.000,1.000,"|||crossing_pass|||||crossing_pass|||||endgame_activate;endgame_active|endgame_active|endgame_active;crossing_pass|endgame_active|endgame_active|endgame_active|endgame_active|endgame_active|endgame_active|endgame_active",true,false,0,0
"Deep - Balanced","Deep","Balanced","DP-ORANGE02",1346,23,"Boss Vote Failed - Game Over","boss_vote_failed",8,0,1,16,4,24200,true,false,2400.0,22,1,0,128.53,8,0,4000,"doe_eliminated",2,0,0,0,0,0,1.000,6.96,6,true,3,0,3,3,0,0,0.000,1.000,"||||crossing_pass||||crossing_pass|||||endgame_activate;endgame_active|endgame_active|endgame_active;crossing_pass|endgame_active|endgame_active|endgame_active|endgame_active|endgame_active|endgame_active|endgame_active",true,false,0,0
"Deep - Balanced","Deep","Balanced","DP-ORANGE02",1347,17,"Collapse (crossing) - Game Over","collapse_crossing",7,1,4,19,10,10900,false,false,1900.0,16,1,0,137.67,7,0,4000,"",0,0,0,0,0,1,1.000,7.00,3,false,3,0,3,2,0,1,0.333,0.667,"|repair|||crossing_pass|||||crossing_pass||||||endgame_activate;endgame_active|endgame_active;crossing_fail",true,false,0,0
"Deep - Balanced","Deep","Balanced","DP-ORANGE02",1348,9,"Collapse (crossing) - Game Over","collapse_crossing",4,0,7,18,10,7900,false,false,1250.0,9,0,0,171.08,4,0,2500,"",0,0,0,0,0,0,1.000,4.00,4,false,2,0,2,1,0,1,0.500,0.500,"|||crossing_pass|||||crossing_fail",false,false,0,0
"Deep - Balanced","Deep","Balanced","DP-ORANGE02",1349,25,"Boss Vote Failed - Game Over","boss_vote_failed",8,0,1,18,4,21200,true,false,2400.0,24,0,1,123.18,8,0,4000,"",0,0,0,0,0,0,0.960,6.40,7,true,3,0,3,1,2,0,0.000,0.333,"|||detour||||||detour||||||endgame_activate;endgame_active|endgame_active;crossing_pass|endgame_active|endgame_active|endgame_active|endgame_active|endgame_active|endgame_active|endgame_active|",true,false,0,0
"Deep - Balanced","Deep","Balanced","DP-ORANGE02",1350,23,"Victory - Boss Defeated","boss.victory",8,0,1,18,4,21400,true,true,2400.0,22,1,0,128.53,8,0,4000,"",0,0,0,0,0,0,1.000,6.96,5,true,3,0,3,3,0,0,0.000,1.000,"||||crossing_pass||||crossing_pass|||||endgame_activate;endgame_active|endgame_active|endgame_active;crossing_pass|endgame_active|endgame_active|endgame_active|endgame_active|endgame_active|endgame_active|endgame_active",true,false,0,0
"Deep - Balanced","Deep","Balanced","DP-ORANGE02",1351,23,"Victory - Boss Defeated","boss.victory",7,0,2,19,2,23200,true,true,2400.0,22,0,1,134.38,7,0,4000,"",0,0,0,0,0,0,0.957,6.09,6,true,3,0,3,3,0,0,0.000,1.000,"|||crossing_pass|||||crossing_pass|||||endgame_activate;endgame_active|endgame_active|endgame_active;crossing_pass|endgame_active|endgame_active|endgame_active|endgame_active|endgame_active|endgame_active|",true,false,0,0
"Deep - Balanced","Deep","Balanced","DP-ORANGE02",1352,23,"Boss Vote Failed - Game Over","boss_vote_failed",7,0,1,17,4,23100,true,false,2400.0,23,0,0,128.53,7,0,4000,"",0,0,0,0,0,0,1.000,6.09,6,true,3,0,3,3,0,0,0.000,1.000,"|||crossing_pass|||||crossing_pass|||||endgame_activate;endgame_active|endgame_active|endgame_active;crossing_pass|endgame_active|endgame_active|endgame_active|endgame_active|endgame_active|endgame_active|endgame_active",true,false,0,0
"Deep - Balanced","Deep","Balanced","DP-ORANGE02",1353,23,"Boss Vote Failed - Game Over","boss_vote_failed",7,0,1,16,4,23400,true,false,2400.0,23,0,0,128.53,7,0,4000,"",0,7,0,0,0,0,1.000,6.09,6,true,3,0,3,3,0,0,0.000,1.000,"|||crossing_pass|||||crossing_pass|||||endgame_activate;endgame_active|endgame_active|endgame_active;crossing_pass|endgame_active|endgame_active|endgame_active|endgame_active|endgame_active|endgame_active|endgame_active",true,false,0,0
"Deep - Balanced","Deep","Balanced","DP-ORANGE02",1354,23,"Victory - Boss Defeated","boss.victory",7,0,1,19,4,22700,true,true,2400.0,23,0,0,128.53,7,0,4000,"",0,0,0,0,0,0,1.000,6.09,6,true,3,0,3,2,1,0,0.000,0.667,"||||crossing_denied;detour|||||crossing_pass||||endgame_activate;endgame_active|endgame_active|endgame_active;crossing_pass|endgame_active|endgame_active|endgame_active|endgame_active|endgame_active|endgame_active|endgame_active",true,false,0,0
"Deep - Balanced","Deep","Balanced","DP-ORANGE02",1355,23,"Boss Vote Failed - Game Over","boss_vote_failed",6,1,3,20,3,21700,true,false,2400.0,22,0,1,134.38,6,0,4000,"",0,0,0,0,1,1,0.957,5.22,5,true,3,0,3,3,0,0,0.000,1.000,"|||crossing_pass|||||crossing_pass|||||endgame_activate;endgame_active|endgame_active;repair;endgame_cooldown|endgame_active;endgame_cooldown;crossing_pass|endgame_active;camp|endgame_active|endgame_active|endgame_active|endgame_active|endgame_active|",true,false,0,0
"Deep - Balanced","Deep","Balanced","DP-ORANGE02",1356,9,"Collapse (crossing) - Game Over","collapse_crossing",4,0,7,17,10,7900,false,false,1250.0,9,0,0,171.08,4,0,2500,"",0,0,0,0,0,0,1.000,4.00,3,false,2,0,2,1,0,1,0.500,0.500,"|||crossing_pass|||||crossing_fail",false,false,0,0
"Deep - Balanced","Deep","Balanced","DP-ORANGE02",1357,9,"Collapse (crossing) - Game Over","collapse_crossing",5,0,7,19,8,7400,false,false,1250.0,9,0,0,171.08,5,0,2500,"",0,0,1,0,0,0,1.000,5.00,3,false,2,0,2,1,0,1,0.500,0.500,"|||crossing_pass|||||crossing_fail",false,false,0,0
"Deep - Balanced","Deep","Balanced","DP-ORANGE02",1358,24,"Victory - Boss Defeated","boss.victory",7,0,1,20,3,21000,true,true,2400.0,23,0,1,128.53,7,0,4000,"",0,0,0,0,0,0,0.958,5.83,6,true,3,0,3,3,0,0,0.000,1.000,"||||crossing_pass|||||crossing_pass|||||endgame_activate;endgame_active|endgame_active|endgame_active;crossing_pass|endgame_active|endgame_active|endgame_active|endgame_active|endgame_active|endgame_active|",true,false,0,0
"Deep - Balanced","Deep","Balanced","DP-ORANGE02",1359,24,"Boss Vote Failed - Game Over","boss_vote_failed",7,1,2,18,3,19700,true,false,2400.0,22,0,2,134.38,7,0,4000,"tariff_tsunami",1,0,0,0,1,1,0.917,5.83,6,true,3,0,3,2,1,0,0.000,0.667,"|||crossing_denied;detour|repair|||||crossing_pass||||endgame_activate;endgame_active|endgame_active|endgame_active;crossing_pass|endgame_active|endgame_active|endgame_active|endgame_active|endgame_active|camp|endgame_active|",true,false,0,0
"Deep - Balanced","Deep","Balanced","DP-ORANGE02",1360,9,"Collapse (crossing) - Game Over","collapse_crossing",4,0,7,17,10,7400,false,false,1250.0,9,0,0,171.08,4,0,2500,"",0,4,0,0,0,0,1.000,4.00,4,false,2,0,2,1,0,1,0.500,0.500,"|||crossing_pass|||||crossing_fail",false,false,0,0
"Deep - Balanced","Deep","Balanced","DP-ORANGE02",1361,24,"Victory - Boss Defeated","boss.victory",8,1,1,18,3,19100,true,true,2400.0,22,1,1,128.53,8,3100,4000,"",0,1,0,1,0,1,0.958,6.67,5,true,3,0,3,3,0,0,0.000,1.000,"||||crossing_pass||||crossing_pass|||||endgame_activate;endgame_active|endgame_active|endgame_active;crossing_pass|endgame_active|endgame_active|endgame_active;repair;endgame_cooldown|endgame_active;endgame_cooldown|endgame_active|endgame_active|endgame_active|",true,false,0,0
"Deep - Balanced","Deep","Balanced","DP-ORANGE02",1362,23,"Boss Vote Failed - Game Over","boss_vote_failed",7,0,1,20,4,23100,true,false,2400.0,23,0,0,128.53,7,0,4000,"",0,0,0,0,0,0,1.000,6.09,5,true,3,0,3,2,1,0,0.000,0.667,"|||detour|||||crossing_pass|||||endgame_activate;endgame_active|endgame_active|endgame_active;crossing_pass|endgame_active|endgame_active|endgame_active|endgame_active|endgame_active|endgame_active|endgame_active",true,false,0,0
"Deep - Balanced","Deep","Balanced","DP-ORANGE02",1363,23,"Boss Vote Failed - Game Over","boss_vote_failed",7,0,1,19,4,22700,true,false,2400.0,23,0,0,128.53,7,0,4000,"",0,0,0,0,0,0,1.000,6.09,6,true,3,0,3,3,0,0,0.000,1.000,"|||crossing_pass|||||crossing_pass|||||endgame_activate;endgame_active|endgame_active|endgame_active;crossing_pass|endgame_active|endgame_active|endgame_active|endgame_active|endgame_active|endgame_active|endgame_active",true,false,0,0
"Deep - Balanced","Deep","Balanced","DP-ORANGE02",1364,10,"Collapse (crossing) - Game Over","collapse_crossing",5,0,6,17,8,7400,false,false,1250.0,10,0,0,153.97,5,0,2500,"",0,0,1,0,0,0,1.000,5.00,4,false,2,0,2,1,0,1,0.500,0.500,"||||crossing_pass|||||crossing_fail",false,false,0,0
"Deep - Balanced","Deep","Balanced","DP-ORANGE02",1365,24,"Victory - Boss Defeated","boss.victory",8,1,1,20,3,19100,true,true,2400.0,23,0,1,128.53,8,3100,4000,"",0,0,0,0,0,1,0.958,6.67,5,true,3,0,3,1,2,0,0.000,0.333,"|||detour||repair||||detour|||||endgame_activate;endgame_active|endgame_active|endgame_active;crossing_pass|endgame_active|endgame_active|endgame_active|endgame_active|endgame_active|endgame_active|",true,false,0,0
"Deep - Balanced","Deep","Balanced","DP-ORANGE02",1366,23,"Victory - Boss Defeated","boss.victory",8,0,1,18,4,23000,true,true,2400.0,22,1,0,128.53,8,0,4000,"",0,0,0,0,0,0,1.000,6.96,7,true,3,0,3,3,0,0,0.000,1.000,"||||crossing_pass||||crossing_pass|||||endgame_activate;endgame_active|endgame_active|endgame_active;crossing_pass|endgame_active|endgame_active|endgame_active|endgame_active|endgame_active|endgame_active|endgame_active",true,false,0,0
"Deep - Balanced","Deep","Balanced","DP-ORANGE02",1367,24,"Boss Vote Failed - Game Over","boss_vote_failed",7,0,2,19,4,22700,true,false,2400.0,22,0,2,134.38,7,0,4000,"",0,0,0,0,1,0,0.917,5.83,6,true,3,0,3,3,0,0,0.000,1.000,"|||crossing_pass|||||crossing_pass|||||endgame_activate;endgame_active|endgame_active|endgame_active;crossing_pass|endgame_active|endgame_active|endgame_active|endgame_active|camp|endgame_active|endgame_active|",true,false,0,0
"Deep - Balanced","Deep","Balanced","DP-ORANGE02",1368,10,"Collapse (crossing) - Game Over","collapse_crossing",4,0,6,15,10,6900,false,false,1250.0,10,0,0,153.97,4,0,2500,"shutdown",1,0,0,0,0,0,1.000,4.00,4,false,2,0,2,1,0,1,0.500,0.500,"||||crossing_pass|||||crossing_fail",false,false,0,0
"Deep - Balanced","Deep","Balanced","DP-ORANGE02",1369,23,"Victory - Boss Defeated","boss.victory",9,0,1,18,4,22700,true,true,2400.0,23,0,0,128.53,9,0,4000,"",0,0,0,0,0,0,1.000,7.83,6,true,3,0,3,2,1,0,0.000,0.667,"|||crossing_denied;detour||||||crossing_pass||||endgame_activate;endgame_active|endgame_active|endgame_active;crossing_pass|endgame_active|endgame_active|endgame_active|endgame_active|endgame_active|endgame_active|endgame_active",true,false,0,0
"Deep - Balanced","Deep","Balanced","DP-ORANGE02",1370,23,"Collapse (breakdown) - Game Over","collapse_breakdown",7,0,0,18,10,22600,false,false,2362.4,22,0,1,132.27,7,0,4000,"war_dept_reorg",2,0,0,0,0,0,0.957,6.09,7,true,3,0,3,3,0,0,0.000,1.000,"|||crossing_pass|||||crossing_pass|||||endgame_activate;endgame_active|endgame_active|endgame_active;crossing_pass|endgame_active|endgame_active|endgame_active|endgame_active|endgame_active|endgame_active|",true,false,0,0
"Deep - Balanced","Deep","Balanced","DP-ORANGE02",1371,23,"Boss Vote Failed - Game Over","boss_vote_failed",9,0,1,19,4,22200,true,false,2400.0,21,2,0,128.53,9,0,4000,"",0,4,0,0,0,0,1.000,7.83,6,true,3,0,3,3,0,0,0.000,1.000,"|||crossing_pass|||||crossing_pass|||||endgame_activate;endgame_active|endgame_active|endgame_active;crossing_pass|endgame_active|endgame_active|endgame_active|endgame_active|endgame_active|endgame_active|endgame_active",true,false,0,0
"Deep - Balanced","Deep","Balanced","DP-ORANGE02",1372,23,"Boss Vote Failed - Game Over","boss_vote_failed",7,0,2,18,3,23200,true,false,2400.0,22,0,1,134.38,7,0,4000,"",0,0,0,0,0,0,0.957,6.09,5,true,3,0,3,3,0,0,0.000,1.000,"||||crossing_pass||||crossing_pass|||||endgame_activate;endgame_active|endgame_active|endgame_active;crossing_pass|endgame_active|endgame_active|endgame_active|endgame_active|endgame_active|endgame_active|",true,false,0,0
"Deep - Balanced","Deep","Balanced","DP-ORANGE02",1373,16,"Collapse (crossing) - Game Over","collapse_crossing",5,0,4,19,10,13400,false,false,1900.0,16,0,0,146.27,5,0,4000,"",0,0,0,0,0,0,1.000,5.00,5,false,3,0,3,2,0,1,0.333,0.667,"|||crossing_pass|||||crossing_pass|||||endgame_activate;endgame_active|endgame_active|endgame_active;crossing_fail",true,false,0,0
"Deep - Balanced","Deep","Balanced","DP-ORANGE02",1374,9,"Collapse (crossing) - Game Over","collapse_crossing",3,0,7,19,10,7900,false,false,1250.0,9,0,0,171.08,3,0,2500,"",0,8,0,0,0,0,1.000,3.00,3,false,2,0,2,1,0,1,0.500,0.500,"|||crossing_pass|||||crossing_fail",false,false,0,0
"Deep - Balanced","Deep","Balanced","DP-ORANGE02",1375,9,"Collapse (crossing) - Game Over","collapse_crossing",4,0,7,19,10,7400,false,false,1250.0,9,0,0,171.08,4,0,2500,"",0,0,0,0,0,0,1.000,4.00,3,false,2,0,2,1,0,1,0.500,0.500,"||||crossing_pass||||crossing_fail",false,false,0,0
"Deep - Balanced","Deep","Balanced","DP-ORANGE02",1376,23,"Victory - Boss Defeated","boss.victory",8,0,1,20,4,21200,true,true,2400.0,23,0,0,128.53,8,0,4000,"",0,3,0,0,0,0,1.000,6.96,6,true,3,0,3,3,0,0,0.000,1.000,"||||crossing_pass||||crossing_pass|||||endgame_activate;endgame_active|endgame_active|endgame_active;crossing_pass|endgame_active|endgame_active|endgame_active|endgame_active|endgame_active|endgame_active|endgame_active",true,false,0,0
"Deep - Balanced","Deep","Balanced","DP-ORANGE02",1377,24,"Victory - Boss Defeated","boss.victory",8,0,1,20,3,21700,true,true,2400.0,23,0,1,128.53,8,0,4000,"",0,0,0,0,0,0,0.958,6.67,5,true,3,0,3,3,0,0,0.000,1.000,"|||crossing_pass|||||crossing_pass||||||endgame_activate;endgame_active|endgame_active|endgame_active;crossing_pass|endgame_active|endgame_active|endgame_active|endgame_active|endgame_active|endgame_active|",true,false,0,0
"Deep - Balanced","Deep","Balanced","DP-ORANGE02",1378,23,"Boss Vote Failed - Game Over","boss_vote_failed",8,0,1,17,3,22700,true,false,2400.0,23,0,0,128.53,8,0,4000,"",0,2,0,0,0,0,1.000,6.96,6,true,3,0,3,3,0,0,0.000,1.000,"|||crossing_pass|||||crossing_pass|||||endgame_activate;endgame_active|endgame_active|endgame_active;crossing_pass|endgame_active|endgame_active|endgame_active|endgame_active|endgame_active|endgame_active|endgame_active",true,false,0,0
"Deep - Balanced","Deep","Balanced","DP-ORANGE02",1379,24,"Boss Vote Failed - Game Over","boss_vote_failed",8,1,1,19,3,19600,true,false,2400.0,23,0,1,128.53,8,3100,4000,"",0,5,0,1,0,1,0.958,6.67,6,true,3,0,3,3,0,0,0.000,1.000,"|repair|||crossing_pass||||crossing_pass|||||endgame_activate;endgame_active|endgame_active|endgame_active|endgame_active;crossing_pass|endgame_active|endgame_active|endgame_active|endgame_active|endgame_active|endgame_active|",true,false,0,0
"Deep - Balanced","Deep","Balanced","DP-ORANGE02",1380,23,"Boss Vote Failed - Game Over","boss_vote_failed",7,0,1,19,4,22100,true,false,2400.0,23,0,0,128.53,7,0,4000,"",0,4,0,0,0,0,1.000,6.09,6,true,3,0,3,1,2,0,0.000,0.333,"||||crossing_pass||||detour||||||endgame_activate;endgame_active|endgame_active;detour|endgame_active|endgame_active|endgame_active|endgame_active|endgame_active|endgame_active|endgame_active",true,false,0,0
"Deep - Balanced","Deep","Balanced","DP-ORANGE02",1381,24,"Victory - Boss Defeated","boss.victory",8,0,1,20,3,22200,true,true,2400.0,22,0,2,134.38,8,0,4000,"",0,0,0,0,1,0,0.917,6.67,6,true,3,0,3,3,0,0,0.000,1.000,"|||crossing_pass|||||crossing_pass||camp||||endgame_activate;endgame_active|endgame_active|endgame_active;crossing_pass|endgame_active|endgame_active|endgame_active|endgame_active|endgame_active|endgame_active|",true,false,0,0
"Deep - Balanced","Deep","Balanced","DP-ORANGE02",1382,23,"Victory - Boss Defeated","boss.victory",7,0,1,17,4,22200,true,true,2400.0,23,0,0,128.53,7,0,4000,"",0,0,0,0,0,0,1.000,6.09,7,true,3,0,3,3,0,0,0.000,1.000,"||||crossing_pass||||crossing_pass|||||endgame_activate;endgame_active|endgame_active|endgame_active;crossing_pass|endgame_active|endgame_active|endgame_active|endgame_active|endgame_active|endgame_active|endgame_active",true,false,0,0
"Deep - Balanced","Deep","Balanced","DP-ORANGE02",1383,9,"Collapse (crossing) - Game Over","collapse_crossing",4,0,7,18,10,7900,false,false,1250.0,9,0,0,171.08,4,0,2500,"",0,5,0,0,0,0,1.000,4.00,4,false,2,0,2,1,0,1,0.500,0.500,"|||crossing_pass|||||crossing_fail",false,false,0,0
"Deep - Balanced","Deep","Balanced","DP-ORANGE02",1384,9,"Collapse (crossing) - Game Over","collapse_crossing",4,0,7,18,9,7900,false,false,1250.0,9,0,0,171.08,4,0,2500,"",0,6,0,0,0,0,1.000,4.00,4,false,2,0,2,1,0,1,0.500,0.500,"||||crossing_pass||||crossing_fail",false,false,0,0
"Deep - Balanced","Deep","Balanced","DP-ORANGE02",1385,23,"Victory - Boss Defeated","boss.victory",6,0,2,19,4,22000,true,true,2400.0,22,0,1,134.38,6,0,4000,"",0,0,0,0,0,0,0.957,5.22,6,true,3,0,3,3,0,0,0.000,1.000,"|||crossing_pass|||||crossing_pass|||||endgame_activate;endgame_active|endgame_active|endgame_active;crossing_pass|endgame_active|endgame_active|endgame_active|endgame_active|endgame_active|endgame_active|",true,false,0,0
"Deep - Balanced","Deep","Balanced","DP-ORANGE02",1386,17,"Collapse (crossing) - Game Over","collapse_crossing",6,0,4,20,10,12400,false,false,1900.0,17,0,0,137.67,6,0,4000,"",0,4,0,0,0,0,1.000,6.00,3,false,3,0,3,0,2,1,0.333,0.000,"||||crossing_denied;detour||||detour|||||endgame_activate;endgame_active|endgame_active|endgame_active|endgame_active;crossing_fail",true,false,0,0
"Deep - Balanced","Deep","Balanced","DP-ORANGE02",1387,24,"Boss Vote Failed - Game Over","boss_vote_failed",8,0,1,19,4,23200,true,false,2400.0,23,0,1,128.53,8,0,4000,"book_panic",1,0,0,0,1,0,0.958,6.67,6,true,3,0,3,3,0,0,0.000,1.000,"||||crossing_pass||||crossing_pass|||||endgame_activate;endgame_active|endgame_active|endgame_active;crossing_pass|endgame_active|endgame_active|camp|endgame_active|endgame_active|endgame_active|endgame_active|endgame_active",true,false,0,0
"Deep - Balanced","Deep","Balanced","DP-ORANGE02",1388,23,"Boss Vote Failed - Game Over","boss_vote_failed",7,0,2,17,2,24900,true,false,2400.0,22,1,0,128.53,7,0,4000,"",0,1,0,0,0,0,1.000,6.09,7,true,3,0,3,3,0,0,0.000,1.000,"||||crossing_pass||||crossing_pass|||||endgame_activate;endgame_active|endgame_active|endgame_active;crossing_pass|endgame_active|endgame_active|endgame_active|endgame_active|endgame_active|endgame_active|endgame_active",true,false,0,0
"Deep - Balanced","Deep","Balanced","DP-ORANGE02",1389,23,"Victory - Boss Defeated","boss.victory",8,0,2,19,3,24200,true,true,2400.0,22,0,1,134.38,8,0,4000,"",0,0,0,0,0,0,0.957,6.96,6,true,3,0,3,3,0,0,0.000,1.000,"|||crossing_pass|||||crossing_pass|||||endgame_activate;endgame_active|endgame_active|endgame_active;crossing_pass|endgame_active|endgame_active|endgame_active|endgame_active|endgame_active|endgame_active|",true,false,0,0
"Deep - Balanced","Deep","Balanced","DP-ORANGE02",1390,11,"Collapse (crossing) - Game Over","collapse_crossing",5,0,6,17,10,7400,false,false,1250.0,11,0,0,139.98,5,0,2500,"",0,6,0,0,1,0,1.000,5.00,4,false,2,0,2,1,0,1,0.500,0.500,"camp|||||crossing_pass|||||crossing_fail",false,false,0,0
"Deep - Balanced","Deep","Balanced","DP-ORANGE02",1391,9,"Collapse (crossing) - Game Over","collapse_crossing",5,0,7,20,10,7400,false,false,1250.0,9,0,0,171.08,5,0,2500,"",0,5,0,0,0,0,1.000,5.00,2,false,2,0,2,1,0,1,0.500,0.500,"||||crossing_pass||||crossing_fail",false,false,0,0
"Deep - Balanced","Deep","Balanced","DP-ORANGE02",1392,23,"Boss Vote Failed - Game Over","boss_vote_failed",7,1,1,18,4,22200,true,false,2400.0,23,0,0,128.53,7,0,4000,"shutdown",1,0,0,0,0,1,1.000,6.09,6,true,3,0,3,3,0,0,0.000,1.000,"||||crossing_pass|||||crossing_pass||||endgame_activate;endgame_active|endgame_active|endgame_active;crossing_pass|endgame_active|repair;endgame_active;endgame_cooldown|endgame_active;endgame_cooldown|endgame_active|endgame_active|endgame_active|endgame_active",true,false,0,0
"Deep - Balanced","Deep","Balanced","DP-ORANGE02",1393,9,"Collapse (crossing) - Game Over","collapse_crossing",5,0,7,19,10,7400,false,false,1250.0,9,0,0,171.08,5,0,2500,"",0,8,0,0,0,0,1.000,5.00,3,false,2,0,2,1,0,1,0.500,0.500,"||||crossing_pass||||crossing_fail",false,false,0,0
"Deep - Balanced","Deep","Balanced","DP-ORANGE02",1394,9,"Collapse (crossing) - Game Over","collapse_crossing",4,0,7,18,10,7900,false,false,1250.0,8,1,0,171.08,4,0,2500,"",0,3,0,0,0,0,1.000,4.00,3,false,2,0,2,1,0,1,0.500,0.500,"||||crossing_pass||||crossing_fail",false,false,0,0
"Deep - Balanced","Deep","Balanced","DP-ORANGE02",1395,9,"Collapse (crossing) - Game Over","collapse_crossing",4,0,7,20,9,8300,false,false,1250.0,9,0,0,171.08,4,0,2500,"",0,2,0,0,0,0,1.000,4.00,3,false,2,0,2,0,1,1,0.500,0.000,"|||crossing_denied;detour|||||crossing_fail",false,false,0,0
"Deep - Balanced","Deep","Balanced","DP-ORANGE02",1396,24,"Victory - Boss Defeated","boss.victory",8,0,2,17,4,23200,true,true,2400.0,22,1,1,128.53,8,0,4000,"doe_eliminated",2,0,0,0,1,0,0.958,6.67,5,true,3,0,3,3,0,0,0.000,1.000,"|||crossing_pass|||||crossing_pass|||||endgame_activate;endgame_active|endgame_active|endgame_active;crossing_pass|endgame_active|endgame_active|endgame_active;camp|endgame_active|endgame_active|endgame_active|endgame_active|",true,false,0,0
"Deep - Balanced","Deep","Balanced","DP-ORANGE02",1397,24,"Victory - Boss Defeated","boss.victory",7,0,2,20,3,22700,true,true,2400.0,23,0,1,128.53,7,0,4000,"",0,2,0,0,1,0,0.958,5.83,5,true,3,0,3,1,2,0,0.000,0.333,"|||crossing_pass|||||detour|||||endgame_activate;endgame_active|endgame_active|endgame_active;detour|endgame_active|endgame_active|endgame_active;camp|endgame_active|endgame_active|endgame_active|endgame_active|",true,false,0,0
"Deep - Balanced","Deep","Balanced","DP-ORANGE02",1398,9,"Collapse (crossing) - Game Over","collapse_crossing",3,0,7,19,10,7400,false,false,1250.0,9,0,0,171.08,3,0,2500,"",0,6,0,0,0,0,1.000,3.00,3,false,2,0,2,1,0,1,0.500,0.500,"|||crossing_pass|||||crossing_fail",false,false,0,0
"Deep - Balanced","Deep","Balanced","DP-ORANGE02",1399,24,"Victory - Boss Defeated","boss.victory",7,0,2,20,3,21700,true,true,2400.0,22,0,2,134.38,7,0,4000,"",0,5,0,0,1,0,0.917,5.83,6,true,3,0,3,3,0,0,0.000,1.000,"||||crossing_pass||||crossing_pass|||||endgame_activate;endgame_active|endgame_active|endgame_active;crossing_pass|endgame_active|endgame_active|endgame_active|endgame_active|camp|endgame_active|endgame_active|",true,false,0,0
"Deep - Balanced","Deep","Balanced","DP-ORANGE02",1400,24,"Boss Vote Failed - Game Over","boss_vote_failed",7,1,1,17,4,19900,true,false,2400.0,23,0,1,128.53,7,0,4000,"",0,2,0,0,1,1,0.958,5.83,5,true,3,0,3,3,0,0,0.000,1.000,"|||crossing_pass|||||repair;crossing_pass|||||endgame_activate;endgame_active|endgame_active|endgame_active;crossing_pass|endgame_active|endgame_active|endgame_active|endgame_active|endgame_active|endgame_active|camp|endgame_active",true,false,0,0
"Deep - Balanced","Deep","Balanced","DP-ORANGE02",1401,10,"Collapse (crossing) - Game Over","collapse_crossing",4,0,6,16,10,7400,false,false,1250.0,10,0,0,153.97,4,0,2500,"",0,0,0,0,0,0,1.000,4.00,4,false,2,0,2,0,1,1,0.500,0.000,"|||crossing_denied;detour||||||crossing_fail",false,false,0,0
"Deep - Balanced","Deep","Balanced","DP-ORANGE02",1402,16,"Collapse (crossing) - Game Over","collapse_crossing",5,0,4,20,10,12900,false,false,1900.0,16,0,0,146.27,5,0,4000,"travel_ban_lite",2,0,0,0,0,0,1.000,5.00,5,false,3,0,3,2,0,1,0.333,0.667,"|||crossing_pass|||||crossing_pass|||||endgame_activate;endgame_active|endgame_active|endgame_active;crossing_fail",true,false,0,0
"Deep - Balanced","Deep","Balanced","DP-ORANGE02",1403,24,"Boss Vote Failed - Game Over","boss_vote_failed",9,1,1,18,3,21700,true,false,2400.0,23,1,0,123.18,9,0,4000,"",0,5,0,0,0,1,1.000,7.50,6,true,3,0,3,3,0,0,0.000,1.000,"||||crossing_pass||||crossing_pass||repair||||endgame_activate;endgame_active|endgame_active|endgame_active;crossing_pass|endgame_active|endgame_active|endgame_active|endgame_active|endgame_active|endgame_active|endgame_active",true,false,0,0
"Deep - Balanced","Deep","Balanced","DP-ORANGE02",1404,24,"Victory - Boss Defeated","boss.victory",8,0,1,19,2,21000,true,true,2400.0,23,0,1,128.53,8,0,4000,"",0,0,0,1,0,0,0.958,6.67,8,true,3,0,3,1,2,0,0.000,0.333,"||||detour|||||crossing_pass||||endgame_activate;endgame_active|endgame_active|endgame_active;detour|endgame_active|endgame_active|endgame_active|endgame_active|endgame_active|endgame_active|endgame_active|",true,false,0,0
"Deep - Balanced","Deep","Balanced","DP-ORANGE02",1405,9,"Collapse (crossing) - Game Over","collapse_crossing",4,0,7,20,10,6800,false,false,1250.0,9,0,0,171.08,4,0,2500,"",0,0,0,0,0,0,1.000,4.00,4,false,2,0,2,1,0,1,0.500,0.500,"||||crossing_pass||||crossing_fail",false,false,0,0
"Deep - Balanced","Deep","Balanced","DP-ORANGE02",1406,23,"Boss Vote Failed - Game Over","boss_vote_failed",7,0,1,20,4,23200,true,false,2400.0,23,0,0,128.53,7,0,4000,"",0,0,0,0,0,0,1.000,6.09,7,true,3,0,3,3,0,0,0.000,1.000,"||||crossing_pass||||crossing_pass|||||endgame_activate;endgame_active|endgame_active|endgame_active;crossing_pass|endgame_active|endgame_active|endgame_active|endgame_active|endgame_active|endgame_active|endgame_active",true,false,0,0
"Deep - Balanced","Deep","Balanced","DP-ORANGE02",1407,23,"Boss Vote Failed - Game Over","boss_vote_failed",8,0,2,18,4,22700,true,false,2400.0,23,0,0,128.53,8,0,4000,"",0,6,0,0,0,0,1.000,6.96,5,true,3,0,3,2,1,0,0.000,0.667,"||||detour||||crossing_pass|||||endgame_activate;endgame_active|endgame_active|endgame_active;crossing_pass|endgame_active|endgame_active|endgame_active|endgame_active|endgame_active|endgame_active|endgame_active",true,false,0,0
"Deep - Balanced","Deep","Balanced","DP-ORANGE02",1408,23,"Victory - Boss Defeated","boss.victory",9,0,2,19,4,23600,true,true,2400.0,22,1,0,128.53,9,0,4000,"",0,0,0,0,0,0,1.000,7.83,5,true,3,0,3,3,0,0,0.000,1.000,"|||crossing_pass|||||crossing_pass|||||endgame_activate;endgame_active|endgame_active|endgame_active;crossing_pass|endgame_active|endgame_active|endgame_active|endgame_active|endgame_active|endgame_active|endgame_active",true,false,0,0
"Deep - Balanced","Deep","Balanced","DP-ORANGE02",1409,23,"Boss Vote Failed - Game Over","boss_vote_failed",9,0,2,20,4,21000,true,false,2400.0,22,1,0,128.53,9,0,4000,"",0,0,0,0,0,0,1.000,7.83,5,true,3,0,3,3,0,0,0.000,1.000,"||||crossing_pass|||||crossing_pass||||endgame_activate;endgame_active|endgame_active|endgame_active;crossing_pass|endgame_active|endgame_active|endgame_active|endgame_active|endgame_active|endgame_active|endgame_active",true,false,0,0
"Deep - Balanced","Deep","Balanced","DP-ORANGE02",1410,9,"Collapse (crossing) - Game Over","collapse_crossing",5,0,7,18,9,7900,false,false,1250.0,8,1,0,171.08,5,0,2500,"",0,0,0,0,0,0,1.000,5.00,3,false,2,0,2,1,0,1,0.500,0.500,"|||crossing_pass|||||crossing_fail",false,false,0,0
"Deep - Balanced","Deep","Balanced","DP-ORANGE02",1411,10,"Collapse (crossing) - Game Over","collapse_crossing",4,1,6,16,10,5700,false,false,1250.0,10,0,0,153.97,4,0,2500,"",0,0,0,0,0,1,1.000,4.00,3,false,2,0,2,0,1,1,0.500,0.000,"|||crossing_denied;detour||||repair||crossing_fail",false,false,0,0
"Deep - Balanced","Deep","Balanced","DP-ORANGE02",1412,24,"Boss Vote Failed - Game Over","boss_vote_failed",8,1,2,20,3,20700,true,false,2400.0,23,0,1,128.53,8,0,4000,"",0,0,0,0,0,1,0.958,6.67,6,true,3,0,3,3,0,0,0.000,1.000,"||||crossing_pass|repair||||crossing_pass||||endgame_activate;endgame_active|endgame_active|endgame_active|endgame_active;crossing_pass|endgame_active|endgame_active|endgame_active|endgame_active|endgame_active|endgame_active|",true,false,0,0
"Deep - Balanced","Deep","Balanced","DP-ORANGE02",1413,23,"Collapse (breakdown) - Game Over","collapse_breakdown",8,1,0,18,9,21200,false,false,2362.4,22,0,1,132.27,8,0,4000,"",0,0,0,0,0,1,0.957,6.96,7,true,3,0,3,3,0,0,0.000,1.000,"|repair|||crossing_pass||||crossing_pass||||||endgame_activate;endgame_active|endgame_active;crossing_pass|endgame_active|endgame_active|endgame_active|endgame_active|endgame_active|endgame_active|",true,false,0,0
"Deep - Balanced","Deep","Balanced","DP-ORANGE02",1414,9,"Collapse (crossing) - Game Over","collapse_crossing",5,1,7,17,10,6400,false,false,1250.0,8,1,0,171.08,5,0,2500,"",0,0,0,0,0,1,1.000,5.00,2,false,2,0,2,1,0,1,0.500,0.500,"||||crossing_pass|||repair|crossing_fail",false,false,1,0
"Deep - Balanced","Deep","Balanced","DP-ORANGE02",1415,9,"Collapse (crossing) - Game Over","collapse_crossing",4,0,7,20,9,8300,false,false,1250.0,9,0,0,171.08,4,0,2500,"",0,0,0,0,0,0,1.000,4.00,3,false,2,0,2,1,0,1,0.500,0.500,"|||crossing_pass|||||crossing_fail",false,false,0,0
"Deep - Balanced","Deep","Balanced","DP-ORANGE02",1416,10,"Collapse (crossing) - Game Over","collapse_crossing",5,0,6,19,9,7400,false,false,1250.0,10,0,0,153.97,5,0,2500,"",0,6,0,0,0,0,1.000,5.00,2,false,2,0,2,1,0,1,0.500,0.500,"||||crossing_pass|||||crossing_fail",false,false,0,0
"Deep - Balanced","Deep","Balanced","DP-ORANGE02",1417,17,"Collapse (crossing) - Game Over","collapse_crossing",7,0,4,18,10,11700,false,false,1900.0,17,0,0,137.67,7,0,4000,"",0,7,0,0,0,0,1.000,7.00,4,false,3,0,3,1,1,1,0.333,0.333,"||||crossing_pass|||||detour||||endgame_activate;endgame_active|endgame_active|endgame_active|endgame_active;crossing_fail",true,false,0,0
"Deep - Balanced","Deep","Balanced","DP-ORANGE02",1418,17,"Collapse (crossing) - Game Over","collapse_crossing",7,0,4,18,10,12400,false,false,1900.0,16,1,0,137.67,7,0,4000,"",0,2,0,0,0,0,1.000,7.00,6,false,3,0,3,2,0,1,0.333,0.667,"||||crossing_pass|||||crossing_pass|||||endgame_activate;endgame_active|endgame_active|endgame_active;crossing_fail",true,false,0,0
"Deep - Balanced","Deep","Balanced","DP-ORANGE02",1419,9,"Collapse (crossing) - Game Over","collapse_crossing",4,0,7,19,9,7900,false,false,1250.0,9,0,0,171.08,4,0,2500,"",0,0,0,0,0,0,1.000,4.00,4,false,2,0,2,1,0,1,0.500,0.500,"||||crossing_pass||||crossing_fail",false,false,0,0
"Deep - Balanced","Deep","Balanced","DP-ORANGE02",1420,23,"Boss Vote Failed - Game Over","boss_vote_failed",7,1,2,18,4,19500,true,false,2400.0,23,0,0,128.53,7,2700,4000,"",0,2,0,0,0,1,1.000,6.09,6,true,3,0,3,2,1,0,0.000,0.667,"|repair|||crossing_pass||||detour||||||endgame_activate;endgame_active|endgame_active;crossing_pass|endgame_active|endgame_active|endgame_active|endgame_active|endgame_active|endgame_active|endgame_active",true,false,0,0
"Deep - Balanced","Deep","Balanced","DP-ORANGE02",1421,24,"Boss Vote Failed - Game Over","boss_vote_failed",7,0,2,19,4,21200,true,false,2400.0,24,0,0,123.18,7,0,4000,"",0,0,0,0,0,0,1.000,5.83,5,true,3,0,3,2,1,0,0.000,0.667,"|||crossing_pass|||||crossing_pass|||||endgame_activate;endgame_active|endgame_active|endgame_active;detour|endgame_active|endgame_active|endgame_active|endgame_active|endgame_active|endgame_active|endgame_active|endgame_active",true,false,0,0
"Deep - Balanced","Deep","Balanced","DP-ORANGE02",1422,24,"Boss Vote Failed - Game Over","boss_vote_failed",8,2,1,18,4,17500,true,false,2400.0,23,1,0,123.18,8,2700,4000,"",0,0,0,0,0,2,1.000,6.67,6,true,3,0,3,2,1,0,0.000,0.667,"repair||||crossing_denied;detour|||||crossing_pass|||||endgame_activate;endgame_active|endgame_active|endgame_active;crossing_pass|endgame_active|endgame_active|endgame_active|repair;endgame_active;endgame_cooldown|endgame_active;endgame_cooldown|endgame_active|endgame_active",true,false,0,0
"Deep - Balanced","Deep","Balanced","DP-ORANGE02",1423,23,"Collapse (breakdown) - Game Over","collapse_breakdown",9,0,0,20,10,22600,false,false,2362.4,22,0,1,132.27,9,0,4000,"",0,0,0,0,0,0,0.957,7.83,5,true,3,0,3,3,0,0,0.000,1.000,"||||crossing_pass|||||crossing_pass||||endgame_activate;endgame_active|endgame_active|endgame_active;crossing_pass|endgame_active|endgame_active|endgame_active|endgame_active|endgame_active|endgame_active|",true,false,0,0
"Deep - Balanced","Deep","Balanced","DP-ORANGE02",1424,23,"Boss Vote Failed - Game Over","boss_vote_failed",8,0,1,15,4,22700,true,false,2400.0,23,0,0,128.53,8,0,4000,"",0,0,0,0,0,0,1.000,6.96,7,true,3,0,3,3,0,0,0.000,1.000,"|||crossing_pass|||||crossing_pass|||||endgame_activate;endgame_active|endgame_active|endgame_active;crossing_pass|endgame_active|endgame_active|endgame_active|endgame_active|endgame_active|endgame_active|endgame_active",true,false,0,0
"Deep - Balanced","Deep","Balanced","DP-ORANGE02",1425,9,"Collapse (crossing) - Game Over","collapse_crossing",4,1,7,19,9,7900,false,false,1250.0,9,0,0,171.08,4,0,2500,"",0,7,0,0,0,1,1.000,4.00,3,false,2,0,2,1,0,1,0.500,0.500,"||||crossing_pass||||repair;crossing_fail",false,false,2,0
"Deep - Balanced","Deep","Balanced","DP-ORANGE02",1426,17,"Collapse (crossing) - Game Over","collapse_crossing",5,1,4,19,10,9300,false,false,1900.0,16,1,0,137.67,5,3100,4000,"",0,0,0,0,1,1,1.000,5.00,4,false,3,0,3,2,0,1,0.333,0.667,"||||crossing_pass|camp||||crossing_pass||||repair|endgame_activate;endgame_active;endgame_cooldown|endgame_active|endgame_active;crossing_fail",true,false,0,0
"Deep - Balanced","Deep","Balanced","DP-ORANGE02",1427,9,"Collapse (crossing) - Game Over","collapse_crossing",5,0,7,20,10,7400,false,false,1250.0,9,0,0,171.08,5,0,2500,"",0,0,0,0,0,0,1.000,5.00,3,false,2,0,2,1,0,1,0.500,0.500,"||||crossing_pass||||crossing_fail",false,false,0,0
"Deep - Balanced","Deep","Balanced","DP-ORANGE02",1428,23,"Victory - Boss Defeated","boss.victory",7,0,1,18,4,22000,true,true,2400.0,22,1,0,128.53,7,0,4000,"",0,1,0,0,0,0,1.000,6.09,7,true,3,0,3,2,1,0,0.000,0.667,"||||detour|||||crossing_pass||||endgame_activate;endgame_active|endgame_active|endgame_active;crossing_pass|endgame_active|endgame_active|endgame_active|endgame_active|endgame_active|endgame_active|endgame_active",true,false,0,0
"Deep - Balanced","Deep","Balanced","DP-ORANGE02",1429,23,"Victory - Boss Defeated","boss.victory",8,0,1,16,3,23200,true,true,2400.0,23,0,0,128.53,8,0,4000,"doe_eliminated",1,0,0,0,0,0,1.000,6.96,6,true,3,0,3,3,0,0,0.000,1.000,"|||crossing_pass|||||crossing_pass|||||endgame_activate;endgame_active|endgame_active|endgame_active;crossing_pass|endgame_active|endgame_active|endgame_active|endgame_active|endgame_active|endgame_active|endgame_active",true,false,0,0
"Deep - Balanced","Deep","Balanced","DP-ORANGE02",1430,10,"Collapse (crossing) - Game Over","collapse_crossing",4,0,6,16,10,7400,false,false,1250.0,10,0,0,153.97,4,0,2500,"",0,0,0,0,0,0,1.000,4.00,3,false,2,0,2,0,1,1,0.500,0.000,"|||crossing_denied;detour||||||crossing_fail",false,false,0,0
"Deep - Balanced","Deep","Balanced","DP-ORANGE02",1431,23,"Victory - Boss Defeated","boss.victory",7,0,2,19,4,23600,true,true,2400.0,23,0,0,128.53,7,0,4000,"",0,0,0,0,0,0,1.000,6.09,5,true,3,0,3,2,1,0,0.000,0.667,"|||crossing_pass|||||crossing_pass|||||endgame_activate;endgame_active|endgame_active|endgame_active;detour|endgame_active|endgame_active|endgame_active|endgame_active|endgame_active|endgame_active|endgame_active",true,false,0,0
"Deep - Balanced","Deep","Balanced","DP-ORANGE02",1432,23,"Boss Vote Failed - Game Over","boss_vote_failed",6,0,2,19,3,22700,true,false,2400.0,21,1,1,134.38,6,0,4000,"",0,6,0,0,0,0,0.957,5.22,6,true,3,0,3,3,0,0,0.000,1.000,"|||crossing_pass|||||crossing_pass||||||endgame_activate;endgame_active|endgame_active;crossing_pass|endgame_active|endgame_active|endgame_active|endgame_active|endgame_active|endgame_active|",true,false,0,0
"Deep - Balanced","Deep","Balanced","DP-ORANGE02",1433,24,"Boss Vote Failed - Game Over","boss_vote_failed",8,0,1,18,4,23200,true,false,2400.0,24,0,0,123.18,8,0,4000,"",0,2,0,0,0,0,1.000,6.67,7,true,3,0,3,2,1,0,0.000,0.667,"||||crossing_denied;detour|||||crossing_pass||||||endgame_activate;endgame_active|endgame_active;crossing_pass|endgame_active|endgame_active|endgame_active|endgame_active|endgame_active|endgame_active|endgame_active",true,false,0,0
"Deep - Balanced","Deep","Balanced","DP-ORANGE02",1434,24,"Boss Vote Failed - Game Over","boss_vote_failed",8,0,1,19,4,21700,true,false,2400.0,21,2,1,128.53,8,0,4000,"",0,0,0,0,0,0,0.958,6.67,5,true,3,0,3,2,1,0,0.000,0.667,"||||crossing_denied;detour|||||crossing_pass||||endgame_activate;endgame_active|endgame_active|endgame_active;crossing_pass|endgame_active|endgame_active|endgame_active|endgame_active|endgame_active|endgame_active|endgame_active|",true,false,0,0
"Deep - Balanced","Deep","Balanced","DP-ORANGE02",1435,16,"Collapse (crossing) - Game Over","collapse_crossing",8,0,4,17,10,13900,false,false,1900.0,16,0,0,146.27,8,0,4000,"",0,0,0,0,0,0,1.000,8.00,5,false,3,0,3,2,0,1,0.333,0.667,"||||crossing_pass||||crossing_pass|||||endgame_activate;endgame_active|endgame_active|endgame_active;crossing_fail",true,false,0,0
"Deep - Balanced","Deep","Balanced","DP-ORANGE02",1436,16,"Collapse (crossing) - Game Over","collapse_crossing",5,0,4,19,10,13900,false,false,1900.0,16,0,0,146.27,5,0,4000,"",0,5,0,0,0,0,1.000,5.00,4,false,3,0,3,1,1,1,0.333,0.333,"|||detour|||||crossing_pass|||||endgame_activate;endgame_active|endgame_active|endgame_active;crossing_fail",true,false,0,0
"Deep - Balanced","Deep","Balanced","DP-ORANGE02",1437,23,"Victory - Boss Defeated","boss.victory",7,0,1,20,4,21700,true,true,2400.0,22,1,0,128.53,7,0,4000,"book_panic",1,0,0,0,0,0,1.000,6.09,5,true,3,0,3,3,0,0,0.000,1.000,"|||crossing_pass||||||crossing_pass||||endgame_activate;endgame_active|endgame_active|endgame_active|endgame_active;crossing_pass|endgame_active|endgame_active|endgame_active|endgame_active|endgame_active|endgame_active",true,false,0,0
"Deep - Balanced","Deep","Balanced","DP-ORANGE02",1438,9,"Collapse (crossing) - Game Over","collapse_crossing",4,0,7,19,10,7400,false,false,1250.0,9,0,0,171.08,4,0,2500,"",0,0,0,0,0,0,1.000,4.00,3,false,2,0,2,1,0,1,0.500,0.500,"|||crossing_pass|||||crossing_fail",false,false,0,0
"Deep - Balanced","Deep","Balanced","DP-ORANGE02",1439,25,"Victory - Boss Defeated","boss.victory",8,0,2,19,3,21200,true,true,2400.0,22,2,1,123.18,8,0,4000,"",0,0,0,0,1,0,0.960,6.40,6,true,3,0,3,1,2,0,0.000,0.333,"||||crossing_pass||||detour|||||endgame_activate;endgame_active|endgame_active|endgame_active;detour|endgame_active|endgame_active|endgame_active|endgame_active|endgame_active|endgame_active|camp|endgame_active|",true,false,0,0
"Deep - Balanced","Deep","Balanced","DP-ORANGE02",1440,23,"Boss Vote Failed - Game Over","boss_vote_failed",7,1,1,19,4,21200,true,false,2400.0,23,0,0,128.53,7,0,4000,"",0,0,0,0,0,1,1.000,6.09,6,true,3,0,3,3,0,0,0.000,1.000,"||||crossing_pass||||crossing_pass|repair||||endgame_activate;endgame_active|endgame_active|endgame_active;crossing_pass|endgame_active|endgame_active|endgame_active|endgame_active|endgame_active|endgame_active|endgame_active",true,false,0,0
"Deep - Balanced","Deep","Balanced","DP-ORANGE02",1441,24,"Boss Vote Failed - Game Over","boss_vote_failed",9,1,2,18,4,19500,true,false,2400.0,23,1,0,123.18,9,0,4000,"",0,7,0,0,1,1,1.000,7.50,6,true,3,0,3,2,1,0,0.000,0.667,"repair||||crossing_denied;detour|||||crossing_pass||||endgame_activate;endgame_active|endgame_active|endgame_active;crossing_pass|endgame_active|endgame_active|camp|endgame_active|endgame_active|endgame_active|endgame_active|endgame_active",true,false,0,0
"Deep - Balanced","Deep","Balanced","DP-ORANGE02",1442,23,"Collapse (breakdown) - Game Over","collapse_breakdown",7,1,0,20,10,21600,false,false,2362.4,22,0,1,132.27,7,0,4000,"",0,0,0,0,0,1,0.957,6.09,6,true,3,0,3,2,1,0,0.000,0.667,"||||crossing_pass||||repair|detour||||endgame_activate;endgame_active|endgame_active|endgame_active;crossing_pass|endgame_active|endgame_active|endgame_active|endgame_active|endgame_active|endgame_active|",true,false,0,0
"Deep - Balanced","Deep","Balanced","DP-ORANGE02",1443,9,"Collapse (crossing) - Game Over","collapse_crossing",4,0,7,20,10,7400,false,false,1250.0,9,0,0,171.08,4,0,2500,"",0,0,0,0,0,0,1.000,4.00,3,false,2,0,2,1,0,1,0.500,0.500,"|||crossing_pass|||||crossing_fail",false,false,0,0
"Deep - Balanced","Deep","Balanced","DP-ORANGE02",1444,23,"Boss Vote Failed - Game Over","boss_vote_failed",7,0,1,18,4,22200,true,false,2400.0,23,0,0,128.53,7,0,4000,"",0,0,0,0,0,0,1.000,6.09,7,true,3,0,3,3,0,0,0.000,1.000,"||||crossing_pass||||crossing_pass|||||endgame_activate;endgame_active|endgame_active|endgame_active;crossing_pass|endgame_active|endgame_active|endgame_active|endgame_active|endgame_active|endgame_active|endgame_active",true,false,0,0
"Deep - Balanced","Deep","Balanced","DP-ORANGE02",1445,10,"Collapse (crossing) - Game Over","collapse_crossing",5,0,6,14,10,7400,false,false,1250.0,10,0,0,153.97,5,0,2500,"",0,0,0,0,0,0,1.000,5.00,3,false,2,0,2,0,1,1,0.500,0.000,"||||detour|||||crossing_fail",false,false,0,0
"Deep - Balanced","Deep","Balanced","DP-ORANGE02",1446,16,"Collapse (crossing) - Game Over","collapse_crossing",6,0,4,19,10,12100,false,false,1900.0,15,1,0,146.27,6,0,4000,"war_dept_reorg",1,0,0,0,0,0,1.000,6.00,6,false,3,0,3,2,0,1,0.333,0.667,"|||crossing_pass|||||crossing_pass|||||endgame_activate;endgame_active|endgame_active|endgame_active;crossing_fail",true,false,0,0
"Deep - Balanced","Deep","Balanced","DP-ORANGE02",1447,24,"Boss Vote Failed - Game Over","boss_vote_failed",8,0,2,17,4,23100,true,false,2400.0,23,0,1,128.53,8,0,4000,"",0,0,0,0,1,0,0.958,6.67,6,true,3,0,3,3,0,0,0.000,1.000,"|||crossing_pass|||||crossing_pass|||||endgame_activate;endgame_active|endgame_active|camp|endgame_active;crossing_pass|endgame_active|endgame_active|endgame_active|endgame_active|endgame_active|endgame_active|endgame_active",true,false,0,0
"Deep - Balanced","Deep","Balanced","DP-ORANGE02",1448,23,"Boss Vote Failed - Game Over","boss_vote_failed",8,0,1,18,4,24600,true,false,2400.0,23,0,0,128.53,8,0,4000,"",0,0,0,0,0,0,1.000,6.96,6,true,3,0,3,3,0,0,0.000,1.000,"||||crossing_pass||||crossing_pass|||||endgame_activate;endgame_active|endgame_active|endgame_active;crossing_pass|endgame_active|endgame_active|endgame_active|endgame_active|endgame_active|endgame_active|endgame_active",true,false,0,0
"Deep - Balanced","Deep","Balanced","DP-ORANGE02",1449,9,"Collapse (crossing) - Game Over","collapse_crossing",4,0,7,19,9,6900,false,false,1250.0,9,0,0,171.08,4,0,2500,"",0,8,0,1,0,0,1.000,4.00,3,false,2,0,2,1,0,1,0.500,0.500,"||||crossing_pass||||crossing_fail",false,false,0,0
"Deep - Balanced","Deep","Balanced","DP-ORANGE02",1450,24,"Victory - Boss Defeated","boss.victory",7,0,1,20,4,21200,true,true,2400.0,24,0,0,123.18,7,0,4000,"",0,0,0,0,0,0,1.000,5.83,7,true,3,0,3,1,2,0,0.000,0.333,"||||crossing_denied;detour|||||detour|||||endgame_activate;endgame_active|endgame_active|endgame_active;crossing_pass|endgame_active|endgame_active|endgame_active|endgame_active|endgame_active|endgame_active|endgame_active",true,false,0,0
"Deep - Balanced","Deep","Balanced","DP-ORANGE02",1451,23,"Boss Vote Failed - Game Over","boss_vote_failed",7,2,1,20,4,20100,true,false,2400.0,23,0,0,128.53,7,0,4000,"",0,0,0,0,0,2,1.000,6.09,6,true,3,0,3,3,0,0,0.000,1.000,"||repair||crossing_pass||||crossing_pass|||||endgame_activate;endgame_active|repair;endgame_active;endgame_cooldown|endgame_active;endgame_cooldown;crossing_pass|endgame_active|endgame_active|endgame_active|endgame_active|endgame_active|endgame_active|endgame_active",true,false,0,0
"Deep - Balanced","Deep","Balanced","DP-ORANGE02",1452,23,"Boss Vote Failed - Game Over","boss_vote_failed",6,0,1,18,4,21500,true,false,2400.0,23,0,0,128.53,6,0,4000,"",0,1,0,0,0,0,1.000,5.22,6,true,3,0,3,3,0,0,0.000,1.000,"||||crossing_pass||||crossing_pass|||||endgame_activate;endgame_active|endgame_active|endgame_active;crossing_pass|endgame_active|endgame_active|endgame_active|endgame_active|endgame_active|endgame_active|endgame_active",true,false,0,0
"Deep - Balanced","Deep","Balanced","DP-ORANGE02",1453,23,"Boss Vote Failed - Game Over","boss_vote_failed",7,0,1,20,4,22200,true,false,2400.0,23,0,0,128.53,7,0,4000,"",0,0,0,0,0,0,1.000,6.09,6,true,3,0,3,2,1,0,0.000,0.667,"||||crossing_pass||||crossing_pass|||||endgame_activate;endgame_active|endgame_active|endgame_active;detour|endgame_active|endgame_active|endgame_active|endgame_active|endgame_active|endgame_active|endgame_active",true,false,0,0
"Deep - Balanced","Deep","Balanced","DP-ORANGE02",1454,16,"Collapse (crossing) - Game Over","collapse_crossing",7,0,4,18,10,11600,false,false,1900.0,16,0,0,146.27,7,0,4000,"",0,1,1,0,0,0,1.000,7.00,5,false,3,0,3,1,1,1,0.333,0.333,"||||detour|||||crossing_pass||||endgame_activate;endgame_active|endgame_active|endgame_active;crossing_fail",true,false,0,0
"Deep - Balanced","Deep","Balanced","DP-ORANGE02",1455,23,"Boss Vote Failed - Game Over","boss_vote_failed",7,1,1,19,4,22900,true,false,2400.0,23,0,0,128.53,7,0,4000,"",0,0,0,0,0,1,1.000,6.09,6,true,3,0,3,3,0,0,0.000,1.000,"|||crossing_pass|||||crossing_pass||||repair|endgame_activate;endgame_active;endgame_cooldown|endgame_active|endgame_active;crossing_pass|endgame_active|endgame_active|endgame_active|endgame_active|endgame_active|endgame_active|endgame_active",true,false,0,0
"Deep - Balanced","Deep","Balanced","DP-ORANGE02",1456,10,"Collapse (crossing) - Game Over","collapse_crossing",5,0,6,18,10,7400,false,false,1250.0,10,0,0,153.97,5,0,2500,"",0,4,0,0,0,0,1.000,5.00,3,false,2,0,2,0,1,1,0.500,0.000,"||||crossing_denied;detour|||||crossing_fail",false,false,0,0
"Deep - Balanced","Deep","Balanced","DP-ORANGE02",1457,24,"Victory - Boss Defeated","boss.victory",8,1,1,19,3,20700,true,true,2400.0,22,1,1,128.53,8,0,4000,"",0,0,0,0,0,1,0.958,6.67,6,true,3,0,3,3,0,0,0.000,1.000,"|||crossing_pass|||||crossing_pass|||||endgame_activate;endgame_active|endgame_active|endgame_active;crossing_pass|endgame_active|endgame_active|endgame_active|endgame_active|repair;endgame_active;endgame_cooldown|endgame_active;endgame_cooldown|endgame_active|",true,false,0,0
"Deep - Balanced","Deep","Balanced","DP-ORANGE02",1458,24,"Boss Vote Failed - Game Over","boss_vote_failed",7,0,2,17,4,21100,true,false,2400.0,24,0,0,123.18,7,0,4000,"",0,3,0,0,0,0,1.000,5.83,6,true,3,0,3,2,1,0,0.000,0.667,"||||crossing_pass|||||crossing_pass|||||endgame_activate;endgame_active|endgame_active|endgame_active;detour|endgame_active|endgame_active|endgame_active|endgame_active|endgame_active|endgame_active|endgame_active",true,false,0,0
"Deep - Balanced","Deep","Balanced","DP-ORANGE02",1459,24,"Victory - Boss Defeated","boss.victory",8,0,2,19,3,21700,true,true,2400.0,23,0,1,128.53,8,0,4000,"",0,5,0,0,0,0,0.958,6.67,6,true,3,0,3,2,1,0,0.000,0.667,"||||crossing_pass||||crossing_pass||||||endgame_activate;endgame_active|endgame_active;detour|endgame_active|endgame_active|endgame_active|endgame_active|endgame_active|endgame_active|endgame_active|",true,false,0,0
"Deep - Balanced","Deep","Balanced","DP-ORANGE02",1460,16,"Collapse (crossing) - Game Over","collapse_crossing",7,0,4,18,10,13700,false,false,1900.0,15,1,0,146.27,7,0,4000,"",0,0,0,0,0,0,1.000,7.00,4,false,3,0,3,2,0,1,0.333,0.667,"|||crossing_pass||||||crossing_pass||||endgame_activate;endgame_active|endgame_active|endgame_active;crossing_fail",true,false,0,0
"Deep - Balanced","Deep","Balanced","DP-ORANGE02",1461,23,"Boss Vote Failed - Game Over","boss_vote_failed",7,0,2,17,4,22700,true,false,2400.0,23,0,0,128.53,7,0,4000,"",0,0,0,1,0,0,1.000,6.09,7,true,3,0,3,3,0,0,0.000,1.000,"||||crossing_pass||||crossing_pass|||||endgame_activate;endgame_active|endgame_active|endgame_active;crossing_pass|endgame_active|endgame_active|endgame_active|endgame_active|endgame_active|endgame_active|endgame_active",true,false,0,0
"Deep - Balanced","Deep","Balanced","DP-ORANGE02",1462,10,"Collapse (crossing) - Game Over","collapse_crossing",4,0,6,15,10,7900,false,false,1250.0,10,0,0,153.97,4,0,2500,"",0,0,0,0,0,0,1.000,4.00,4,false,2,0,2,0,1,1,0.500,0.000,"||||crossing_denied;detour|||||crossing_fail",false,false,0,0
"Deep - Balanced","Deep","Balanced","DP-ORANGE02",1463,23,"Boss Vote Failed - Game Over","boss_vote_failed",6,0,2,17,4,21900,true,false,2400.0,22,0,1,134.38,6,0,4000,"",0,0,0,0,0,0,0.957,5.22,6,true,3,0,3,3,0,0,0.000,1.000,"|||crossing_pass|||||crossing_pass|||||endgame_activate;endgame_active|endgame_active|endgame_active;crossing_pass|endgame_active|endgame_active|endgame_active|endgame_active|endgame_active|endgame_active|",true,false,0,0
"Deep - Balanced","Deep","Balanced","DP-ORANGE02",1464,23,"Victory - Boss Defeated","boss.victory",6,0,1,18,4,22700,true,true,2400.0,23,0,0,128.53,6,0,4000,"",0,0,0,0,0,0,1.000,5.22,6,true,3,0,3,3,0,0,0.000,1.000,"|||crossing_pass|||||crossing_pass|||||endgame_activate;endgame_active|endgame_active|endgame_active;crossing_pass|endgame_active|endgame_active|endgame_active|endgame_active|endgame_active|endgame_active|endgame_active",true,false,0,0
"Deep - Balanced","Deep","Balanced","DP-ORANGE02",1465,16,"Collapse (crossing) - Game Over","collapse_crossing",7,0,4,19,10,12800,false,false,1900.0,16,0,0,146.27,7,0,4000,"",0,5,0,0,0,0,1.000,7.00,5,false,3,0,3,2,0,1,0.333,0.667,"||||crossing_pass|||||crossing_pass||||endgame_activate;endgame_active|endgame_active|endgame_active;crossing_fail",true,false,0,0
"Deep - Balanced","Deep","Balanced","DP-ORANGE02",1466,9,"Collapse (crossing) - Game Over","collapse_crossing",4,0,7,20,10,7400,false,false,1250.0,9,0,0,171.08,4,0,2500,"",0,0,0,0,0,0,1.000,4.00,4,false,2,0,2,0,1,1,0.500,0.000,"|||detour|||||crossing_fail",false,false,0,0
"Deep - Balanced","Deep","Balanced","DP-ORANGE02",1467,9,"Collapse (crossing) - Game Over","collapse_crossing",4,0,7,20,9,7400,false,false,1250.0,9,0,0,171.08,4,0,2500,"",0,0,0,0,0,0,1.000,4.00,4,false,2,0,2,1,0,1,0.500,0.500,"|||crossing_pass|||||crossing_fail",false,false,0,0
"Deep - Balanced","Deep","Balanced","DP-ORANGE02",1468,23,"Boss Vote Failed - Game Over","boss_vote_failed",7,0,1,16,4,22700,true,false,2400.0,23,0,0,128.53,7,0,4000,"",0,8,0,0,0,0,1.000,6.09,7,true,3,0,3,3,0,0,0.000,1.000,"|||crossing_pass|||||crossing_pass||||||endgame_activate;endgame_active|endgame_active;crossing_pass|endgame_active|endgame_active|endgame_active|endgame_active|endgame_active|endgame_active|endgame_active",true,false,0,0
"Deep - Balanced","Deep","Balanced","DP-ORANGE02",1469,24,"Boss Vote Failed - Game Over","boss_vote_failed",9,1,1,19,3,19400,true,false,2400.0,23,0,1,128.53,9,2700,4000,"",0,3,0,0,0,1,0.958,7.50,7,true,3,0,3,3,0,0,0.000,1.000,"|||crossing_pass||repair||||crossing_pass||||endgame_activate;endgame_active|endgame_active|endgame_active|endgame_active;crossing_pass|endgame_active|endgame_active|endgame_active|endgame_active|endgame_active|endgame_active|",true,false,0,0
"Deep - Balanced","Deep","Balanced","DP-ORANGE02",1470,16,"Collapse (crossing) - Game Over","collapse_crossing",5,1,4,18,10,10300,false,false,1900.0,16,0,0,146.27,5,3100,4000,"",0,0,0,0,0,1,1.000,5.00,4,false,3,0,3,2,0,1,0.333,0.667,"||||crossing_pass||||repair|crossing_pass||||endgame_activate;endgame_active|endgame_active|endgame_active;crossing_fail",true,false,0,0
"Deep - Balanced","Deep","Balanced","DP-ORANGE02",1471,24,"Boss Vote Failed - Game Over","boss_vote_failed",8,0,1,18,3,23100,true,false,2400.0,23,0,1,128.53,8,0,4000,"",0,0,0,0,0,0,0.958,6.67,5,true,3,0,3,3,0,0,0.000,1.000,"||||crossing_pass|||||crossing_pass||||endgame_activate;endgame_active|endgame_active|endgame_active|endgame_active;crossing_pass|endgame_active|endgame_active|endgame_active|endgame_active|endgame_active|endgame_active|",true,false,0,0
"Deep - Balanced","Deep","Balanced","DP-ORANGE02",1472,24,"Boss Vote Failed - Game Over","boss_vote_failed",9,0,1,18,4,22200,true,false,2400.0,22,1,1,128.53,9,0,4000,"",0,0,0,0,0,0,0.958,7.50,5,true,3,0,3,3,0,0,0.000,1.000,"||||crossing_pass|||||crossing_pass||||endgame_activate;endgame_active|endgame_active|endgame_active;crossing_pass|endgame_active|endgame_active|endgame_active|endgame_active|endgame_active|endgame_active|endgame_active|",true,false,0,0
"Deep - Balanced","Deep","Balanced","DP-ORANGE02",1473,10,"Collapse (crossing) - Game Over","collapse_crossing",4,0,6,16,10,7400,false,false,1250.0,10,0,0,153.97,4,0,2500,"",0,0,0,0,0,0,1.000,4.00,4,false,2,0,2,1,0,1,0.500,0.500,"||||crossing_pass|||||crossing_fail",false,false,0,0
"Deep - Balanced","Deep","Balanced","DP-ORANGE02",1474,24,"Boss Vote Failed - Game Over","boss_vote_failed",8,0,1,18,4,23700,true,false,2400.0,22,1,1,128.53,8,0,4000,"",0,0,0,0,0,0,0.958,6.67,5,true,3,0,3,3,0,0,0.000,1.000,"||||crossing_pass|||||crossing_pass|||||endgame_activate;endgame_active|endgame_active;crossing_pass|endgame_active|endgame_active|endgame_active|endgame_active|endgame_active|endgame_active|endgame_active|",true,false,0,0
"Deep - Balanced","Deep","Balanced","DP-ORANGE02",1475,23,"Collapse (breakdown) - Game Over","collapse_breakdown",7,0,0,19,10,22700,false,false,2362.4,22,0,1,132.27,7,0,4000,"",0,0,0,0,0,0,0.957,6.09,7,true,3,0,3,3,0,0,0.000,1.000,"|||crossing_pass|||||crossing_pass|||||endgame_activate;endgame_active|endgame_active|endgame_active;crossing_pass|endgame_active|endgame_active|endgame_active|endgame_active|endgame_active|endgame_active|",true,false,0,0
"Deep - Balanced","Deep","Balanced","DP-ORANGE02",1476,16,"Collapse (crossing) - Game Over","collapse_crossing",5,0,4,19,10,12900,false,false,1900.0,16,0,0,146.27,5,0,4000,"",0,5,0,0,0,0,1.000,5.00,5,false,3,0,3,2,0,1,0.333,0.667,"|||crossing_pass|||||crossing_pass|||||endgame_activate;endgame_active|endgame_active|endgame_active;crossing_fail",true,false,0,0
"Deep - Balanced","Deep","Balanced","DP-ORANGE02",1477,10,"Collapse (crossing) - Game Over","collapse_crossing",5,0,6,19,9,6400,false,false,1250.0,10,0,0,153.97,5,0,2500,"",0,5,0,0,0,0,1.000,5.00,3,false,2,0,2,1,0,1,0.500,0.500,"||||crossing_pass|||||crossing_fail",false,false,0,0
"Deep - Balanced","Deep","Balanced","DP-ORANGE02",1478,24,"Victory - Boss Defeated","boss.victory",7,0,1,18,4,20100,true,true,2400.0,24,0,0,123.18,7,0,4000,"",0,6,0,0,0,0,1.000,5.83,7,true,3,0,3,3,0,0,0.000,1.000,"||||crossing_pass|||||crossing_pass|||||endgame_activate;endgame_active|endgame_active|endgame_active;crossing_pass|endgame_active|endgame_active|endgame_active|endgame_active|endgame_active|endgame_active|endgame_active",true,false,0,0
"Deep - Balanced","Deep","Balanced","DP-ORANGE02",1479,9,"Collapse (crossing) - Game Over","collapse_crossing",4,0,7,20,10,7400,false,false,1250.0,8,1,0,171.08,4,0,2500,"",0,4,0,0,0,0,1.000,4.00,2,false,2,0,2,1,0,1,0.500,0.500,"|||crossing_pass|||||crossing_fail",false,false,0,0
"Deep - Balanced","Deep","Balanced","DP-ORANGE02",1480,23,"Victory - Boss Defeated","boss.victory",7,0,3,19,3,23200,true,true,2400.0,21,1,1,134.38,7,0,4000,"",0,0,0,0,1,0,0.957,6.09,5,true,3,0,3,3,0,0,0.000,1.000,"|||crossing_pass|||||crossing_pass|||||endgame_activate;endgame_active|endgame_active|endgame_active;crossing_pass|endgame_active|endgame_active;camp|endgame_active|endgame_active|endgame_active|endgame_active|",true,false,0,0
"Deep - Balanced","Deep","Balanced","DP-ORANGE02",1481,23,"Victory - Boss Defeated","boss.victory",7,0,2,19,4,21600,true,true,2400.0,23,0,0,128.53,7,0,4000,"",0,0,0,0,1,0,1.000,6.09,7,true,3,0,3,3,0,0,0.000,1.000,"|||crossing_pass|||||crossing_pass|||||endgame_activate;endgame_active|endgame_active|endgame_active;crossing_pass;camp|endgame_active|endgame_active|endgame_active|endgame_active|endgame_active|endgame_active|endgame_active",true,false,0,0
"Deep - Balanced","Deep","Balanced","DP-ORANGE02",1482,23,"Collapse (breakdown) - Game Over","collapse_breakdown",7,0,0,19,10,22200,false,false,2362.4,22,0,1,132.27,7,0,4000,"",0,0,0,0,0,0,0.957,6.09,7,true,3,0,3,3,0,0,0.000,1.000,"||||crossing_pass||||crossing_pass|||||endgame_activate;endgame_active|endgame_active|endgame_active;crossing_pass|endgame_active|endgame_active|endgame_active|endgame_active|endgame_active|endgame_active|",true,false,0,0
"Deep - Balanced","Deep","Balanced","DP-ORANGE02",1483,23,"Boss Vote Failed - Game Over","boss_vote_failed",8,0,4,19,3,25100,true,false,2400.0,21,1,1,134.38,8,0,4000,"",0,0,0,0,0,0,0.957,6.96,5,true,3,0,3,3,0,0,0.000,1.000,"||||crossing_pass||||crossing_pass|||||endgame_activate;endgame_active|endgame_active|endgame_active;crossing_pass|endgame_active|endgame_active|endgame_active|endgame_active|endgame_active|endgame_active|",true,false,0,0
"Deep - Balanced","Deep","Balanced","DP-ORANGE02",1484,23,"Collapse (breakdown) - Game Over","collapse_breakdown",7,0,0,17,10,23200,false,false,2384.4,22,0,0,133.50,7,0,4000,"",0,0,0,0,0,0,1.000,6.36,5,true,3,0,3,3,0,0,0.000,1.000,"|||crossing_pass|||||crossing_pass|||||endgame_activate;endgame_active|endgame_active|endgame_active;crossing_pass|endgame_active|endgame_active|endgame_active|endgame_active|endgame_active|endgame_active",true,false,0,0
"Deep - Balanced","Deep","Balanced","DP-ORANGE02",1485,23,"Boss Vote Failed - Game Over","boss_vote_failed",6,0,2,18,3,22700,true,false,2400.0,22,0,1,134.38,6,0,4000,"",0,0,0,0,0,0,0.957,5.22,6,true,3,0,3,2,1,0,0.000,0.667,"|||detour|||||crossing_pass|||||endgame_activate;endgame_active|endgame_active|endgame_active;crossing_pass|endgame_active|endgame_active|endgame_active|endgame_active|endgame_active|endgame_active|",true,false,0,0
"Deep - Balanced","Deep","Balanced","DP-ORANGE02",1486,23,"Boss Vote Failed - Game Over","boss_vote_failed",7,0,1,19,4,22700,true,false,2400.0,23,0,0,128.53,7,0,4000,"",0,2,0,0,0,0,1.000,6.09,6,true,3,0,3,2,1,0,0.000,0.667,"||||crossing_pass||||detour|||||endgame_activate;endgame_active|endgame_active|endgame_active;crossing_pass|endgame_active|endgame_active|endgame_active|endgame_active|endgame_active|endgame_active|endgame_active",true,false,0,0
"Deep - Balanced","Deep","Balanced","DP-ORANGE02",1487,9,"Collapse (crossing) - Game Over","collapse_crossing",4,0,7,18,10,7400,false,false,1250.0,9,0,0,171.08,4,0,2500,"",0,0,0,0,0,0,1.000,4.00,4,false,2,0,2,1,0,1,0.500,0.500,"||||crossing_pass||||crossing_fail",false,false,0,0
"Deep - Balanced","Deep","Balanced","DP-ORANGE02",1488,10,"Collapse (crossing) - Game Over","collapse_crossing",4,0,6,15,10,7400,false,false,1250.0,9,1,0,153.97,4,0,2500,"",0,4,0,0,0,0,1.000,4.00,4,false,2,0,2,1,0,1,0.500,0.500,"||||crossing_pass|||||crossing_fail",false,false,0,0
"Deep - Balanced","Deep","Balanced","DP-ORANGE02",1489,10,"Collapse (crossing) - Game Over","collapse_crossing",4,0,6,16,10,7400,false,false,1250.0,10,0,0,153.97,4,0,2500,"",0,0,0,0,0,0,1.000,4.00,4,false,2,0,2,1,0,1,0.500,0.500,"||||crossing_pass|||||crossing_fail",false,false,0,0
"Deep - Balanced","Deep","Balanced","DP-ORANGE02",1490,23,"Boss Vote Failed - Game Over","boss_vote_failed",7,0,1,17,4,23000,true,false,2400.0,22,1,0,128.53,7,0,4000,"war_dept_reorg",2,0,0,0,0,0,1.000,6.09,5,true,3,0,3,3,0,0,0.000,1.000,"|||crossing_pass|||||crossing_pass|||||endgame_activate;endgame_active|endgame_active|endgame_active;crossing_pass|endgame_active|endgame_active|endgame_active|endgame_active|endgame_active|endgame_active|endgame_active",true,false,0,0
"Deep - Balanced","Deep","Balanced","DP-ORANGE02",1491,16,"Collapse (crossing) - Game Over","collapse_crossing",6,0,4,18,10,13400,false,false,1900.0,16,0,0,146.27,6,0,4000,"",0,0,0,0,0,0,1.000,6.00,4,false,3,0,3,2,0,1,0.333,0.667,"|||crossing_pass|||||crossing_pass|||||endgame_activate;endgame_active|endgame_active|endgame_active;crossing_fail",true,false,0,0
"Deep - Balanced","Deep","Balanced","DP-ORANGE02",1492,23,"Collapse (breakdown) - Game Over","collapse_breakdown",7,0,0,20,10,22200,false,false,2362.4,22,0,1,132.27,7,0,4000,"",0,5,0,0,0,0,0.957,6.09,6,true,3,0,3,3,0,0,0.000,1.000,"|||crossing_pass|||||crossing_pass|||||endgame_activate;endgame_active|endgame_active|endgame_active;crossing_pass|endgame_active|endgame_active|endgame_active|endgame_active|endgame_active|endgame_active|",true,false,0,0
"Deep - Balanced","Deep","Balanced","DP-ORANGE02",1493,24,"Victory - Boss Defeated","boss.victory",10,1,1,18,4,18900,true,true,2400.0,24,0,0,123.18,10,3100,4000,"",0,0,0,0,0,1,1.000,8.33,7,true,3,0,3,3,0,0,0.000,1.000,"||||crossing_pass;repair|||||crossing_pass|||||endgame_activate;endgame_active|endgame_active|endgame_active;crossing_pass|endgame_active|endgame_active|endgame_active|endgame_active|endgame_active|endgame_active|endgame_active",true,false,0,0
"Deep - Balanced","Deep","Balanced","DP-ORANGE02",1494,9,"Collapse (crossing) - Game Over","collapse_crossing",4,0,7,19,10,7400,false,false,1250.0,9,0,0,171.08,4,0,2500,"doe_eliminated",2,0,0,0,0,0,1.000,4.00,3,false,2,0,2,1,0,1,0.500,0.500,"|||crossing_pass|||||crossing_fail",false,false,0,0
"Deep - Balanced","Deep","Balanced","DP-ORANGE02",1495,23,"Boss Vote Failed - Game Over","boss_vote_failed",9,0,2,18,4,21700,true,false,2400.0,23,0,0,128.53,9,0,4000,"",0,5,0,0,0,0,1.000,7.83,6,true,3,0,3,3,0,0,0.000,1.000,"|||crossing_pass|||||crossing_pass|||||endgame_activate;endgame_active|endgame_active|endgame_active;crossing_pass|endgame_active|endgame_active|endgame_active|endgame_active|endgame_active|endgame_active|endgame_active",true,false,0,0
"Deep - Balanced","Deep","Balanced","DP-ORANGE02",1496,24,"Boss Vote Failed - Game Over","boss_vote_failed",8,1,1,20,4,21200,true,false,2400.0,22,1,1,128.53,8,0,4000,"",0,6,0,0,1,1,0.958,6.67,7,true,3,0,3,1,2,0,0.000,0.333,"||||crossing_denied;detour|||repair||detour|||||endgame_activate;endgame_active|endgame_active|endgame_active;crossing_pass|camp|endgame_active|endgame_active|endgame_active|endgame_active|endgame_active|endgame_active",true,false,0,0
"Deep - Balanced","Deep","Balanced","DP-ORANGE02",1497,25,"Boss Vote Failed - Game Over","boss_vote_failed",8,3,3,17,4,14000,true,false,2400.0,23,1,1,123.18,8,2700,4000,"",0,0,0,0,1,3,0.960,6.40,6,true,3,0,3,2,1,0,0.000,0.667,"||||detour;repair|||repair||crossing_pass|||||endgame_activate;endgame_active|endgame_active|endgame_active;crossing_pass;repair;endgame_cooldown|endgame_active;endgame_cooldown|endgame_active|endgame_active|endgame_active|camp|endgame_active|endgame_active|",true,false,0,0
"Deep - Balanced","Deep","Balanced","DP-ORANGE02",1498,23,"Boss Vote Failed - Game Over","boss_vote_failed",8,0,1,19,4,22700,true,false,2400.0,23,0,0,128.53,8,0,4000,"",0,0,1,0,0,0,1.000,6.96,5,true,3,0,3,2,1,0,0.000,0.667,"||||detour|||||crossing_pass||||endgame_activate;endgame_active|endgame_active|endgame_active;crossing_pass|endgame_active|endgame_active|endgame_active|endgame_active|endgame_active|endgame_active|endgame_active",true,false,0,0
"Deep - Balanced","Deep","Balanced","DP-ORANGE02",1499,24,"Boss Vote Failed - Game Over","boss_vote_failed",8,0,1,18,4,21700,true,false,2400.0,24,0,0,123.18,8,0,4000,"",0,1,0,0,1,0,1.000,6.67,5,true,3,0,3,3,0,0,0.000,1.000,"||||crossing_pass|||||crossing_pass||||endgame_activate;endgame_active|endgame_active|endgame_active;crossing_pass|endgame_active;camp|endgame_active|endgame_active|endgame_active|endgame_active|endgame_active|endgame_active|endgame_active",true,false,0,0
"Deep - Balanced","Deep","Balanced","DP-ORANGE02",1500,10,"Collapse (crossing) - Game Over","collapse_crossing",4,0,6,17,10,7400,false,false,1250.0,10,0,0,153.97,4,0,2500,"",0,6,0,0,0,0,1.000,4.00,3,false,2,0,2,0,1,1,0.500,0.000,"||||crossing_denied;detour|||||crossing_fail",false,false,0,0
"Deep - Balanced","Deep","Balanced","DP-ORANGE02",1501,24,"Boss Vote Failed - Game Over","boss_vote_failed",9,0,1,16,4,22200,true,false,2400.0,23,0,1,128.53,9,0,4000,"",0,0,0,0,1,0,0.958,7.50,6,true,3,0,3,3,0,0,0.000,1.000,"||||crossing_pass|||||crossing_pass||||endgame_activate;endgame_active|endgame_active|endgame_active;crossing_pass|endgame_active|endgame_active|endgame_active|camp|endgame_active|endgame_active|endgame_active|endgame_active",true,false,0,0
"Deep - Balanced","Deep","Balanced","DP-ORANGE02",1502,23,"Victory - Boss Defeated","boss.victory",7,1,1,19,4,21600,true,true,2400.0,23,0,0,128.53,7,0,4000,"",0,4,0,0,0,1,1.000,6.09,6,true,3,0,3,2,1,0,0.000,0.667,"||||crossing_pass;repair|||||crossing_pass||||endgame_activate;endgame_active|endgame_active|endgame_active;detour|endgame_active|endgame_active|endgame_active|endgame_active|endgame_active|endgame_active|endgame_active",true,false,0,0
"Deep - Balanced","Deep","Balanced","DP-ORANGE02",1503,23,"Boss Vote Failed - Game Over","boss_vote_failed",8,0,2,20,4,22200,true,false,2400.0,22,1,0,128.53,8,0,4000,"",0,1,0,0,1,0,1.000,6.96,6,true,3,0,3,3,0,0,0.000,1.000,"||||crossing_pass||||crossing_pass|||||endgame_activate;endgame_active|endgame_active;camp|endgame_active;crossing_pass|endgame_active|endgame_active|endgame_active|endgame_active|endgame_active|endgame_active|endgame_active",true,false,0,0
"Deep - Balanced","Deep","Balanced","DP-ORANGE02",1504,24,"Boss Vote Failed - Game Over","boss_vote_failed",9,0,1,19,3,22200,true,false,2400.0,23,0,1,128.53,9,0,4000,"travel_ban_lite",2,0,0,0,0,0,0.958,7.50,5,true,3,0,3,2,1,0,0.000,0.667,"|||crossing_denied;detour||||||crossing_pass|||||endgame_activate;endgame_active|endgame_active|endgame_active;crossing_pass|endgame_active|endgame_active|endgame_active|endgame_active|endgame_active|endgame_active|",true,false,0,0
"Deep - Balanced","Deep","Balanced","DP-ORANGE02",1505,23,"Boss Vote Failed - Game Over","boss_vote_failed",7,0,2,20,3,22700,true,false,2400.0,22,0,1,134.38,7,0,4000,"",0,0,0,0,0,0,0.957,6.09,6,true,3,0,3,3,0,0,0.000,1.000,"|||crossing_pass|||||crossing_pass|||||endgame_activate;endgame_active|endgame_active|endgame_active;crossing_pass|endgame_active|endgame_active|endgame_active|endgame_active|endgame_active|endgame_active|",true,false,0,0
"Deep - Balanced","Deep","Balanced","DP-ORANGE02",1506,23,"Boss Vote Failed - Game Over","boss_vote_failed",7,0,2,20,3,21700,true,false,2400.0,23,0,0,128.53,7,0,4000,"",0,4,0,0,0,0,1.000,6.09,6,true,3,0,3,3,0,0,0.000,1.000,"|||crossing_pass|||||crossing_pass|||||endgame_activate;endgame_active|endgame_active|endgame_active;crossing_pass|endgame_active|endgame_active|endgame_active|endgame_active|endgame_active|endgame_active|endgame_active",true,false,0,0
"Deep - Balanced","Deep","Balanced","DP-ORANGE02",1507,24,"Boss Vote Failed - Game Over","boss_vote_failed",9,0,1,18,4,20500,true,false,2400.0,24,0,0,123.18,9,0,4000,"",0,0,0,0,0,0,1.000,7.50,6,true,3,0,3,2,1,0,0.000,0.667,"||||crossing_pass||||detour|||||endgame_activate;endgame_active|endgame_active|endgame_active|endgame_active;crossing_pass|endgame_active|endgame_active|endgame_active|endgame_active|endgame_active|endgame_active|endgame_active",true,false,0,0
"Deep - Balanced","Deep","Balanced","DP-ORANGE02",1508,23,"Victory - Boss Defeated","boss.victory",7,0,1,20,4,22200,true,true,2400.0,23,0,0,128.53,7,0,4000,"",0,9,0,0,0,0,1.000,6.09,6,true,3,0,3,2,1,0,0.000,0.667,"||||detour||||crossing_pass|||||endgame_activate;endgame_active|endgame_active|endgame_active;crossing_pass|endgame_active|endgame_active|endgame_active|endgame_active|endgame_active|endgame_active|endgame_active",true,false,0,0
"Deep - Balanced","Deep","Balanced","DP-ORANGE02",1509,16,"Collapse (crossing) - Game Over","collapse_crossing",7,0,4,20,9,14300,false,false,1900.0,16,0,0,146.27,7,0,4000,"",0,7,0,1,0,0,1.000,7.00,5,false,3,0,3,2,0,1,0.333,0.667,"|||crossing_pass|||||crossing_pass|||||endgame_activate;endgame_active|endgame_active|endgame_active;crossing_fail",true,false,0,0
"Deep - Balanced","Deep","Balanced","DP-ORANGE02",1510,16,"Collapse (crossing) - Game Over","collapse_crossing",6,0,4,19,10,12900,false,false,1900.0,16,0,0,146.27,6,0,4000,"",0,3,0,0,0,0,1.000,6.00,5,false,3,0,3,1,1,1,0.333,0.333,"|||detour|||||crossing_pass|||||endgame_activate;endgame_active|endgame_active|endgame_active;crossing_fail",true,false,0,0
"Deep - Balanced","Deep","Balanced","DP-ORANGE02",1511,23,"Victory - Boss Defeated","boss.victory",7,1,1,19,4,20000,true,true,2400.0,22,1,0,128.53,7,2700,4000,"",0,0,0,0,0,1,1.000,6.09,5,true,3,0,3,3,0,0,0.000,1.000,"|||crossing_pass|||||repair|crossing_pass||||endgame_activate;endgame_active|endgame_active|endgame_active;crossing_pass|endgame_active|endgame_active|endgame_active|endgame_active|endgame_active|endgame_active|endgame_active",true,false,0,0
"Deep - Balanced","Deep","Balanced","DP-ORANGE02",1512,23,"Boss Vote Failed - Game Over","boss_vote_failed",9,0,1,20,4,21700,true,false,2400.0,23,0,0,128.53,9,0,4000,"",0,0,0,0,0,0,1.000,7.83,6,true,3,0,3,3,0,0,0.000,1.000,"||||crossing_pass|||||crossing_pass||||endgame_activate;endgame_active|endgame_active|endgame_active;crossing_pass|endgame_active|endgame_active|endgame_active|endgame_active|endgame_active|endgame_active|endgame_active",true,false,0,0
"Deep - Balanced","Deep","Balanced","DP-ORANGE02",1513,24,"Boss Vote Failed - Game Over","boss_vote_failed",7,0,1,19,4,23100,true,false,2400.0,23,0,1,128.53,7,0,4000,"",0,5,0,0,0,0,0.958,5.83,6,true,3,0,3,2,1,0,0.000,0.667,"|||detour|||||crossing_pass|||||endgame_activate;endgame_active|endgame_active|endgame_active;crossing_pass|endgame_active|endgame_active|endgame_active|endgame_active|endgame_active|endgame_active|endgame_active|",true,false,0,0
"Deep - Balanced","Deep","Balanced","DP-ORANGE02",1514,23,"Boss Vote Failed - Game Over","boss_vote_failed",9,0,1,19,3,23600,true,false,2400.0,23,0,0,128.53,9,0,4000,"",0,0,0,0,0,0,1.000,7.83,7,true,3,0,3,3,0,0,0.000,1.000,"||||crossing_pass||||crossing_pass|||||endgame_activate;endgame_active|endgame_active|endgame_active;crossing_pass|endgame_active|endgame_active|endgame_active|endgame_active|endgame_active|endgame_active|endgame_active",true,false,0,0
"Deep - Balanced","Deep","Balanced","DP-ORANGE02",1515,24,"Boss Vote Failed - Game Over","boss_vote_failed",8,0,1,19,4,23600,true,false,2400.0,24,0,0,123.18,8,0,4000,"",0,0,0,0,0,0,1.000,6.67,5,true,3,0,3,2,1,0,0.000,0.667,"||||crossing_pass|||||crossing_pass||||endgame_activate;endgame_active|endgame_active|endgame_active;detour|endgame_active|endgame_active|endgame_active|endgame_active|endgame_active|endgame_active|endgame_active|endgame_active",true,false,0,0
"Deep - Balanced","Deep","Balanced","DP-ORANGE02",1516,24,"Victory - Boss Defeated","boss.victory",8,0,1,19,2,21200,true,true,2400.0,24,0,0,123.18,8,0,4000,"",0,5,1,0,0,0,1.000,6.67,7,true,3,0,3,2,1,0,0.000,0.667,"||||detour|||||crossing_pass||||endgame_activate;endgame_active|endgame_active|endgame_active|endgame_active;crossing_pass|endgame_active|endgame_active|endgame_active|endgame_active|endgame_active|endgame_active|endgame_active",true,false,0,0
"Deep - Balanced","Deep","Balanced","DP-ORANGE02",1517,24,"Boss Vote Failed - Game Over","boss_vote_failed",7,1,1,18,4,20000,true,false,2400.0,24,0,0,123.18,7,2700,4000,"",0,0,0,0,1,1,1.000,5.83,6,true,3,0,3,3,0,0,0.000,1.000,"||camp||crossing_pass|repair||||crossing_pass|||||endgame_activate;endgame_active|endgame_active|endgame_active;crossing_pass|endgame_active|endgame_active|endgame_active|endgame_active|endgame_active|endgame_active|endgame_active",true,false,0,0
"Deep - Balanced","Deep","Balanced","DP-ORANGE02",1518,16,"Collapse (crossing) - Game Over","collapse_crossing",5,1,4,18,10,10200,false,false,1900.0,16,0,0,146.27,5,3100,4000,"",0,0,0,0,0,1,1.000,5.00,5,false,3,0,3,2,0,1,0.333,0.667,"|||crossing_pass|||||crossing_pass|||repair||endgame_activate;endgame_active|endgame_active|endgame_active;crossing_fail",true,false,0,0
"Deep - Balanced","Deep","Balanced","DP-ORANGE02",1519,24,"Boss Vote Failed - Game Over","boss_vote_failed",7,0,1,20,4,22600,true,false,2400.0,24,0,0,123.18,7,0,4000,"",0,3,0,0,1,0,1.000,5.83,5,true,3,0,3,1,2,0,0.000,0.333,"|||crossing_denied;detour||||||crossing_pass|||||endgame_activate;endgame_active|endgame_active|endgame_active;detour|endgame_active;camp|endgame_active|endgame_active|endgame_active|endgame_active|endgame_active|endgame_active",true,false,0,0
"Deep - Balanced","Deep","Balanced","DP-ORANGE02",1520,23,"Boss Vote Failed - Game Over","boss_vote_failed",9,0,1,20,4,22100,true,false,2400.0,23,0,0,128.53,9,0,4000,"",0,0,0,0,0,0,1.000,7.83,4,true,3,0,3,3,0,0,0.000,1.000,"||||crossing_pass||||crossing_pass|||||endgame_activate;endgame_active|endgame_active|endgame_active;crossing_pass|endgame_active|endgame_active|endgame_active|endgame_active|endgame_active|endgame_active|endgame_active",true,false,0,0
"Deep - Balanced","Deep","Balanced","DP-ORANGE02",1521,24,"Victory - Boss Defeated","boss.victory",7,0,3,18,3,22200,true,true,2400.0,22,1,1,128.53,7,0,4000,"",0,0,0,0,1,0,0.958,5.83,6,true,3,0,3,3,0,0,0.000,1.000,"||||crossing_pass||||crossing_pass|||||endgame_activate;endgame_active|endgame_active|endgame_active;crossing_pass|endgame_active|endgame_active|endgame_active|camp|endgame_active|endgame_active|endgame_active|",true,false,0,0
"Deep - Balanced","Deep","Balanced","DP-ORANGE02",1522,23,"Boss Vote Failed - Game Over","boss_vote_failed",7,0,2,18,3,22700,true,false,2400.0,21,1,1,134.38,7,0,4000,"doe_eliminated",1,0,0,0,0,0,0.957,6.09,6,true,3,0,3,3,0,0,0.000,1.000,"||||crossing_pass||||crossing_pass|||||endgame_activate;endgame_active|endgame_active|endgame_active;crossing_pass|endgame_active|endgame_active||endgame_active|endgame_active|endgame_active|",true,false,0,0
"Deep - Balanced","Deep","Balanced","DP-ORANGE02",1523,24,"Victory - Boss Defeated","boss.victory",8,1,2,18,4,19600,true,true,2400.0,24,0,0,123.18,8,3100,4000,"",0,0,0,0,1,1,1.000,6.67,8,true,3,0,3,3,0,0,0.000,1.000,"||||crossing_pass||||crossing_pass||repair|||endgame_activate;endgame_active|endgame_active|endgame_active;crossing_pass|endgame_active|endgame_active|endgame_active|endgame_active|endgame_active|endgame_active|endgame_active;camp|endgame_active",true,false,0,0
"Deep - Balanced","Deep","Balanced","DP-ORANGE02",1524,10,"Collapse (crossing) - Game Over","collapse_crossing",4,0,6,16,10,6900,false,false,1250.0,10,0,0,153.97,4,0,2500,"",0,7,0,0,0,0,1.000,4.00,4,false,2,0,2,1,0,1,0.500,0.500,"||||crossing_pass|||||crossing_fail",false,false,0,0
"Deep - Balanced","Deep","Balanced","DP-ORANGE02",1525,17,"Collapse (crossing) - Game Over","collapse_crossing",7,0,4,15,10,13800,false,false,1900.0,17,0,0,137.67,7,0,4000,"",0,0,0,0,0,0,1.000,7.00,4,false,3,0,3,1,1,1,0.333,0.333,"||||detour|||||crossing_pass|||||endgame_activate;endgame_active|endgame_active|endgame_active;crossing_fail",true,false,0,0
"Deep - Balanced","Deep","Balanced","DP-ORANGE02",1526,23,"Boss Vote Failed - Game Over","boss_vote_failed",6,0,2,18,4,22700,true,false,2400.0,22,0,1,134.38,6,0,4000,"",0,8,0,0,0,0,0.957,5.22,6,true,3,0,3,3,0,0,0.000,1.000,"|||crossing_pass|||||crossing_pass|||||endgame_activate;endgame_active|endgame_active|endgame_active;crossing_pass|endgame_active|endgame_active|endgame_active|endgame_active|endgame_active|endgame_active|",true,false,0,0
"Deep - Balanced","Deep","Balanced","DP-ORANGE02",1527,23,"Boss Vote Failed - Game Over","boss_vote_failed",7,0,3,19,4,22700,true,false,2400.0,20,2,1,134.38,7,0,4000,"",0,7,0,0,1,0,0.957,6.09,6,true,3,0,3,3,0,0,0.000,1.000,"|||crossing_pass|||||crossing_pass|||||endgame_activate;endgame_active|endgame_active|endgame_active;crossing_pass|endgame_active|endgame_active;camp|endgame_active|endgame_active|endgame_active|endgame_active|",true,false,0,0
"Deep - Balanced","Deep","Balanced","DP-ORANGE02",1528,23,"Victory - Boss Defeated","boss.victory",7,0,1,19,4,22700,true,true,2400.0,22,1,0,128.53,7,0,4000,"",0,0,0,0,0,0,1.000,6.09,5,true,3,0,3,2,1,0,0.000,0.667,"||||detour|||||crossing_pass||||endgame_activate;endgame_active|endgame_active|endgame_active;crossing_pass|endgame_active|endgame_active|endgame_active|endgame_active|endgame_active|endgame_active|endgame_active",true,false,0,0
"Deep - Balanced","Deep","Balanced","DP-ORANGE02",1529,24,"Victory - Boss Defeated","boss.victory",7,2,1,17,4,17300,true,true,2400.0,24,0,0,123.18,7,2700,4000,"",0,0,0,0,0,2,1.000,5.83,6,true,3,0,3,3,0,0,0.000,1.000,"|||crossing_pass||||||crossing_pass;repair||||endgame_activate;endgame_active|endgame_active|endgame_active|endgame_active;crossing_pass|endgame_active;repair;endgame_cooldown|endgame_active;endgame_cooldown|endgame_active|endgame_active|endgame_active|endgame_active|endgame_active",true,false,0,0
"Deep - Balanced","Deep","Balanced","DP-ORANGE02",1530,24,"Victory - Boss Defeated","boss.victory",7,0,1,17,4,22700,true,true,2400.0,23,0,1,128.53,7,0,4000,"",0,0,0,0,1,0,0.958,5.83,7,true,3,0,3,1,2,0,0.000,0.333,"||||crossing_denied;detour|||||crossing_pass||||endgame_activate;endgame_active|endgame_active|endgame_active;detour|endgame_active|endgame_active|endgame_active|camp|endgame_active|endgame_active|endgame_active|endgame_active",true,false,0,0
"Deep - Balanced","Deep","Balanced","DP-ORANGE02",1531,23,"Boss Vote Failed - Game Over","boss_vote_failed",8,0,1,17,3,22700,true,false,2400.0,22,1,0,128.53,8,0,4000,"",0,0,0,0,0,0,1.000,6.96,6,true,3,0,3,2,1,0,0.000,0.667,"||||crossing_denied;detour||||crossing_pass|||||endgame_activate;endgame_active|endgame_active|endgame_active;crossing_pass|endgame_active|endgame_active|endgame_active|endgame_active|endgame_active|endgame_active|endgame_active",true,false,0,0
"Deep - Balanced","Deep","Balanced","DP-ORANGE02",1532,23,"Victory - Boss Defeated","boss.victory",9,0,1,18,4,22700,true,true,2400.0,23,0,0,128.53,9,0,4000,"",0,5,0,0,0,0,1.000,7.83,6,true,3,0,3,3,0,0,0.000,1.000,"||||crossing_pass||||crossing_pass|||||endgame_activate;endgame_active|endgame_active|endgame_active;crossing_pass|endgame_active|endgame_active|endgame_active|endgame_active|endgame_active|endgame_active|endgame_active",true,false,0,0
"Deep - Balanced","Deep","Balanced","DP-ORANGE02",1533,16,"Collapse (crossing) - Game Over","collapse_crossing",5,0,4,19,10,12900,false,false,1900.0,16,0,0,146.27,5,0,4000,"tariff_tsunami",1,0,0,1,0,0,1.000,5.00,4,false,3,0,3,2,0,1,0.333,0.667,"||||crossing_pass||||crossing_pass|||||endgame_activate;endgame_active|endgame_active|endgame_active;crossing_fail",true,false,0,0
"Deep - Balanced","Deep","Balanced","DP-ORANGE02",1534,24,"Victory - Boss Defeated","boss.victory",7,1,1,16,4,21200,true,true,2400.0,23,0,1,128.53,7,0,4000,"doe_eliminated",1,0,0,1,1,1,0.958,5.83,6,true,3,0,3,2,1,0,0.000,0.667,"|repair|||crossing_pass||||crossing_pass|||||endgame_activate;endgame_active|endgame_active|endgame_active;detour|endgame_active|endgame_active|endgame_active|endgame_active|endgame_active|endgame_active|camp|endgame_active",true,false,0,0
"Deep - Balanced","Deep","Balanced","DP-ORANGE02",1535,9,"Collapse (crossing) - Game Over","collapse_crossing",4,0,7,18,10,7900,false,false,1250.0,9,0,0,171.08,4,0,2500,"shutdown",1,0,0,0,0,0,1.000,4.00,4,false,2,0,2,1,0,1,0.500,0.500,"|||crossing_pass|||||crossing_fail",false,false,0,0
"Deep - Balanced","Deep","Balanced","DP-ABBOTT03",1536,23,"Victory - Boss Defeated","boss.victory",8,1,1,18,4,23200,true,true,2400.0,23,0,0,128.53,8,0,4000,"",0,0,0,0,0,1,1.000,6.96,5,true,3,0,3,2,1,0,0.000,0.667,"||||detour||||crossing_pass|||||endgame_activate;endgame_active|endgame_active|endgame_active;crossing_pass|endgame_active|endgame_active|repair;endgame_active;endgame_cooldown|endgame_active;endgame_cooldown|endgame_active|endgame_active|endgame_active",true,false,0,0
"Deep - Balanced","Deep","Balanced","DP-ABSCAM03",1537,24,"Boss Vote Failed - Game Over","boss_vote_failed",8,0,1,19,4,22700,true,false,2400.0,23,1,0,123.18,8,0,4000,"",0,0,0,0,0,0,1.000,6.67,6,true,3,0,3,3,0,0,0.000,1.000,"||||crossing_pass|||||crossing_pass||||endgame_activate;endgame_active|endgame_active|endgame_active;crossing_pass|endgame_active|endgame_active|endgame_active|endgame_active|endgame_active|endgame_active|endgame_active|endgame_active",true,false,0,0
"Deep - Balanced","Deep","Balanced","DP-AILEEN03",1538,23,"Victory - Boss Defeated","boss.victory",6,0,1,20,4,22100,true,true,2400.0,23,0,0,128.53,6,0,4000,"",0,0,0,0,0,0,1.000,5.22,6,true,3,0,3,2,1,0,0.000,0.667,"|||crossing_denied;detour|||||crossing_pass|||||endgame_activate;endgame_active|endgame_active|endgame_active;crossing_pass|endgame_active|endgame_active|endgame_active|endgame_active|endgame_active|endgame_active|endgame_active",true,false,0,0
"Deep - Balanced","Deep","Balanced","DP-AILES03",1539,16,"Collapse (crossing) - Game Over","collapse_crossing",7,0,5,20,9,12400,false,false,1900.0,15,1,0,146.27,7,0,4000,"",0,5,0,0,1,0,1.000,7.00,4,false,3,0,3,2,0,1,0.333,0.667,"||||crossing_pass||||crossing_pass|||||endgame_activate;endgame_active|endgame_active;camp|endgame_active;crossing_fail",true,false,0,0
"Deep - Balanced","Deep","Balanced","DP-ALEXJON03",1540,23,"Victory - Boss Defeated","boss.victory",6,0,2,19,3,22200,true,true,2400.0,22,0,1,134.38,6,0,4000,"",0,0,0,0,0,0,0.957,5.22,6,true,3,0,3,3,0,0,0.000,1.000,"|||crossing_pass|||||crossing_pass|||||endgame_activate;endgame_active|endgame_active|endgame_active;crossing_pass|endgame_active|endgame_active|endgame_active|endgame_active|endgame_active|endgame_active|",true,false,0,0
"Deep - Balanced","Deep","Balanced","DP-ALITO03",1541,23,"Boss Vote Failed - Game Over","boss_vote_failed",7,0,1,19,4,22200,true,false,2400.0,23,0,0,128.53,7,0,4000,"",0,3,0,0,0,0,1.000,6.09,5,true,3,0,3,3,0,0,0.000,1.000,"||||crossing_pass||||crossing_pass|||||endgame_activate;endgame_active|endgame_active|endgame_active;crossing_pass|endgame_active|endgame_active|endgame_active|endgame_active|endgame_active|endgame_active|endgame_active",true,false,0,0
"Deep - Balanced","Deep","Balanced","DP-AMNESTY03",1542,16,"Collapse (crossing) - Game Over","collapse_crossing",5,0,4,20,10,13400,false,false,1900.0,16,0,0,146.27,5,0,4000,"",0,0,0,0,0,0,1.000,5.00,5,false,3,0,3,2,0,1,0.333,0.667,"|||crossing_pass|||||crossing_pass|||||endgame_activate;endgame_active|endgame_active|endgame_active;crossing_fail",true,false,0,0
"Deep - Balanced","Deep","Balanced","DP-AMYBAR03",1543,23,"Collapse (breakdown) - Game Over","collapse_breakdown",7,0,0,20,10,23100,false,false,2362.4,22,0,1,132.27,7,0,4000,"",0,0,0,0,0,0,0.957,6.09,6,true,3,0,3,3,0,0,0.000,1.000,"||||crossing_pass|||||crossing_pass||||endgame_activate;endgame_active|endgame_active|endgame_active;crossing_pass|endgame_active|endgame_active|endgame_active|endgame_active|endgame_active|endgame_active|",true,false,0,0
"Deep - Balanced","Deep","Balanced","DP-ANTIFA03",1544,23,"Collapse (breakdown) - Game Over","collapse_breakdown",7,0,0,20,10,23100,false,false,2362.4,22,0,1,132.27,7,0,4000,"",0,6,0,0,0,0,0.957,6.09,6,true,3,0,3,2,1,0,0.000,0.667,"|||crossing_denied;detour||||||crossing_pass||||endgame_activate;endgame_active|endgame_active|endgame_active;crossing_pass|endgame_active|endgame_active|endgame_active|endgame_active|endgame_active|endgame_active|",true,false,0,0
"Deep - Balanced","Deep","Balanced","DP-ANTIVAX03",1545,24,"Boss Vote Failed - Game Over","boss_vote_failed",8,0,1,16,4,22200,true,false,2400.0,24,0,0,123.18,8,0,4000,"shutdown",2,0,0,0,0,0,1.000,6.67,6,true,3,0,3,1,2,0,0.000,0.333,"|||crossing_denied;detour||||||detour||||endgame_activate;endgame_active|endgame_active|endgame_active|endgame_active;crossing_pass|endgame_active|endgame_active|endgame_active|endgame_active|endgame_active|endgame_active|endgame_active",true,false,0,0
"Deep - Balanced","Deep","Balanced","DP-AOC03",1546,24,"Boss Vote Failed - Game Over","boss_vote_failed",6,0,2,19,3,22100,true,false,2400.0,23,0,1,128.53,6,0,4000,"",0,4,0,0,2,0,0.958,5.00,6,true,3,0,3,2,1,0,0.000,0.667,"|||crossing_denied;detour|||||camp|crossing_pass||||endgame_activate;endgame_active|endgame_active|endgame_active;crossing_pass|endgame_active|endgame_active;camp|endgame_active|endgame_active|endgame_active|endgame_active|endgame_active|",true,false,0,0
"Deep - Balanced","Deep","Balanced","DP-ASYLUM03",1547,23,"Victory - Boss Defeated","boss.victory",9,0,3,17,4,22700,true,true,2400.0,23,0,0,128.53,9,0,4000,"",0,0,0,0,0,0,1.000,7.83,7,true,3,0,3,3,0,0,0.000,1.000,"||||crossing_pass||||crossing_pass|||||endgame_activate;endgame_active|endgame_active|endgame_active;crossing_pass|endgame_active|endgame_active|endgame_active|endgame_active|endgame_active|endgame_active|endgame_active",true,false,0,0
"Deep - Balanced","Deep","Balanced","DP-AUDITAZ03",1548,23,"Victory - Boss Defeated","boss.victory",8,0,1,18,4,22200,true,true,2400.0,23,0,0,128.53,8,0,4000,"",0,5,0,0,0,0,1.000,6.96,5,true,3,0,3,3,0,0,0.000,1.000,"||||crossing_pass||||crossing_pass|||||endgame_activate;endgame_active|endgame_active|endgame_active;crossing_pass|endgame_active|endgame_active|endgame_active|endgame_active|endgame_active|endgame_active|endgame_active",true,false,0,0
"Deep - Balanced","Deep","Balanced","DP-AZAR03",1549,23,"Boss Vote Failed - Game Over","boss_vote_failed",7,0,1,18,4,22200,true,false,2400.0,23,0,0,128.53,7,0,4000,"",0,0,0,0,0,0,1.000,6.09,5,true,3,0,3,3,0,0,0.000,1.000,"||||crossing_pass||||crossing_pass|||||endgame_activate;endgame_active|endgame_active|endgame_active;crossing_pass|endgame_active|endgame_active|endgame_active|endgame_active|endgame_active|endgame_active|endgame_active",true,false,0,0
"Deep - Balanced","Deep","Balanced","DP-BANHAM03",1550,9,"Collapse (crossing) - Game Over","collapse_crossing",4,0,7,19,10,7900,false,false,1250.0,8,1,0,171.08,4,0,2500,"",0,6,0,0,0,0,1.000,4.00,4,false,2,0,2,1,0,1,0.500,0.500,"|||crossing_pass|||||crossing_fail",false,false,0,0
"Deep - Balanced","Deep","Balanced","DP-BANNON03",1551,16,"Collapse (crossing) - Game Over","collapse_crossing",6,1,4,18,9,10700,false,false,1900.0,15,1,0,146.27,6,2700,4000,"",0,0,0,0,0,1,1.000,6.00,5,false,3,0,3,1,1,1,0.333,0.333,"|||crossing_denied;detour|||||repair|crossing_pass||||endgame_activate;endgame_active|endgame_active|endgame_active;crossing_fail",true,false,0,0
"Deep - Balanced","Deep","Balanced","DP-BARR03",1552,23,"Boss Vote Failed - Game Over","boss_vote_failed",6,2,1,19,4,19700,true,false,2400.0,23,0,0,128.53,6,0,4000,"",0,0,0,0,0,2,1.000,5.22,6,true,3,0,3,2,1,0,0.000,0.667,"||||detour||repair|||crossing_pass||repair||endgame_activate;endgame_active|endgame_active|endgame_active;crossing_pass|endgame_active|endgame_active|endgame_active|endgame_active|endgame_active|endgame_active|endgame_active",true,false,0,0
"Deep - Balanced","Deep","Balanced","DP-BARRON03",1553,10,"Collapse (crossing) - Game Over","collapse_crossing",4,0,6,15,10,7900,false,false,1250.0,10,0,0,153.97,4,0,2500,"",0,0,0,0,0,0,1.000,4.00,2,false,2,0,2,1,0,1,0.500,0.500,"||||crossing_pass|||||crossing_fail",false,false,0,0
"Deep - Balanced","Deep","Balanced","DP-BECK03",1554,10,"Collapse (crossing) - Game Over","collapse_crossing",4,0,6,16,10,7400,false,false,1250.0,10,0,0,153.97,4,0,2500,"",0,4,0,0,0,0,1.000,4.00,4,false,2,0,2,1,0,1,0.500,0.500,"||||crossing_pass|||||crossing_fail",false,false,0,0
"Deep - Balanced","Deep","Balanced","DP-BEDMIN03",1555,16,"Collapse (crossing) - Game Over","collapse_crossing",7,0,4,18,9,13400,false,false,1900.0,15,1,0,146.27,7,0,4000,"",0,0,0,0,0,0,1.000,7.00,5,false,3,0,3,2,0,1,0.333,0.667,"||||crossing_pass||||crossing_pass|||||endgame_activate;endgame_active|endgame_active|endgame_active;crossing_fail",true,false,0,0
"Deep - Balanced","Deep","Balanced","DP-BENGHAZ03",1556,23,"Victory - Boss Defeated","boss.victory",7,0,2,20,4,21700,true,true,2400.0,22,1,0,128.53,7,0,4000,"",0,0,0,0,0,0,1.000,6.09,6,true,3,0,3,2,1,0,0.000,0.667,"|||crossing_denied;detour|||||crossing_pass|||||endgame_activate;endgame_active|endgame_active|endgame_active;crossing_pass|endgame_active|endgame_active|endgame_active|endgame_active|endgame_active|endgame_active|endgame_active",true,false,0,0
"Deep - Balanced","Deep","Balanced","DP-BERNIE03",1557,24,"Boss Vote Failed - Game Over","boss_vote_failed",7,0,1,19,4,20000,true,false,2400.0,24,0,0,123.18,7,0,4000,"",0,2,0,0,0,0,1.000,5.83,5,true,3,0,3,2,1,0,0.000,0.667,"||||detour|||||crossing_pass||||endgame_activate;endgame_active|endgame_active|endgame_active|endgame_active;crossing_pass|endgame_active|endgame_active|endgame_active|endgame_active|endgame_active|endgame_active|endgame_active",true,false,0,0
"Deep - Balanced","Deep","Balanced","DP-BIDEN03",1558,24,"Boss Vote Failed - Game Over","boss_vote_failed",9,0,1,17,3,22700,true,false,2400.0,23,0,1,128.53,9,0,4000,"",0,2,0,0,0,0,0.958,7.50,7,true,3,0,3,2,1,0,0.000,0.667,"||||crossing_denied;detour|||||crossing_pass|||||endgame_activate;endgame_active|endgame_active|endgame_active;crossing_pass|endgame_active|endgame_active|endgame_active|endgame_active|endgame_active|endgame_active|",true,false,0,0
"Deep - Balanced","Deep","Balanced","DP-BIGLY03",1559,23,"Collapse (breakdown) - Game Over","collapse_breakdown",6,0,0,16,10,23700,false,false,2375.4,22,0,1,133.00,6,0,4000,"",0,0,0,0,0,0,0.957,5.22,6,true,3,0,3,2,1,0,0.000,0.667,"|||crossing_denied;detour|||||crossing_pass|||||endgame_activate;endgame_active|endgame_active|endgame_active;crossing_pass|endgame_active|endgame_active|endgame_active|endgame_active|endgame_active|endgame_active|",true,false,0,0
"Deep - Balanced","Deep","Balanced","DP-BIGMAC03",1560,9,"Collapse (crossing) - Game Over","collapse_crossing",4,0,7,18,9,7900,false,false,1250.0,9,0,0,171.08,4,0,2500,"",0,0,0,0,0,0,1.000,4.00,4,false,2,0,2,1,0,1,0.500,0.500,"||||crossing_pass||||crossing_fail",false,false,0,0
"Deep - Balanced","Deep","Balanced","DP-BLEACH03",1561,23,"Boss Vote Failed - Game Over","boss_vote_failed",9,0,2,20,4,21100,true,false,2400.0,22,1,0,128.53,9,0,4000,"",0,0,0,0,0,0,1.000,7.83,7,true,3,0,3,3,0,0,0.000,1.000,"||||crossing_pass||||crossing_pass|||||endgame_activate;endgame_active|endgame_active|endgame_active;crossing_pass|endgame_active|endgame_active|endgame_active|endgame_active|endgame_active|endgame_active|endgame_active",true,false,0,0
"Deep - Balanced","Deep","Balanced","DP-BLEXIT03",1562,23,"Boss Vote Failed - Game Over","boss_vote_failed",7,0,2,17,4,22200,true,false,2400.0,23,0,0,128.53,7,0,4000,"",0,5,0,0,0,0,1.000,6.09,6,true,3,0,3,3,0,0,0.000,1.000,"|||crossing_pass|||||crossing_pass|||||endgame_activate;endgame_active|endgame_active|endgame_active;crossing_pass|endgame_active|endgame_active|endgame_active|endgame_active|endgame_active|endgame_active|endgame_active",true,false,0,0
"Deep - Balanced","Deep","Balanced","DP-BLM03",1563,23,"Victory - Boss Defeated","boss.victory",8,0,1,18,4,23700,true,true,2400.0,21,2,0,128.53,8,0,4000,"",0,0,0,0,0,0,1.000,6.96,6,true,3,0,3,2,1,0,0.000,0.667,"||||crossing_pass|||||crossing_pass||||endgame_activate;endgame_active|endgame_active|endgame_active;detour|endgame_active|endgame_active|endgame_active|endgame_active|endgame_active|endgame_active|endgame_active",true,false,0,0
"Deep - Balanced","Deep","Balanced","DP-BOEBERT03",1564,23,"Boss Vote Failed - Game Over","boss_vote_failed",7,1,1,20,4,20700,true,false,2400.0,23,0,0,128.53,7,0,4000,"",0,0,0,0,0,1,1.000,6.09,6,true,3,0,3,3,0,0,0.000,1.000,"||||crossing_pass||||crossing_pass;repair|||||endgame_activate;endgame_active|endgame_active|endgame_active;crossing_pass|endgame_active|endgame_active|endgame_active|endgame_active|endgame_active|endgame_active|endgame_active",true,false,0,0
"Deep - Balanced","Deep","Balanced","DP-BOLTON03",1565,23,"Victory - Boss Defeated","boss.victory",7,0,1,17,4,22700,true,true,2400.0,23,0,0,128.53,7,0,4000,"",0,5,0,0,0,0,1.000,6.09,5,true,3,0,3,3,0,0,0.000,1.000,"|||crossing_pass|||||crossing_pass|||||endgame_activate;endgame_active|endgame_active|endgame_active;crossing_pass|endgame_active|endgame_active|endgame_active|endgame_active|endgame_active|endgame_active|endgame_active",true,false,0,0
"Deep - Balanced","Deep","Balanced","DP-BONTA03",1566,24,"Victory - Boss Defeated","boss.victory",8,0,1,20,3,22200,true,true,2400.0,23,0,1,128.53,8,0,4000,"",0,4,0,0,0,0,0.958,6.67,5,true,3,0,3,2,1,0,0.000,0.667,"|||detour||||||crossing_pass|||||endgame_activate;endgame_active|endgame_active|endgame_active;crossing_pass|endgame_active|endgame_active|endgame_active|endgame_active|endgame_active|endgame_active|",true,false,0,0
"Deep - Balanced","Deep","Balanced","DP-BORDER03",1567,17,"Collapse (crossing) - Game Over","collapse_crossing",6,0,4,20,10,11900,false,false,1900.0,17,0,0,137.67,6,0,4000,"tariff_tsunami",1,0,0,0,0,0,1.000,6.00,6,false,3,0,3,1,1,1,0.333,0.333,"||||crossing_pass||||detour||||||endgame_activate;endgame_active|endgame_active|endgame_active;crossing_fail",true,false,0,0
"Deep - Balanced","Deep","Balanced","DP-BOXES03",1568,23,"Collapse (breakdown) - Game Over","collapse_breakdown",7,0,0,17,10,21800,false,false,2354.3,22,0,0,131.82,7,0,4000,"",0,0,0,0,0,0,1.000,6.36,6,true,3,0,3,1,2,0,0.000,0.333,"|||detour||||||crossing_pass||||endgame_activate;endgame_active|endgame_active|endgame_active;detour|endgame_active|endgame_active|endgame_active|endgame_active|endgame_active|endgame_active",true,false,0,0
"Deep - Balanced","Deep","Balanced","DP-BREIT03",1569,10,"Collapse (crossing) - Game Over","collapse_crossing",4,1,6,14,10,4800,false,false,1250.0,10,0,0,153.97,4,3100,2500,"",0,0,0,0,0,1,1.000,4.00,4,false,2,0,2,1,0,1,0.500,0.500,"|||crossing_pass||||repair||crossing_fail",false,false,0,0
"Deep - Balanced","Deep","Balanced","DP-BUNKER03",1570,24,"Boss Vote Failed - Game Over","boss_vote_failed",8,0,2,19,3,23100,true,false,2400.0,22,0,2,134.38,8,0,4000,"",0,8,0,0,1,0,0.917,6.67,6,true,3,0,3,3,0,0,0.000,1.000,"||||crossing_pass||||crossing_pass|||||endgame_activate;endgame_active|camp|endgame_active|endgame_active;crossing_pass|endgame_active|endgame_active|endgame_active|endgame_active|endgame_active|endgame_active|",true,false,0,0
"Deep - Balanced","Deep","Balanced","DP-BUTLER03",1571,24,"Boss Vote Failed - Game Over","boss_vote_failed",8,0,1,16,4,23100,true,false,2400.0,23,1,0,123.18,8,0,4000,"",0,0,0,0,0,0,1.000,6.67,5,true,3,0,3,2,1,0,0.000,0.667,"||||crossing_pass|||||detour|||||endgame_activate;endgame_active|endgame_active|endgame_active;crossing_pass|endgame_active|endgame_active|endgame_active|endgame_active|endgame_active|endgame_active|endgame_active",true,false,0,0
"Deep - Balanced","Deep","Balanced","DP-CANNON03",1572,24,"Boss Vote Failed - Game Over","boss_vote_failed",8,1,2,16,4,19100,true,false,2400.0,22,1,1,128.53,8,3100,4000,"",0,0,0,0,1,1,0.958,6.67,6,true,3,0,3,3,0,0,0.000,1.000,"||repair||crossing_pass|||||crossing_pass||||endgame_activate;endgame_active|endgame_active|endgame_active|endgame_active;crossing_pass|endgame_active|endgame_active|endgame_active|endgame_active|endgame_active|endgame_active;camp|",true,false,0,0
"Deep - Balanced","Deep","Balanced","DP-CAPRIOT03",1573,16,"Collapse (crossing) - Game Over","collapse_crossing",6,1,4,19,10,11700,false,false,1900.0,16,0,0,146.27,6,0,4000,"",0,0,0,0,0,1,1.000,6.00,4,false,3,0,3,2,0,1,0.333,0.667,"|||repair|crossing_pass||||crossing_pass|||||endgame_activate;endgame_active|endgame_active|endgame_active;crossing_fail",true,false,0,0
"Deep - Balanced","Deep","Balanced","DP-CARAVAN03",1574,24,"Boss Vote Failed - Game Over","boss_vote_failed",8,0,1,19,4,20400,true,false,2400.0,23,0,1,128.53,8,0,4000,"",0,0,0,0,1,0,0.958,6.67,5,true,3,0,3,2,1,0,0.000,0.667,"|||detour|||||crossing_pass|||||endgame_activate;endgame_active|endgame_active|endgame_active;crossing_pass|endgame_active|camp|endgame_active|endgame_active|endgame_active|endgame_active|endgame_active|endgame_active",true,false,0,0
"Deep - Balanced","Deep","Balanced","DP-CARSON03",1575,16,"Collapse (crossing) - Game Over","collapse_crossing",5,0,4,20,10,12400,false,false,1900.0,16,0,0,146.27,5,0,4000,"",0,0,0,0,0,0,1.000,5.00,5,false,3,0,3,2,0,1,0.333,0.667,"||||crossing_pass|||||crossing_pass||||endgame_activate;endgame_active|endgame_active|endgame_active;crossing_fail",true,false,0,0
"Deep - Balanced","Deep","Balanced","DP-CHEETO03",1576,23,"Victory - Boss Defeated","boss.victory",8,1,1,19,4,20000,true,true,2400.0,23,0,0,128.53,8,0,4000,"travel_ban_lite",1,0,0,0,0,1,1.000,6.96,5,true,3,0,3,2,1,0,0.000,0.667,"||||crossing_pass||||repair;crossing_pass|||||endgame_activate;endgame_active|endgame_active|endgame_active;detour|endgame_active|endgame_active|endgame_active|endgame_active|endgame_active|endgame_active|endgame_active",true,false,0,0
"Deep - Balanced","Deep","Balanced","DP-CHENEY03",1577,24,"Boss Vote Failed - Game Over","boss_vote_failed",8,1,1,18,4,18800,true,false,2400.0,24,0,0,123.18,8,2700,4000,"",0,4,0,0,0,1,1.000,6.67,6,true,3,0,3,3,0,0,0.000,1.000,"|||crossing_pass|||||crossing_pass|||||repair;endgame_activate;endgame_active;endgame_cooldown|endgame_active;endgame_cooldown|endgame_active|endgame_active;crossing_pass|endgame_active|endgame_active|endgame_active|endgame_active|endgame_active|endgame_active|endgame_active",true,false,0,0
"Deep - Balanced","Deep","Balanced","DP-CHESBRO03",1578,23,"Boss Vote Failed - Game Over","boss_vote_failed",7,0,1,17,4,22700,true,false,2400.0,23,0,0,128.53,7,0,4000,"",0,0,0,0,0,0,1.000,6.09,6,true,3,0,3,3,0,0,0.000,1.000,"|||crossing_pass|||||crossing_pass|||||endgame_activate;endgame_active|endgame_active|endgame_active;crossing_pass|endgame_active|endgame_active|endgame_active|endgame_active|endgame_active|endgame_active|endgame_active",true,false,0,0
"Deep - Balanced","Deep","Balanced","DP-CHINAV03",1579,24,"Boss Vote Failed - Game Over","boss_vote_failed",8,1,1,19,3,19000,true,false,2400.0,23,0,1,128.53,8,0,4000,"",0,0,0,0,1,1,0.958,6.67,5,true,3,0,3,2,1,0,0.000,0.667,"|||crossing_denied;detour||||||crossing_pass|||repair||endgame_activate;endgame_active;camp|endgame_active|endgame_active;crossing_pass|endgame_active|endgame_active|endgame_active|endgame_active|endgame_active|endgame_active|",true,false,0,0
"Deep - Balanced","Deep","Balanced","DP-CLIMATE03",1580,25,"Boss Vote Failed - Game Over","boss_vote_failed",8,0,1,17,4,21000,true,false,2400.0,25,0,0,118.25,8,0,4000,"",0,0,0,0,1,0,1.000,6.40,7,true,3,0,3,1,2,0,0.000,0.333,"||||crossing_denied;detour|||||crossing_pass|||||endgame_activate;endgame_active|endgame_active|endgame_active;detour|endgame_active|endgame_active|endgame_active|endgame_active|endgame_active|endgame_active|endgame_active;camp|endgame_active",true,false,0,0
"Deep - Balanced","Deep","Balanced","DP-CLOWN03",1581,23,"Victory - Boss Defeated","boss.victory",7,0,1,15,4,23200,true,true,2400.0,23,0,0,128.53,7,0,4000,"",0,0,0,0,0,0,1.000,6.09,5,true,3,0,3,3,0,0,0.000,1.000,"|||crossing_pass|||||crossing_pass|||||endgame_activate;endgame_active|endgame_active|endgame_active;crossing_pass|endgame_active|endgame_active|endgame_active|endgame_active|endgame_active|endgame_active|endgame_active",true,false,0,0
"Deep - Balanced","Deep","Balanced","DP-COAL03",1582,16,"Collapse (crossing) - Game Over","collapse_crossing",5,1,4,20,10,11700,false,false,1900.0,16,0,0,146.27,5,0,4000,"",0,8,0,0,0,1,1.000,5.00,5,false,3,0,3,2,0,1,0.333,0.667,"|||crossing_pass|||||crossing_pass|||||repair;endgame_activate;endgame_active;endgame_cooldown|endgame_active;endgame_cooldown|endgame_active;crossing_fail",true,false,0,0
"Deep - Balanced","Deep","Balanced","DP-COATS03",1583,23,"Collapse (breakdown) - Game Over","collapse_breakdown",8,0,0,19,10,20400,false,false,2339.7,22,0,0,131.00,8,0,4000,"",0,0,0,0,0,0,1.000,7.27,5,true,3,0,3,2,1,0,0.000,0.667,"|||crossing_denied;detour||||||crossing_pass||||endgame_activate;endgame_active|endgame_active|endgame_active|endgame_active;crossing_pass|endgame_active|endgame_active|endgame_active|endgame_active|endgame_active",true,false,0,0
"Deep - Balanced","Deep","Balanced","DP-COHEN03",1584,23,"Collapse (breakdown) - Game Over","collapse_breakdown",7,0,0,17,9,23200,false,false,2371.4,22,0,0,132.77,7,0,4000,"",0,5,0,1,0,0,1.000,6.36,6,true,3,0,3,2,1,0,0.000,0.667,"|||crossing_denied;detour|||||crossing_pass|||||endgame_activate;endgame_active|endgame_active|endgame_active;crossing_pass|endgame_active|endgame_active|endgame_active|endgame_active|endgame_active|endgame_active",true,false,0,0
"Deep - Balanced","Deep","Balanced","DP-COLLUSN03",1585,24,"Boss Vote Failed - Game Over","boss_vote_failed",7,0,1,18,3,22200,true,false,2400.0,23,0,1,128.53,7,0,4000,"",0,0,0,0,0,0,0.958,5.83,6,true,3,0,3,1,2,0,0.000,0.333,"||||crossing_denied;detour|||||detour||||endgame_activate;endgame_active|endgame_active|endgame_active|endgame_active;crossing_pass|endgame_active|endgame_active|endgame_active|endgame_active|endgame_active|endgame_active|",true,false,0,0
"Deep - Balanced","Deep","Balanced","DP-CONWAY03",1586,9,"Collapse (crossing) - Game Over","collapse_crossing",4,1,7,18,9,6400,false,false,1250.0,9,0,0,171.08,4,0,2500,"",0,0,0,0,0,1,1.000,4.00,3,false,2,0,2,1,0,1,0.500,0.500,"|||repair|crossing_pass||||crossing_fail",false,false,0,0
"Deep - Conservative","Deep","Conservative","DP-ORANGE02",1337,26,"Victory - Boss Defeated","boss.victory",8,2,10,18,3,22400,true,true,2100.0,25,0,1,121.47,8,0,3700,"",0,2,0,0,0,2,0.962,6.15,7,true,3,0,3,3,0,0,0.000,1.000,"|||repair||repair|crossing_pass|||||crossing_pass|||||||||crossing_pass|||||",false,false,0,0
"Deep - Conservative","Deep","Conservative","DP-ORANGE02",1338,25,"Boss Vote Failed - Game Over","boss_vote_failed",8,1,10,20,4,23900,true,false,2100.0,25,0,0,121.47,8,0,3700,"",0,0,0,0,0,1,1.000,6.40,7,true,3,0,3,3,0,0,0.000,1.000,"repair|||||crossing_pass||||||crossing_pass|||||||||crossing_pass||||",false,false,0,0
"Deep - Conservative","Deep","Conservative","DP-ORANGE02",1339,25,"Victory - Boss Defeated","boss.victory",8,0,10,18,4,24400,true,true,2100.0,25,0,0,121.47,8,0,3700,"",0,3,0,1,0,0,1.000,6.40,7,true,3,0,3,2,1,0,0.000,0.667,"|||||detour||||||crossing_pass|||||||||crossing_pass||||",false,false,0,0
"Deep - Conservative","Deep","Conservative","DP-ORANGE02",1340,25,"Victory - Boss Defeated","boss.victory",9,0,10,18,4,23800,true,true,2100.0,25,0,0,121.47,9,0,3700,"",0,7,0,0,0,0,1.000,7.20,8,true,3,0,3,3,0,0,0.000,1.000,"|||||crossing_pass||||||crossing_pass|||||||||crossing_pass||||",false,false,0,0
"Deep - Conservative","Deep","Conservative","DP-ORANGE02",1341,26,"Victory - Boss Defeated","boss.victory",9,0,10,18,3,24600,true,true,2100.0,24,1,1,121.47,9,0,3700,"",0,0,0,0,0,0,0.962,6.92,8,true,3,0,3,3,0,0,0.000,1.000,"||||||crossing_pass||||||crossing_pass||||||||crossing_pass|||||",false,false,0,0
"Deep - Conservative","Deep","Conservative","DP-ORANGE02",1342,25,"Boss Vote Failed - Game Over","boss_vote_failed",8,0,10,20,4,25700,true,false,2100.0,25,0,0,121.47,8,0,3700,"",0,4,0,0,0,0,1.000,6.40,7,true,3,0,3,2,1,0,0.000,0.667,"|||||crossing_pass||||||detour|||||||||crossing_pass||||",false,false,0,0
"Deep - Conservative","Deep","Conservative","DP-ORANGE02",1343,25,"Boss Vote Failed - Game Over","boss_vote_failed",8,1,10,18,4,22300,true,false,2100.0,23,2,0,121.47,8,2600,3700,"",0,0,0,0,0,1,1.000,6.40,7,true,3,0,3,3,0,0,0.000,1.000,"|||repair|||crossing_pass|||||crossing_pass|||||||||crossing_pass||||",false,false,0,0
"Deep - Conservative","Deep","Conservative","DP-ORANGE02",1344,25,"Boss Vote Failed - Game Over","boss_vote_failed",7,0,10,18,4,25400,true,false,2100.0,25,0,0,121.47,7,0,3700,"book_panic",2,0,0,0,0,0,1.000,5.60,7,true,3,0,3,1,2,0,0.000,0.333,"|||||detour||||||crossing_pass||||||||detour|||||",false,false,0,0
"Deep - Conservative","Deep","Conservative","DP-ORANGE02",1345,25,"Boss Vote Failed - Game Over","boss_vote_failed",7,0,10,19,3,24900,true,false,2100.0,24,0,1,126.53,7,0,3700,"",0,0,0,0,0,0,0.960,5.60,7,true,3,0,3,3,0,0,0.000,1.000,"|||||crossing_pass||||||crossing_pass||||||||crossing_pass|||||",false,false,0,0
"Deep - Conservative","Deep","Conservative","DP-ORANGE02",1346,25,"Boss Vote Failed - Game Over","boss_vote_failed",7,1,10,20,4,24400,true,false,2100.0,24,1,0,121.47,7,0,3700,"",0,2,0,0,0,1,1.000,5.60,7,true,3,0,3,3,0,0,0.000,1.000,"|||||crossing_pass||||||crossing_pass||||||repair|||crossing_pass||||",false,false,0,0
"Deep - Conservative","Deep","Conservative","DP-ORANGE02",1347,26,"Boss Vote Failed - Game Over","boss_vote_failed",10,1,10,18,4,24400,true,false,2100.0,24,1,1,121.47,10,0,3700,"",0,6,0,0,1,1,0.962,7.69,8,true,3,0,3,2,1,0,0.000,0.667,"repair||||||crossing_pass|||||crossing_pass|||||||||camp|detour||||",false,false,0,0
"Deep - Conservative","Deep","Conservative","DP-ORANGE02",1348,26,"Victory - Boss Defeated","boss.victory",7,1,10,19,4,21000,true,true,2100.0,26,0,0,116.80,7,2900,3700,"",0,4,0,0,0,1,1.000,5.38,7,true,3,0,3,2,1,0,0.000,0.667,"|||||crossing_pass||||||detour|repair||||||||crossing_pass|||||",false,false,0,0
"Deep - Conservative","Deep","Conservative","DP-ORANGE02",1349,25,"Boss Vote Failed - Game Over","boss_vote_failed",7,0,10,20,4,24200,true,false,2100.0,25,0,0,121.47,7,0,3700,"",0,0,0,0,0,0,1.000,5.60,7,true,3,0,3,3,0,0,0.000,1.000,"|||||crossing_pass||||||crossing_pass|||||||||crossing_pass||||",false,false,0,0
"Deep - Conservative","Deep","Conservative","DP-ORANGE02",1350,25,"Victory - Boss Defeated","boss.victory",8,0,10,20,4,25700,true,true,2100.0,24,1,0,121.47,8,0,3700,"",0,0,0,0,0,0,1.000,6.40,7,true,3,0,3,3,0,0,0.000,1.000,"|||||crossing_pass||||||crossing_pass|||||||||crossing_pass||||",false,false,0,0
"Deep - Conservative","Deep","Conservative","DP-ORANGE02",1351,26,"Victory - Boss Defeated","boss.victory",8,0,10,20,4,24300,true,true,2100.0,23,1,2,126.53,8,0,3700,"",0,0,0,0,1,0,0.923,6.15,8,true,3,0,3,3,0,0,0.000,1.000,"|||||crossing_pass||||||crossing_pass||camp|||||||crossing_pass|||||",false,false,0,0
"Deep - Conservative","Deep","Conservative","DP-ORANGE02",1352,25,"Boss Vote Failed - Game Over","boss_vote_failed",8,0,10,19,4,24900,true,false,2100.0,24,1,0,121.47,8,0,3700,"",0,0,0,0,0,0,1.000,6.40,8,true,3,0,3,3,0,0,0.000,1.000,"|||||crossing_pass||||||crossing_pass|||||||||crossing_pass||||",false,false,0,0
"Deep - Conservative","Deep","Conservative","DP-ORANGE02",1353,25,"Boss Vote Failed - Game Over","boss_vote_failed",8,0,10,16,4,25700,true,false,2100.0,25,0,0,121.47,8,0,3700,"",0,2,1,0,0,0,1.000,6.40,8,true,3,0,3,3,0,0,0.000,1.000,"|||||crossing_pass||||||crossing_pass||||||||crossing_pass|||||",false,false,0,0
"Deep - Conservative","Deep","Conservative","DP-ORANGE02",1354,25,"Victory - Boss Defeated","boss.victory",8,0,10,18,4,24900,true,true,2100.0,25,0,0,121.47,8,0,3700,"",0,0,0,0,0,0,1.000,6.40,7,true,3,0,3,2,1,0,0.000,0.667,"|||||detour||||||crossing_pass|||||||||crossing_pass||||",false,false,0,0
"Deep - Conservative","Deep","Conservative","DP-ORANGE02",1355,26,"Boss Vote Failed - Game Over","boss_vote_failed",7,2,10,19,4,23700,true,false,2100.0,24,1,1,121.47,7,0,3700,"",0,0,0,0,1,2,0.962,5.38,5,true,3,0,3,3,0,0,0.000,1.000,"|||||crossing_pass||||||crossing_pass||repair||repair||||camp||crossing_pass||||",false,false,0,0
"Deep - Conservative","Deep","Conservative","DP-ORANGE02",1356,26,"Victory - Boss Defeated","boss.victory",9,0,10,20,3,23900,true,true,2100.0,24,1,1,121.47,9,0,3700,"shutdown",1,0,0,0,0,0,0.962,6.92,7,true,3,0,3,2,1,0,0.000,0.667,"|||||crossing_pass||||||detour|||||||||crossing_pass|||||",false,false,0,0
"Deep - Conservative","Deep","Conservative","DP-ORANGE02",1357,26,"Boss Vote Failed - Game Over","boss_vote_failed",10,0,10,17,4,24900,true,false,2100.0,23,3,0,116.80,10,0,3700,"doe_eliminated",1,0,0,0,1,0,1.000,7.69,7,true,3,0,3,2,1,0,0.000,0.667,"|||||crossing_pass||||||detour|||||||||camp|crossing_pass||||",false,false,0,0
"Deep - Conservative","Deep","Conservative","DP-ORANGE02",1358,25,"Boss Vote Failed - Game Over","boss_vote_failed",8,0,10,19,4,24300,true,false,2100.0,24,1,0,121.47,8,0,3700,"",0,0,0,0,0,0,1.000,6.40,6,true,3,0,3,3,0,0,0.000,1.000,"|||||crossing_pass||||||crossing_pass|||||||||crossing_pass||||",false,false,0,0
"Deep - Conservative","Deep","Conservative","DP-ORANGE02",1359,26,"Boss Vote Failed - Game Over","boss_vote_failed",8,1,10,20,3,23900,true,false,2100.0,23,1,2,126.53,8,0,3700,"",0,6,0,0,1,1,0.923,6.15,7,true,3,0,3,2,1,0,0.000,0.667,"|||repair||detour||||||crossing_pass|||||||||crossing_pass|camp||||",false,false,0,0
"Deep - Conservative","Deep","Conservative","DP-ORANGE02",1360,25,"Boss Vote Failed - Game Over","boss_vote_failed",8,1,10,17,4,24900,true,false,2100.0,24,1,0,121.47,8,0,3700,"",0,0,0,1,0,1,1.000,6.40,8,true,3,0,3,3,0,0,0.000,1.000,"|||||crossing_pass||||||crossing_pass|||||||||crossing_pass|||repair|",false,false,1,0
"Deep - Conservative","Deep","Conservative","DP-ORANGE02",1361,26,"Victory - Boss Defeated","boss.victory",9,1,10,19,4,19200,true,true,2100.0,26,0,0,116.80,9,2900,3700,"",0,0,0,0,0,1,1.000,6.92,8,true,3,0,3,3,0,0,0.000,1.000,"||||||crossing_pass|||||crossing_pass|||||repair||||crossing_pass|||||",false,false,0,0
"Deep - Conservative","Deep","Conservative","DP-ORANGE02",1362,25,"Boss Vote Failed - Game Over","boss_vote_failed",8,0,10,18,4,24900,true,false,2100.0,25,0,0,121.47,8,0,3700,"",0,0,0,0,0,0,1.000,6.40,6,true,3,0,3,3,0,0,0.000,1.000,"|||||crossing_pass||||||crossing_pass||||||||crossing_pass|||||",false,false,0,0
"Deep - Conservative","Deep","Conservative","DP-ORANGE02",1363,25,"Boss Vote Failed - Game Over","boss_vote_failed",8,0,10,20,4,23700,true,false,2100.0,25,0,0,121.47,8,0,3700,"",0,0,0,0,0,0,1.000,6.40,7,true,3,0,3,3,0,0,0.000,1.000,"|||||crossing_pass||||||crossing_pass|||||||||crossing_pass||||",false,false,0,0
"Deep - Conservative","Deep","Conservative","DP-ORANGE02",1364,26,"Victory - Boss Defeated","boss.victory",10,0,10,19,4,22900,true,true,2100.0,26,0,0,116.80,10,0,3700,"",0,0,0,0,0,0,1.000,7.69,8,true,3,0,3,2,1,0,0.000,0.667,"||||||crossing_pass|||||detour||||||||||crossing_pass||||",false,false,0,0
"Deep - Conservative","Deep","Conservative","DP-ORANGE02",1365,25,"Victory - Boss Defeated","boss.victory",9,1,10,20,4,22000,true,true,2100.0,25,0,0,121.47,9,2900,3700,"",0,3,0,0,0,1,1.000,7.20,8,true,3,0,3,3,0,0,0.000,1.000,"||||repair||crossing_pass|||||crossing_pass|||||||||crossing_pass||||",false,false,0,0
"Deep - Conservative","Deep","Conservative","DP-ORANGE02",1366,25,"Victory - Boss Defeated","boss.victory",8,0,10,18,4,25200,true,true,2100.0,24,1,0,121.47,8,0,3700,"",0,0,0,0,0,0,1.000,6.40,7,true,3,0,3,3,0,0,0.000,1.000,"|||||crossing_pass||||||crossing_pass||||||||crossing_pass|||||",false,false,0,0
"Deep - Conservative","Deep","Conservative","DP-ORANGE02",1367,25,"Boss Vote Failed - Game Over","boss_vote_failed",9,0,10,20,4,24900,true,false,2100.0,25,0,0,121.47,9,0,3700,"",0,0,0,0,0,0,1.000,7.20,7,true,3,0,3,3,0,0,0.000,1.000,"||||||crossing_pass|||||crossing_pass|||||||||crossing_pass||||",false,false,0,0
"Deep - Conservative","Deep","Conservative","DP-ORANGE02",1368,26,"Boss Vote Failed - Game Over","boss_vote_failed",8,0,10,20,4,23400,true,false,2100.0,26,0,0,116.80,8,0,3700,"",0,0,0,0,1,0,1.000,6.15,7,true,3,0,3,2,1,0,0.000,0.667,"|||||crossing_pass||||||detour||||||camp||||crossing_pass||||",false,false,0,0
"Deep - Conservative","Deep","Conservative","DP-ORANGE02",1369,25,"Victory - Boss Defeated","boss.victory",8,0,10,19,4,24300,true,true,2100.0,25,0,0,121.47,8,0,3700,"",0,0,0,0,0,0,1.000,6.40,7,true,3,0,3,2,1,0,0.000,0.667,"||||||detour|||||crossing_pass|||||||||crossing_pass||||",false,false,0,0
"Deep - Conservative","Deep","Conservative","DP-ORANGE02",1370,25,"Boss Vote Failed - Game Over","boss_vote_failed",8,0,10,19,4,24400,true,false,2100.0,25,0,0,121.47,8,0,3700,"",0,0,0,0,0,0,1.000,6.40,7,true,3,0,3,3,0,0,0.000,1.000,"|||||crossing_pass||||||crossing_pass|||||||||crossing_pass||||",false,false,0,0
"Deep - Conservative","Deep","Conservative","DP-ORANGE02",1371,25,"Boss Vote Failed - Game Over","boss_vote_failed",9,0,10,20,4,24400,true,false,2100.0,25,0,0,121.47,9,0,3700,"",0,0,0,0,0,0,1.000,7.20,7,true,3,0,3,3,0,0,0.000,1.000,"|||||crossing_pass||||||crossing_pass|||||||||crossing_pass||||",false,false,0,0
"Deep - Conservative","Deep","Conservative","DP-ORANGE02",1372,25,"Boss Vote Failed - Game Over","boss_vote_failed",7,0,10,18,4,25700,true,false,2100.0,25,0,0,121.47,7,0,3700,"",0,0,0,0,0,0,1.000,5.60,7,true,3,0,3,3,0,0,0.000,1.000,"|||||crossing_pass||||||crossing_pass||||||||crossing_pass|||||",false,false,0,0
"Deep - Conservative","Deep","Conservative","DP-ORANGE02",1373,25,"Victory - Boss Defeated","boss.victory",7,0,10,18,4,24400,true,true,2100.0,25,0,0,121.47,7,0,3700,"",0,5,0,0,0,0,1.000,5.60,7,true,3,0,3,3,0,0,0.000,1.000,"|||||crossing_pass||||||crossing_pass|||||||||crossing_pass||||",false,false,0,0
"Deep - Conservative","Deep","Conservative","DP-ORANGE02",1374,26,"Boss Vote Failed - Game Over","boss_vote_failed",8,0,10,18,4,25600,true,false,2100.0,24,0,2,126.53,8,0,3700,"",0,0,0,0,1,0,0.923,6.15,8,true,3,0,3,2,1,0,0.000,0.667,"|||||crossing_pass||||||detour||||||camp|||crossing_pass|||||",false,false,0,0
"Deep - Conservative","Deep","Conservative","DP-ORANGE02",1375,25,"Boss Vote Failed - Game Over","boss_vote_failed",8,0,10,18,4,25700,true,false,2100.0,25,0,0,121.47,8,0,3700,"war_dept_reorg",2,0,0,0,1,0,1.000,6.40,8,true,3,0,3,3,0,0,0.000,1.000,"|||||crossing_pass||||||crossing_pass||camp|||||||crossing_pass||||",false,false,0,0
"Deep - Conservative","Deep","Conservative","DP-ORANGE02",1376,26,"Victory - Boss Defeated","boss.victory",8,0,10,18,4,23200,true,true,2100.0,25,0,1,121.47,8,0,3700,"",0,1,0,0,0,0,0.962,6.15,8,true,3,0,3,3,0,0,0.000,1.000,"||||||crossing_pass|||||crossing_pass|||||||||crossing_pass|||||",false,false,0,0
"Deep - Conservative","Deep","Conservative","DP-ORANGE02",1377,26,"Victory - Boss Defeated","boss.victory",9,0,10,20,4,23300,true,true,2100.0,24,2,0,116.80,9,0,3700,"",0,0,0,0,0,0,1.000,6.92,6,true,3,0,3,3,0,0,0.000,1.000,"||||||crossing_pass||||||crossing_pass|||||||||crossing_pass||||",false,false,0,0
"Deep - Conservative","Deep","Conservative","DP-ORANGE02",1378,26,"Boss Vote Failed - Game Over","boss_vote_failed",8,0,10,20,3,23900,true,false,2100.0,24,0,2,126.53,8,0,3700,"",0,0,0,0,1,0,0.923,6.15,7,true,3,0,3,3,0,0,0.000,1.000,"|||||crossing_pass||||||crossing_pass||||||||crossing_pass||camp||||",false,false,0,0
"Deep - Conservative","Deep","Conservative","DP-ORANGE02",1379,25,"Boss Vote Failed - Game Over","boss_vote_failed",8,1,10,19,4,21300,true,false,2100.0,24,1,0,121.47,8,2900,3700,"",0,3,0,0,0,1,1.000,6.40,7,true,3,0,3,3,0,0,0.000,1.000,"repair||||||crossing_pass|||||crossing_pass|||||||||crossing_pass||||",false,false,0,0
"Deep - Conservative","Deep","Conservative","DP-ORANGE02",1380,26,"Boss Vote Failed - Game Over","boss_vote_failed",8,0,10,20,3,23900,true,false,2100.0,23,1,2,126.53,8,0,3700,"",0,6,0,0,1,0,0.923,6.15,7,true,3,0,3,3,0,0,0.000,1.000,"||||||crossing_pass|||||crossing_pass|||||||||crossing_pass||camp|||",false,false,0,0
"Deep - Conservative","Deep","Conservative","DP-ORANGE02",1381,26,"Victory - Boss Defeated","boss.victory",9,0,10,20,3,23200,true,true,2100.0,25,0,1,121.47,9,0,3700,"",0,0,0,0,1,0,0.962,6.92,8,true,3,0,3,3,0,0,0.000,1.000,"|||||crossing_pass|||||camp||crossing_pass||||||||crossing_pass|||||",false,false,0,0
"Deep - Conservative","Deep","Conservative","DP-ORANGE02",1382,25,"Boss Vote Failed - Game Over","boss_vote_failed",8,0,10,18,4,25200,true,false,2100.0,25,0,0,121.47,8,0,3700,"",0,0,0,0,0,0,1.000,6.40,6,true,3,0,3,3,0,0,0.000,1.000,"|||||crossing_pass||||||crossing_pass|||||||||crossing_pass||||",false,false,0,0
"Deep - Conservative","Deep","Conservative","DP-ORANGE02",1383,25,"Boss Vote Failed - Game Over","boss_vote_failed",8,1,10,20,4,21900,true,false,2100.0,24,1,0,121.47,8,0,3700,"",0,4,0,0,0,1,1.000,6.40,6,true,3,0,3,3,0,0,0.000,1.000,"|||||crossing_pass||||||crossing_pass|||repair||||||crossing_pass||||",false,false,0,0
"Deep - Conservative","Deep","Conservative","DP-ORANGE02",1384,25,"Boss Vote Failed - Game Over","boss_vote_failed",7,0,10,18,4,24900,true,false,2100.0,25,0,0,121.47,7,0,3700,"",0,0,0,0,0,0,1.000,5.60,6,true,3,0,3,2,1,0,0.000,0.667,"|||||crossing_pass||||||detour|||||||||crossing_pass||||",false,false,0,0
"Deep - Conservative","Deep","Conservative","DP-ORANGE02",1385,25,"Victory - Boss Defeated","boss.victory",8,0,10,18,4,24900,true,true,2100.0,25,0,0,121.47,8,0,3700,"",0,0,0,0,0,0,1.000,6.40,7,true,3,0,3,3,0,0,0.000,1.000,"|||||crossing_pass||||||crossing_pass||||||||crossing_pass|||||",false,false,0,0
"Deep - Conservative","Deep","Conservative","DP-ORANGE02",1386,26,"Boss Vote Failed - Game Over","boss_vote_failed",8,0,10,18,4,23800,true,false,2100.0,25,0,1,121.47,8,0,3700,"",0,0,0,0,0,0,0.962,6.15,7,true,3,0,3,2,1,0,0.000,0.667,"|||||detour||||||crossing_pass|||||||||crossing_pass|||||",false,false,0,0
"Deep - Conservative","Deep","Conservative","DP-ORANGE02",1387,25,"Boss Vote Failed - Game Over","boss_vote_failed",8,0,10,18,4,23400,true,false,2100.0,24,1,0,121.47,8,0,3700,"",0,2,0,0,1,0,1.000,6.40,7,true,3,0,3,3,0,0,0.000,1.000,"|||||crossing_pass||||||crossing_pass|||||||camp||crossing_pass||||",false,false,0,0
"Deep - Conservative","Deep","Conservative","DP-ORANGE02",1388,25,"Boss Vote Failed - Game Over","boss_vote_failed",8,0,10,20,4,23300,true,false,2100.0,25,0,0,121.47,8,0,3700,"",0,4,0,0,0,0,1.000,6.40,8,true,3,0,3,3,0,0,0.000,1.000,"|||||crossing_pass||||||crossing_pass|||||||||crossing_pass||||",false,false,0,0
"Deep - Conservative","Deep","Conservative","DP-ORANGE02",1389,25,"Victory - Boss Defeated","boss.victory",7,0,10,18,4,24400,true,true,2100.0,25,0,0,121.47,7,0,3700,"",0,0,0,0,0,0,1.000,5.60,7,true,3,0,3,3,0,0,0.000,1.000,"|||||crossing_pass||||||crossing_pass|||||||||crossing_pass||||",false,false,0,0
"Deep - Conservative","Deep","Conservative","DP-ORANGE02",1390,26,"Boss Vote Failed - Game Over","boss_vote_failed",8,0,10,19,4,24400,true,false,2100.0,25,1,0,116.80,8,0,3700,"",0,0,0,0,1,0,1.000,6.15,7,true,3,0,3,2,1,0,0.000,0.667,"camp||||||crossing_pass||||||detour|||||||||crossing_pass||||",false,false,0,0
"Deep - Conservative","Deep","Conservative","DP-ORANGE02",1391,26,"Boss Vote Failed - Game Over","boss_vote_failed",8,0,10,19,4,23400,true,false,2100.0,25,0,1,121.47,8,0,3700,"",0,0,1,0,1,0,0.962,6.15,7,true,3,0,3,2,1,0,0.000,0.667,"|||||camp|crossing_pass|||||detour||||||||||crossing_pass||||",false,false,0,0
"Deep - Conservative","Deep","Conservative","DP-ORANGE02",1392,25,"Boss Vote Failed - Game Over","boss_vote_failed",8,0,10,19,4,23400,true,false,2100.0,25,0,0,121.47,8,0,3700,"",0,7,0,0,0,0,1.000,6.40,7,true,3,0,3,3,0,0,0.000,1.000,"||||||crossing_pass|||||crossing_pass|||||||||crossing_pass||||",false,false,0,0
"Deep - Conservative","Deep","Conservative","DP-ORANGE02",1393,27,"Boss Vote Failed - Game Over","boss_vote_failed",9,0,10,20,4,23800,true,false,2100.0,25,0,2,121.47,9,0,3700,"",0,0,0,0,1,0,0.926,6.67,7,true,3,0,3,1,2,0,0.000,0.333,"|||||crossing_pass|camp||||||detour|||||||||detour|||||",false,false,0,0
"Deep - Conservative","Deep","Conservative","DP-ORANGE02",1394,25,"Boss Vote Failed - Game Over","boss_vote_failed",8,0,10,20,4,24300,true,false,2100.0,25,0,0,121.47,8,0,3700,"",0,0,0,0,0,0,1.000,6.40,7,true,3,0,3,2,1,0,0.000,0.667,"|||||crossing_pass||||||detour|||||||||crossing_pass||||",false,false,0,0
"Deep - Conservative","Deep","Conservative","DP-ORANGE02",1395,25,"Victory - Boss Defeated","boss.victory",8,0,10,19,4,24800,true,true,2100.0,25,0,0,121.47,8,0,3700,"",0,7,0,0,0,0,1.000,6.40,7,true,3,0,3,1,2,0,0.000,0.333,"||||||detour|||||detour|||||||||crossing_pass||||",false,false,0,0
"Deep - Conservative","Deep","Conservative","DP-ORANGE02",1396,25,"Boss Vote Failed - Game Over","boss_vote_failed",9,0,10,20,4,24400,true,false,2100.0,25,0,0,121.47,9,0,3700,"doe_eliminated",1,0,0,0,0,0,1.000,7.20,7,true,3,0,3,3,0,0,0.000,1.000,"|||||crossing_pass||||||crossing_pass|||||||||crossing_pass||||",false,false,0,0
"Deep - Conservative","Deep","Conservative","DP-ORANGE02",1397,25,"Victory - Boss Defeated","boss.victory",7,1,10,19,4,22800,true,true,2100.0,25,0,0,121.47,7,2900,3700,"",0,1,0,0,0,1,1.000,5.60,7,true,3,0,3,3,0,0,0.000,1.000,"|||||crossing_pass||||||crossing_pass||repair|||||||crossing_pass||||",false,false,0,0
"Deep - Conservative","Deep","Conservative","DP-ORANGE02",1398,25,"Victory - Boss Defeated","boss.victory",7,1,10,18,4,23900,true,true,2100.0,25,0,0,121.47,7,0,3700,"",0,0,0,0,1,1,1.000,5.60,7,true,3,0,3,2,1,0,0.000,0.667,"|||||crossing_pass||||||detour|||||repair|camp|||crossing_pass||||",false,false,0,0
"Deep - Conservative","Deep","Conservative","DP-ORANGE02",1399,26,"Boss Vote Failed - Game Over","boss_vote_failed",8,0,10,18,4,24400,true,false,2100.0,24,1,1,121.47,8,0,3700,"",0,5,0,0,1,0,0.962,6.15,7,true,3,0,3,3,0,0,0.000,1.000,"|||||crossing_pass||||||crossing_pass|||||||||camp|crossing_pass||||",false,false,0,0
"Deep - Conservative","Deep","Conservative","DP-ORANGE02",1400,25,"Boss Vote Failed - Game Over","boss_vote_failed",9,1,10,20,4,22900,true,false,2100.0,25,0,0,121.47,9,0,3700,"",0,5,0,0,0,1,1.000,7.20,8,true,3,0,3,3,0,0,0.000,1.000,"|||||crossing_pass||repair||||crossing_pass|||||||||crossing_pass||||",false,false,0,0
"Deep - Conservative","Deep","Conservative","DP-ORANGE02",1401,26,"Boss Vote Failed - Game Over","boss_vote_failed",8,0,10,19,3,23400,true,false,2100.0,25,0,1,121.47,8,0,3700,"",0,0,0,0,0,0,0.962,6.15,7,true,3,0,3,1,2,0,0.000,0.333,"|||||detour||||||detour|||||||||crossing_pass|||||",false,false,0,0
"Deep - Conservative","Deep","Conservative","DP-ORANGE02",1402,26,"Boss Vote Failed - Game Over","boss_vote_failed",8,0,10,16,4,24900,true,false,2100.0,25,0,1,121.47,8,0,3700,"",0,4,0,0,1,0,0.962,6.15,7,true,3,0,3,2,1,0,0.000,0.667,"|||||crossing_pass||||||crossing_pass||||||||detour|||||camp|",false,false,0,0
"Deep - Conservative","Deep","Conservative","DP-ORANGE02",1403,26,"Boss Vote Failed - Game Over","boss_vote_failed",9,0,10,19,4,23800,true,false,2100.0,24,1,1,121.47,9,0,3700,"",0,0,0,0,0,0,0.962,6.92,7,true,3,0,3,3,0,0,0.000,1.000,"|||||crossing_pass||||||crossing_pass|||||||||crossing_pass|||||",false,false,0,0
"Deep - Conservative","Deep","Conservative","DP-ORANGE02",1404,26,"Victory - Boss Defeated","boss.victory",8,0,10,19,3,23100,true,true,2100.0,24,1,1,121.47,8,0,3700,"",0,0,0,0,1,0,0.962,6.15,7,true,3,0,3,3,0,0,0.000,1.000,"||||||crossing_pass|||||crossing_pass||||||||camp||crossing_pass||||",false,false,0,0
"Deep - Conservative","Deep","Conservative","DP-ORANGE02",1405,26,"Boss Vote Failed - Game Over","boss_vote_failed",8,0,10,17,4,23900,true,false,2100.0,25,1,0,116.80,8,0,3700,"",0,0,0,0,1,0,1.000,6.15,7,true,3,0,3,3,0,0,0.000,1.000,"||||||crossing_pass|||||crossing_pass|||||||||camp|crossing_pass||||",false,false,0,0
"Deep - Conservative","Deep","Conservative","DP-ORANGE02",1406,26,"Boss Vote Failed - Game Over","boss_vote_failed",9,0,10,18,4,24400,true,false,2100.0,24,1,1,121.47,9,0,3700,"",0,0,0,0,1,0,0.962,6.92,7,true,3,0,3,3,0,0,0.000,1.000,"|||||crossing_pass||||||crossing_pass|||||||||crossing_pass||camp|||",false,false,0,0
"Deep - Conservative","Deep","Conservative","DP-ORANGE02",1407,26,"Boss Vote Failed - Game Over","boss_vote_failed",9,0,10,18,4,23800,true,false,2100.0,26,0,0,116.80,9,0,3700,"",0,3,0,0,0,0,1.000,6.92,8,true,3,0,3,3,0,0,0.000,1.000,"||||||crossing_pass|||||crossing_pass|||||||||crossing_pass|||||",false,false,0,0
"Deep - Conservative","Deep","Conservative","DP-ORANGE02",1408,25,"Victory - Boss Defeated","boss.victory",9,0,10,20,4,23200,true,true,2100.0,25,0,0,121.47,9,0,3700,"",0,0,0,0,0,0,1.000,7.20,7,true,3,0,3,3,0,0,0.000,1.000,"|||||crossing_pass||||||crossing_pass|||||||||crossing_pass||||",false,false,0,0
"Deep - Conservative","Deep","Conservative","DP-ORANGE02",1409,26,"Boss Vote Failed - Game Over","boss_vote_failed",8,0,10,17,4,25200,true,false,2100.0,25,0,1,121.47,8,0,3700,"",0,0,0,0,1,0,0.962,6.15,7,true,3,0,3,3,0,0,0.000,1.000,"|||||crossing_pass||||||crossing_pass|||||||||crossing_pass;camp|||||",false,false,0,0
"Deep - Conservative","Deep","Conservative","DP-ORANGE02",1410,26,"Boss Vote Failed - Game Over","boss_vote_failed",8,0,10,19,4,24400,true,false,2100.0,24,2,0,116.80,8,0,3700,"tariff_tsunami",2,0,0,0,2,0,1.000,6.15,7,true,3,0,3,2,1,0,0.000,0.667,"||||||crossing_pass|||||detour|camp|||||||camp||crossing_pass||||",false,false,0,0
"Deep - Conservative","Deep","Conservative","DP-ORANGE02",1411,26,"Boss Vote Failed - Game Over","boss_vote_failed",9,2,10,20,4,23700,true,false,2100.0,24,1,1,121.47,9,0,3700,"",0,0,0,0,0,2,0.962,6.92,8,true,3,0,3,2,1,0,0.000,0.667,"|||||detour|repair||||repair||crossing_pass||||||||crossing_pass|||||",false,false,0,0
"Deep - Conservative","Deep","Conservative","DP-ORANGE02",1412,25,"Boss Vote Failed - Game Over","boss_vote_failed",8,0,10,19,4,25700,true,false,2100.0,25,0,0,121.47,8,0,3700,"",0,0,0,0,0,0,1.000,6.40,6,true,3,0,3,3,0,0,0.000,1.000,"||||||crossing_pass|||||crossing_pass|||||||||crossing_pass||||",false,false,0,0
"Deep - Conservative","Deep","Conservative","DP-ORANGE02",1413,26,"Boss Vote Failed - Game Over","boss_vote_failed",8,2,10,17,4,22900,true,false,2100.0,24,1,1,121.47,8,0,3700,"",0,0,0,0,0,2,0.962,6.15,8,true,3,0,3,3,0,0,0.000,1.000,"repair|||||crossing_pass||||||crossing_pass|||||||||crossing_pass;repair|||||",false,false,0,0
"Deep - Conservative","Deep","Conservative","DP-ORANGE02",1414,25,"Victory - Boss Defeated","boss.victory",8,0,10,18,4,24400,true,true,2100.0,25,0,0,121.47,8,0,3700,"",0,4,0,0,0,0,1.000,6.40,7,true,3,0,3,3,0,0,0.000,1.000,"|||||crossing_pass||||||crossing_pass||||||||crossing_pass|||||",false,false,0,0
"Deep - Conservative","Deep","Conservative","DP-ORANGE02",1415,25,"Boss Vote Failed - Game Over","boss_vote_failed",8,0,10,19,4,23900,true,false,2100.0,24,1,0,121.47,8,0,3700,"",0,1,0,0,0,0,1.000,6.40,7,true,3,0,3,2,1,0,0.000,0.667,"|||||crossing_pass||||||detour|||||||||crossing_pass||||",false,false,0,0
"Deep - Conservative","Deep","Conservative","DP-ORANGE02",1416,26,"Victory - Boss Defeated","boss.victory",8,0,10,18,3,23300,true,true,2100.0,25,0,1,121.47,8,0,3700,"",0,7,0,0,0,0,0.962,6.15,7,true,3,0,3,2,1,0,0.000,0.667,"|||||crossing_pass||||||detour|||||||||crossing_pass|||||",false,false,0,0
"Deep - Conservative","Deep","Conservative","DP-ORANGE02",1417,25,"Boss Vote Failed - Game Over","boss_vote_failed",9,0,10,19,4,24300,true,false,2100.0,25,0,0,121.47,9,0,3700,"",0,0,0,0,0,0,1.000,7.20,8,true,3,0,3,3,0,0,0.000,1.000,"||||||crossing_pass|||||crossing_pass|||||||||crossing_pass||||",false,false,0,0
"Deep - Conservative","Deep","Conservative","DP-ORANGE02",1418,26,"Boss Vote Failed - Game Over","boss_vote_failed",9,0,10,18,3,23400,true,false,2100.0,25,0,1,121.47,9,0,3700,"shutdown",1,0,1,0,0,0,0.962,6.92,8,true,3,0,3,2,1,0,0.000,0.667,"||||||crossing_pass|||||crossing_pass|||||||||detour|||||",false,false,0,0
"Deep - Conservative","Deep","Conservative","DP-ORANGE02",1419,26,"Boss Vote Failed - Game Over","boss_vote_failed",8,0,10,18,4,24400,true,false,2100.0,25,0,1,121.47,8,0,3700,"",0,0,0,0,0,0,0.962,6.15,8,true,3,0,3,1,2,0,0.000,0.333,"|||||crossing_pass||||||detour|||||||||detour|||||",false,false,0,0
"Deep - Conservative","Deep","Conservative","DP-ORANGE02",1420,25,"Boss Vote Failed - Game Over","boss_vote_failed",7,1,10,19,4,21100,true,false,2100.0,25,0,0,121.47,7,2600,3700,"",0,6,0,0,0,1,1.000,5.60,7,true,3,0,3,3,0,0,0.000,1.000,"repair||||||crossing_pass|||||crossing_pass|||||||||crossing_pass||||",false,false,0,0
"Deep - Conservative","Deep","Conservative","DP-ORANGE02",1421,26,"Boss Vote Failed - Game Over","boss_vote_failed",9,1,10,19,4,21300,true,false,2100.0,26,0,0,116.80,9,0,3700,"",0,1,0,0,0,1,1.000,6.92,8,true,3,0,3,3,0,0,0.000,1.000,"|||||crossing_pass||||||crossing_pass|||||||repair||crossing_pass|||||",false,false,0,0
"Deep - Conservative","Deep","Conservative","DP-ORANGE02",1422,26,"Boss Vote Failed - Game Over","boss_vote_failed",9,1,10,19,4,22000,true,false,2100.0,26,0,0,116.80,9,2600,3700,"",0,0,0,0,0,1,1.000,6.92,7,true,3,0,3,2,1,0,0.000,0.667,"||||||detour|||||crossing_pass||||||repair||||crossing_pass||||",false,false,0,0
"Deep - Conservative","Deep","Conservative","DP-ORANGE02",1423,25,"Boss Vote Failed - Game Over","boss_vote_failed",10,0,10,20,4,23800,true,false,2100.0,23,2,0,121.47,10,0,3700,"",0,0,0,0,0,0,1.000,8.00,7,true,3,0,3,3,0,0,0.000,1.000,"|||||crossing_pass||||||crossing_pass||||||||crossing_pass|||||",false,false,0,0
"Deep - Conservative","Deep","Conservative","DP-ORANGE02",1424,25,"Boss Vote Failed - Game Over","boss_vote_failed",8,0,10,20,3,24900,true,false,2100.0,24,0,1,126.53,8,0,3700,"",0,0,0,0,0,0,0.960,6.40,7,true,3,0,3,3,0,0,0.000,1.000,"|||||crossing_pass||||||crossing_pass||||||||crossing_pass|||||",false,false,0,0
"Deep - Conservative","Deep","Conservative","DP-ORANGE02",1425,26,"Boss Vote Failed - Game Over","boss_vote_failed",8,1,10,18,4,22200,true,false,2100.0,26,0,0,116.80,8,0,3700,"travel_ban_lite",2,0,0,0,0,1,1.000,6.15,8,true,3,0,3,2,1,0,0.000,0.667,"|||||crossing_pass|||repair|||detour||||||||||crossing_pass||||",false,false,0,0
"Deep - Conservative","Deep","Conservative","DP-ORANGE02",1426,26,"Boss Vote Failed - Game Over","boss_vote_failed",8,1,10,17,4,21800,true,false,2100.0,25,0,1,121.47,8,2900,3700,"",0,0,0,0,1,1,0.962,6.15,7,true,3,0,3,2,1,0,0.000,0.667,"|||||camp|crossing_pass|||||crossing_pass|||repair||||||detour|||||",false,false,0,0
"Deep - Conservative","Deep","Conservative","DP-ORANGE02",1427,25,"Victory - Boss Defeated","boss.victory",8,0,10,18,4,25700,true,true,2100.0,25,0,0,121.47,8,0,3700,"",0,0,0,0,0,0,1.000,6.40,8,true,3,0,3,3,0,0,0.000,1.000,"|||||crossing_pass|||||||crossing_pass||||||||crossing_pass||||",false,false,0,0
"Deep - Conservative","Deep","Conservative","DP-ORANGE02",1428,25,"Victory - Boss Defeated","boss.victory",8,0,10,19,4,24900,true,true,2100.0,25,0,0,121.47,8,0,3700,"",0,0,0,0,0,0,1.000,6.40,7,true,3,0,3,3,0,0,0.000,1.000,"|||||crossing_pass||||||crossing_pass||||||||crossing_pass|||||",false,false,0,0
"Deep - Conservative","Deep","Conservative","DP-ORANGE02",1429,25,"Boss Vote Failed - Game Over","boss_vote_failed",8,0,10,19,4,25400,true,false,2100.0,24,0,1,126.53,8,0,3700,"",0,3,0,0,1,0,0.960,6.40,7,true,3,0,3,3,0,0,0.000,1.000,"|||camp|||crossing_pass|||||crossing_pass|||||||||crossing_pass||||",false,false,0,0
"Deep - Conservative","Deep","Conservative","DP-ORANGE02",1430,25,"Boss Vote Failed - Game Over","boss_vote_failed",7,0,10,19,4,24400,true,false,2100.0,25,0,0,121.47,7,0,3700,"",0,1,0,0,0,0,1.000,5.60,7,true,3,0,3,1,2,0,0.000,0.333,"|||||detour||||||detour|||||||||crossing_pass||||",false,false,0,0
"Deep - Conservative","Deep","Conservative","DP-ORANGE02",1431,25,"Victory - Boss Defeated","boss.victory",7,0,10,18,3,24900,true,true,2100.0,23,1,1,126.53,7,0,3700,"",0,0,0,0,0,0,0.960,5.60,6,true,3,0,3,3,0,0,0.000,1.000,"|||||crossing_pass||||||crossing_pass||||||||crossing_pass|||||",false,false,0,0
"Deep - Conservative","Deep","Conservative","DP-ORANGE02",1432,25,"Boss Vote Failed - Game Over","boss_vote_failed",8,0,10,20,4,24400,true,false,2100.0,25,0,0,121.47,8,0,3700,"tariff_tsunami",1,0,0,0,0,0,1.000,6.40,7,true,3,0,3,3,0,0,0.000,1.000,"|||||crossing_pass||||||crossing_pass|||||||||crossing_pass||||",false,false,0,0
"Deep - Conservative","Deep","Conservative","DP-ORANGE02",1433,26,"Boss Vote Failed - Game Over","boss_vote_failed",9,0,10,19,3,24400,true,false,2100.0,24,1,1,121.47,9,0,3700,"",0,0,1,0,0,0,0.962,6.92,8,true,3,0,3,2,1,0,0.000,0.667,"||||||detour|||||crossing_pass|||||||||crossing_pass|||||",false,false,0,0
"Deep - Conservative","Deep","Conservative","DP-ORANGE02",1434,26,"Boss Vote Failed - Game Over","boss_vote_failed",8,0,10,18,3,23100,true,false,2100.0,25,0,1,121.47,8,0,3700,"",0,0,0,0,0,0,0.962,6.15,8,true,3,0,3,2,1,0,0.000,0.667,"|||||detour||||||crossing_pass|||||||||crossing_pass|||||",false,false,0,0
"Deep - Conservative","Deep","Conservative","DP-ORANGE02",1435,26,"Victory - Boss Defeated","boss.victory",10,0,10,17,4,24400,true,true,2100.0,26,0,0,116.80,10,0,3700,"",0,0,0,0,0,0,1.000,7.69,8,true,3,0,3,2,1,0,0.000,0.667,"||||||crossing_pass||||||crossing_pass||||||||detour|||||",false,false,0,0
"Deep - Conservative","Deep","Conservative","DP-ORANGE02",1436,25,"Boss Vote Failed - Game Over","boss_vote_failed",7,1,10,20,4,24800,true,false,2100.0,24,1,0,121.47,7,0,3700,"",0,0,0,0,0,1,1.000,5.60,6,true,3,0,3,2,1,0,0.000,0.667,"|||||crossing_pass|||||crossing_pass||||repair|||||detour|||||",false,false,0,0
"Deep - Conservative","Deep","Conservative","DP-ORANGE02",1437,26,"Victory - Boss Defeated","boss.victory",9,0,10,20,3,23900,true,true,2100.0,24,1,1,121.47,9,0,3700,"",0,0,0,0,0,0,0.962,6.92,8,true,3,0,3,3,0,0,0.000,1.000,"|||||crossing_pass||||||crossing_pass|||||||||crossing_pass|||||",false,false,0,0
"Deep - Conservative","Deep","Conservative","DP-ORANGE02",1438,26,"Boss Vote Failed - Game Over","boss_vote_failed",9,0,10,18,4,24900,true,false,2100.0,25,0,1,121.47,9,0,3700,"",0,4,0,0,0,0,0.962,6.92,7,true,3,0,3,1,2,0,0.000,0.333,"||||||crossing_pass|||||detour|||||||||detour|||||",false,false,0,0
"Deep - Conservative","Deep","Conservative","DP-ORANGE02",1439,26,"Victory - Boss Defeated","boss.victory",10,1,10,16,4,24700,true,true,2100.0,25,1,0,116.80,10,0,3700,"",0,0,0,0,0,1,1.000,7.69,9,true,3,0,3,3,0,0,0.000,1.000,"|||repair|||crossing_pass|||||crossing_pass||||||||||crossing_pass||||",false,false,0,0
"Deep - Conservative","Deep","Conservative","DP-ORANGE02",1440,25,"Boss Vote Failed - Game Over","boss_vote_failed",7,0,10,19,4,24400,true,false,2100.0,25,0,0,121.47,7,0,3700,"",0,0,0,0,0,0,1.000,5.60,7,true,3,0,3,3,0,0,0.000,1.000,"|||||crossing_pass||||||crossing_pass||||||||crossing_pass|||||",false,false,0,0
"Deep - Conservative","Deep","Conservative","DP-ORANGE02",1441,26,"Boss Vote Failed - Game Over","boss_vote_failed",9,0,10,17,4,23800,true,false,2100.0,24,2,0,116.80,9,0,3700,"",0,5,0,0,1,0,1.000,6.92,7,true,3,0,3,3,0,0,0.000,1.000,"|||||crossing_pass||||||crossing_pass||||||camp|||crossing_pass|||||",false,false,0,0
"Deep - Conservative","Deep","Conservative","DP-ORANGE02",1442,26,"Boss Vote Failed - Game Over","boss_vote_failed",8,1,10,18,3,21800,true,false,2100.0,25,0,1,121.47,8,2600,3700,"",0,0,0,0,0,1,0.962,6.15,7,true,3,0,3,3,0,0,0.000,1.000,"|||||crossing_pass|||repair|||crossing_pass|||||||||crossing_pass|||||",false,false,0,0
"Deep - Conservative","Deep","Conservative","DP-ORANGE02",1443,25,"Victory - Boss Defeated","boss.victory",9,0,10,20,4,24400,true,true,2100.0,25,0,0,121.47,9,0,3700,"",0,6,0,0,1,0,1.000,7.20,8,true,3,0,3,2,1,0,0.000,0.667,"|||||crossing_pass||||||detour|||||||camp||crossing_pass||||",false,false,0,0
"Deep - Conservative","Deep","Conservative","DP-ORANGE02",1444,25,"Boss Vote Failed - Game Over","boss_vote_failed",7,0,10,18,3,24900,true,false,2100.0,24,0,1,126.53,7,0,3700,"tariff_tsunami",2,0,0,0,0,0,0.960,5.60,7,true,3,0,3,3,0,0,0.000,1.000,"|||||crossing_pass||||||crossing_pass|||||||||crossing_pass||||",false,false,0,0
"Deep - Conservative","Deep","Conservative","DP-ORANGE02",1445,26,"Boss Vote Failed - Game Over","boss_vote_failed",8,0,10,19,3,24600,true,false,2100.0,23,2,1,121.47,8,0,3700,"",0,0,0,0,0,0,0.962,6.15,7,true,3,0,3,2,1,0,0.000,0.667,"|||||crossing_pass||||||detour|||||||||crossing_pass|||||",false,false,0,0
"Deep - Conservative","Deep","Conservative","DP-ORANGE02",1446,26,"Victory - Boss Defeated","boss.victory",8,1,10,17,4,22300,true,true,2100.0,26,0,0,116.80,8,2900,3700,"",0,0,0,0,1,1,1.000,6.15,7,true,3,0,3,2,1,0,0.000,0.667,"|||||crossing_pass||||||crossing_pass|||||repair||||detour|camp||||",false,false,0,0
"Deep - Conservative","Deep","Conservative","DP-ORANGE02",1447,26,"Boss Vote Failed - Game Over","boss_vote_failed",8,0,10,17,4,24400,true,false,2100.0,26,0,0,116.80,8,0,3700,"",0,1,0,0,1,0,1.000,6.15,8,true,3,0,3,3,0,0,0.000,1.000,"|||||crossing_pass||||||crossing_pass||||camp|||||crossing_pass|||||",false,false,0,0
"Deep - Conservative","Deep","Conservative","DP-ORANGE02",1448,25,"Boss Vote Failed - Game Over","boss_vote_failed",9,0,10,19,4,24300,true,false,2100.0,25,0,0,121.47,9,0,3700,"",0,0,0,0,0,0,1.000,7.20,8,true,3,0,3,3,0,0,0.000,1.000,"|||||crossing_pass||||||crossing_pass|||||||||crossing_pass||||",false,false,0,0
"Deep - Conservative","Deep","Conservative","DP-ORANGE02",1449,26,"Boss Vote Failed - Game Over","boss_vote_failed",9,0,10,20,3,23400,true,false,2100.0,24,1,1,121.47,9,0,3700,"",0,0,0,0,0,0,0.962,6.92,8,true,3,0,3,3,0,0,0.000,1.000,"||||||crossing_pass||||||crossing_pass||||||||crossing_pass|||||",false,false,0,0
"Deep - Conservative","Deep","Conservative","DP-ORANGE02",1450,26,"Victory - Boss Defeated","boss.victory",9,0,10,18,4,22600,true,true,2100.0,25,1,0,116.80,9,0,3700,"",0,2,0,0,0,0,1.000,6.92,7,true,3,0,3,2,1,0,0.000,0.667,"||||||detour||||||crossing_pass|||||||||crossing_pass||||",false,false,0,0
"Deep - Conservative","Deep","Conservative","DP-ORANGE02",1451,25,"Boss Vote Failed - Game Over","boss_vote_failed",8,0,10,19,4,24300,true,false,2100.0,25,0,0,121.47,8,0,3700,"",0,0,0,0,0,0,1.000,6.40,7,true,3,0,3,3,0,0,0.000,1.000,"|||||crossing_pass||||||crossing_pass||||||||crossing_pass|||||",false,false,0,0
"Deep - Conservative","Deep","Conservative","DP-ORANGE02",1452,25,"Boss Vote Failed - Game Over","boss_vote_failed",8,1,10,20,4,21500,true,false,2100.0,24,0,1,126.53,8,2900,3700,"",0,0,0,1,2,1,0.960,6.40,7,true,3,0,3,3,0,0,0.000,1.000,"|||camp|||crossing_pass|||||crossing_pass||||||camp|||repair;crossing_pass||||",false,false,0,0
"Deep - Conservative","Deep","Conservative","DP-ORANGE02",1453,25,"Boss Vote Failed - Game Over","boss_vote_failed",7,0,10,20,3,24900,true,false,2100.0,24,0,1,126.53,7,0,3700,"",0,0,0,0,0,0,0.960,5.60,7,true,3,0,3,3,0,0,0.000,1.000,"|||||crossing_pass||||||crossing_pass||||||||crossing_pass|||||",false,false,0,0
"Deep - Conservative","Deep","Conservative","DP-ORANGE02",1454,26,"Boss Vote Failed - Game Over","boss_vote_failed",9,0,10,19,4,24300,true,false,2100.0,24,1,1,121.47,9,0,3700,"",0,8,0,0,0,0,0.962,6.92,7,true,3,0,3,2,1,0,0.000,0.667,"||||||crossing_pass|||||crossing_pass|||||||||detour|||||",false,false,0,0
"Deep - Conservative","Deep","Conservative","DP-ORANGE02",1455,25,"Boss Vote Failed - Game Over","boss_vote_failed",8,0,10,19,4,24900,true,false,2100.0,25,0,0,121.47,8,0,3700,"",0,0,0,0,0,0,1.000,6.40,7,true,3,0,3,3,0,0,0.000,1.000,"|||||crossing_pass||||||crossing_pass||||||||crossing_pass|||||",false,false,0,0
"Deep - Conservative","Deep","Conservative","DP-ORANGE02",1456,27,"Victory - Boss Defeated","boss.victory",8,0,10,17,4,23400,true,true,2100.0,27,0,0,112.47,8,0,3700,"",0,0,0,0,1,0,1.000,5.93,7,true,3,0,3,2,1,0,0.000,0.667,"||||||detour||||||crossing_pass||camp||||||||crossing_pass||||",false,false,0,0
"Deep - Conservative","Deep","Conservative","DP-ORANGE02",1457,26,"Victory - Boss Defeated","boss.victory",10,1,10,19,4,25700,true,true,2100.0,25,0,1,121.47,10,0,3700,"",0,0,0,0,0,1,0.962,7.69,8,true,3,0,3,3,0,0,0.000,1.000,"|||||crossing_pass||||||crossing_pass|||||||repair||crossing_pass|||||",false,false,0,0
"Deep - Conservative","Deep","Conservative","DP-ORANGE02",1458,25,"Boss Vote Failed - Game Over","boss_vote_failed",8,0,10,19,4,24700,true,false,2100.0,25,0,0,121.47,8,0,3700,"",0,0,0,0,0,0,1.000,6.40,8,true,3,0,3,3,0,0,0.000,1.000,"||||||crossing_pass|||||crossing_pass|||||||||crossing_pass||||",false,false,0,0
"Deep - Conservative","Deep","Conservative","DP-ORANGE02",1459,26,"Victory - Boss Defeated","boss.victory",9,0,10,18,4,23900,true,true,2100.0,26,0,0,116.80,9,0,3700,"",0,2,0,0,1,0,1.000,6.92,8,true,3,0,3,3,0,0,0.000,1.000,"||||||crossing_pass;camp||||||crossing_pass||||||||crossing_pass|||||",false,false,0,0
"Deep - Conservative","Deep","Conservative","DP-ORANGE02",1460,25,"Boss Vote Failed - Game Over","boss_vote_failed",8,0,10,19,4,23900,true,false,2100.0,25,0,0,121.47,8,0,3700,"",0,0,0,0,0,0,1.000,6.40,7,true,3,0,3,3,0,0,0.000,1.000,"|||||crossing_pass||||||crossing_pass|||||||||crossing_pass||||",false,false,0,0
"Deep - Conservative","Deep","Conservative","DP-ORANGE02",1461,25,"Boss Vote Failed - Game Over","boss_vote_failed",9,0,10,19,4,24600,true,false,2100.0,25,0,0,121.47,9,0,3700,"",0,2,0,0,0,0,1.000,7.20,8,true,3,0,3,3,0,0,0.000,1.000,"|||||crossing_pass||||||crossing_pass|||||||||crossing_pass||||",false,false,0,0
"Deep - Conservative","Deep","Conservative","DP-ORANGE02",1462,26,"Boss Vote Failed - Game Over","boss_vote_failed",8,0,10,19,4,24900,true,false,2100.0,25,0,1,121.47,8,0,3700,"",0,1,0,0,0,0,0.962,6.15,8,true,3,0,3,1,2,0,0.000,0.333,"|||||detour||||||detour|||||||||crossing_pass|||||",false,false,0,0
"Deep - Conservative","Deep","Conservative","DP-ORANGE02",1463,25,"Boss Vote Failed - Game Over","boss_vote_failed",7,0,10,19,4,23800,true,false,2100.0,24,1,0,121.47,7,0,3700,"",0,3,0,0,0,0,1.000,5.60,6,true,3,0,3,3,0,0,0.000,1.000,"|||||crossing_pass||||||crossing_pass|||||||||crossing_pass||||",false,false,0,0
"Deep - Conservative","Deep","Conservative","DP-ORANGE02",1464,25,"Victory - Boss Defeated","boss.victory",9,0,10,17,4,23200,true,true,2100.0,25,0,0,121.47,9,0,3700,"",0,0,0,0,0,0,1.000,7.20,9,true,3,0,3,3,0,0,0.000,1.000,"|||||crossing_pass||||||crossing_pass|||||||||crossing_pass||||",false,false,0,0
"Deep - Conservative","Deep","Conservative","DP-ORANGE02",1465,26,"Boss Vote Failed - Game Over","boss_vote_failed",8,0,10,17,4,24700,true,false,2100.0,25,0,1,121.47,8,0,3700,"",0,2,0,0,0,0,0.962,6.15,7,true,3,0,3,2,1,0,0.000,0.667,"|||||crossing_pass||||||crossing_pass|||||||||detour|||||",false,false,0,0
"Deep - Conservative","Deep","Conservative","DP-ORANGE02",1466,25,"Boss Vote Failed - Game Over","boss_vote_failed",8,0,10,18,4,24900,true,false,2100.0,25,0,0,121.47,8,0,3700,"",0,0,0,0,0,0,1.000,6.40,7,true,3,0,3,3,0,0,0.000,1.000,"|||||crossing_pass||||||crossing_pass||||||||crossing_pass|||||",false,false,0,0
"Deep - Conservative","Deep","Conservative","DP-ORANGE02",1467,25,"Boss Vote Failed - Game Over","boss_vote_failed",10,0,10,18,4,23700,true,false,2100.0,25,0,0,121.47,10,0,3700,"",0,2,0,0,0,0,1.000,8.00,9,true,3,0,3,3,0,0,0.000,1.000,"||||||crossing_pass|||||crossing_pass|||||||||crossing_pass||||",false,false,0,0
"Deep - Conservative","Deep","Conservative","DP-ORANGE02",1468,25,"Boss Vote Failed - Game Over","boss_vote_failed",8,0,10,17,4,25000,true,false,2100.0,25,0,0,121.47,8,0,3700,"",0,0,0,0,0,0,1.000,6.40,8,true,3,0,3,3,0,0,0.000,1.000,"|||||crossing_pass||||||crossing_pass||||||||crossing_pass|||||",false,false,0,0
"Deep - Conservative","Deep","Conservative","DP-ORANGE02",1469,26,"Boss Vote Failed - Game Over","boss_vote_failed",9,1,10,19,4,21300,true,false,2100.0,24,1,1,121.47,9,2600,3700,"",0,8,0,0,0,1,0.962,6.92,8,true,3,0,3,3,0,0,0.000,1.000,"||||repair||crossing_pass|||||crossing_pass|||||||||crossing_pass|||||",false,false,0,0
"Deep - Conservative","Deep","Conservative","DP-ORANGE02",1470,25,"Boss Vote Failed - Game Over","boss_vote_failed",8,0,10,20,4,24300,true,false,2100.0,25,0,0,121.47,8,0,3700,"",0,0,0,0,0,0,1.000,6.40,7,true,3,0,3,2,1,0,0.000,0.667,"|||||crossing_pass||||||crossing_pass||||||||detour|||||",false,false,0,0
"Deep - Conservative","Deep","Conservative","DP-ORANGE02",1471,25,"Boss Vote Failed - Game Over","boss_vote_failed",8,0,10,19,4,24900,true,false,2100.0,24,1,0,121.47,8,0,3700,"",0,3,0,0,0,0,1.000,6.40,7,true,3,0,3,3,0,0,0.000,1.000,"|||||crossing_pass||||||crossing_pass|||||||||crossing_pass||||",false,false,0,0
"Deep - Conservative","Deep","Conservative","DP-ORANGE02",1472,25,"Boss Vote Failed - Game Over","boss_vote_failed",9,0,10,18,4,24900,true,false,2100.0,24,1,0,121.47,9,0,3700,"",0,0,0,1,0,0,1.000,7.20,7,true,3,0,3,3,0,0,0.000,1.000,"|||||crossing_pass||||||crossing_pass|||||||||crossing_pass||||",false,false,0,0
"Deep - Conservative","Deep","Conservative","DP-ORANGE02",1473,26,"Victory - Boss Defeated","boss.victory",8,0,10,17,4,25200,true,true,2100.0,25,0,1,121.47,8,0,3700,"",0,7,1,0,1,0,0.962,6.15,7,true,3,0,3,2,1,0,0.000,0.667,"|||||crossing_pass||||||detour||||camp|||||crossing_pass|||||",false,false,0,0
"Deep - Conservative","Deep","Conservative","DP-ORANGE02",1474,25,"Boss Vote Failed - Game Over","boss_vote_failed",8,1,10,18,4,21700,true,false,2100.0,25,0,0,121.47,8,2900,3700,"",0,2,0,0,0,1,1.000,6.40,8,true,3,0,3,3,0,0,0.000,1.000,"|||||crossing_pass||||||crossing_pass|||||||repair||crossing_pass||||",false,false,0,0
"Deep - Conservative","Deep","Conservative","DP-ORANGE02",1475,25,"Boss Vote Failed - Game Over","boss_vote_failed",8,0,10,19,4,23900,true,false,2100.0,25,0,0,121.47,8,0,3700,"",0,0,0,0,0,0,1.000,6.40,8,true,3,0,3,3,0,0,0.000,1.000,"|||||crossing_pass||||||crossing_pass|||||||||crossing_pass||||",false,false,0,0
"Deep - Conservative","Deep","Conservative","DP-ORANGE02",1476,26,"Victory - Boss Defeated","boss.victory",8,0,10,19,4,23900,true,true,2100.0,25,0,1,121.47,8,0,3700,"",0,0,0,0,0,0,0.962,6.15,6,true,3,0,3,2,1,0,0.000,0.667,"||||||crossing_pass|||||crossing_pass|||||||||detour|||||",false,false,0,0
"Deep - Conservative","Deep","Conservative","DP-ORANGE02",1477,26,"Boss Vote Failed - Game Over","boss_vote_failed",8,0,10,19,4,23900,true,false,2100.0,25,0,1,121.47,8,0,3700,"",0,0,0,0,0,0,0.962,6.15,7,true,3,0,3,2,1,0,0.000,0.667,"|||||crossing_pass||||||detour|||||||||crossing_pass|||||",false,false,0,0
"Deep - Conservative","Deep","Conservative","DP-ORANGE02",1478,27,"Victory - Boss Defeated","boss.victory",8,0,10,19,4,23200,true,true,2100.0,26,0,1,116.80,8,0,3700,"",0,7,0,0,1,0,0.963,5.93,8,true,3,0,3,3,0,0,0.000,1.000,"|||||crossing_pass||||||crossing_pass|||||||||crossing_pass||||camp||",false,false,0,0
"Deep - Conservative","Deep","Conservative","DP-ORANGE02",1479,26,"Victory - Boss Defeated","boss.victory",7,0,10,18,4,24900,true,true,2100.0,25,0,1,121.47,7,0,3700,"",0,0,0,0,0,0,0.962,5.38,6,true,3,0,3,1,2,0,0.000,0.333,"|||||crossing_pass||||||detour|||||||||detour|||||",false,false,0,0
"Deep - Conservative","Deep","Conservative","DP-ORANGE02",1480,25,"Victory - Boss Defeated","boss.victory",7,0,10,16,4,23800,true,true,2100.0,25,0,0,121.47,7,0,3700,"",0,0,0,0,0,0,1.000,5.60,7,true,3,0,3,3,0,0,0.000,1.000,"|||||crossing_pass||||||crossing_pass|||||||||crossing_pass||||",false,false,0,0
"Deep - Conservative","Deep","Conservative","DP-ORANGE02",1481,26,"Victory - Boss Defeated","boss.victory",9,0,10,20,4,23900,true,true,2100.0,24,1,1,121.47,9,0,3700,"",0,0,0,0,1,0,0.962,6.92,7,true,3,0,3,3,0,0,0.000,1.000,"|||||crossing_pass||||||crossing_pass|||||||||crossing_pass||camp|||",false,false,0,0
"Deep - Conservative","Deep","Conservative","DP-ORANGE02",1482,25,"Victory - Boss Defeated","boss.victory",8,0,10,18,4,23700,true,true,2100.0,25,0,0,121.47,8,0,3700,"",0,0,0,0,1,0,1.000,6.40,8,true,3,0,3,3,0,0,0.000,1.000,"|||||crossing_pass||||||crossing_pass||||||camp|||crossing_pass||||",false,false,0,0
"Deep - Conservative","Deep","Conservative","DP-ORANGE02",1483,25,"Boss Vote Failed - Game Over","boss_vote_failed",8,0,10,20,4,24300,true,false,2100.0,25,0,0,121.47,8,0,3700,"",0,0,0,0,0,0,1.000,6.40,7,true,3,0,3,3,0,0,0.000,1.000,"|||||crossing_pass||||||crossing_pass|||||||||crossing_pass||||",false,false,0,0
"Deep - Conservative","Deep","Conservative","DP-ORANGE02",1484,25,"Boss Vote Failed - Game Over","boss_vote_failed",7,0,10,20,4,23900,true,false,2100.0,25,0,0,121.47,7,0,3700,"",0,0,0,0,0,0,1.000,5.60,7,true,3,0,3,3,0,0,0.000,1.000,"|||||crossing_pass||||||crossing_pass|||||||||crossing_pass||||",false,false,0,0
"Deep - Conservative","Deep","Conservative","DP-ORANGE02",1485,25,"Boss Vote Failed - Game Over","boss_vote_failed",7,0,10,19,4,24500,true,false,2100.0,25,0,0,121.47,7,0,3700,"tariff_tsunami",2,0,0,0,0,0,1.000,5.60,7,true,3,0,3,3,0,0,0.000,1.000,"|||||crossing_pass||||||crossing_pass|||||||||crossing_pass||||",false,false,0,0
"Deep - Conservative","Deep","Conservative","DP-ORANGE02",1486,25,"Boss Vote Failed - Game Over","boss_vote_failed",9,0,10,19,4,24400,true,false,2100.0,25,0,0,121.47,9,0,3700,"",0,1,0,0,0,0,1.000,7.20,7,true,3,0,3,3,0,0,0.000,1.000,"|||||crossing_pass||||||crossing_pass|||||||||crossing_pass||||",false,false,0,0
"Deep - Conservative","Deep","Conservative","DP-ORANGE02",1487,26,"Victory - Boss Defeated","boss.victory",8,0,10,18,4,23900,true,true,2100.0,24,1,1,121.47,8,0,3700,"",0,0,0,0,1,0,0.962,6.15,7,true,3,0,3,2,1,0,0.000,0.667,"||||||crossing_pass|||||detour|||||||||crossing_pass||||camp|",false,false,0,0
"Deep - Conservative","Deep","Conservative","DP-ORANGE02",1488,25,"Boss Vote Failed - Game Over","boss_vote_failed",8,0,10,18,4,24700,true,false,2100.0,25,0,0,121.47,8,0,3700,"",0,0,0,0,0,0,1.000,6.40,7,true,3,0,3,3,0,0,0.000,1.000,"|||||crossing_pass||||||crossing_pass|||||||||crossing_pass||||",false,false,0,0
"Deep - Conservative","Deep","Conservative","DP-ORANGE02",1489,26,"Boss Vote Failed - Game Over","boss_vote_failed",9,0,10,15,4,23800,true,false,2100.0,25,0,1,121.47,9,0,3700,"",0,0,0,0,1,0,0.962,6.92,9,true,3,0,3,2,1,0,0.000,0.667,"||||||crossing_pass|||||detour|||||||||crossing_pass||||camp|",false,false,0,0
"Deep - Conservative","Deep","Conservative","DP-ORANGE02",1490,25,"Boss Vote Failed - Game Over","boss_vote_failed",9,0,10,19,4,23200,true,false,2100.0,25,0,0,121.47,9,0,3700,"",0,0,0,0,0,0,1.000,7.20,8,true,3,0,3,3,0,0,0.000,1.000,"|||||crossing_pass||||||crossing_pass||||||||crossing_pass|||||",false,false,0,0
"Deep - Conservative","Deep","Conservative","DP-ORANGE02",1491,25,"Victory - Boss Defeated","boss.victory",8,0,10,18,4,25400,true,true,2100.0,24,1,0,121.47,8,0,3700,"",0,1,0,0,0,0,1.000,6.40,8,true,3,0,3,2,1,0,0.000,0.667,"|||||crossing_pass||||||crossing_pass||||||||detour|||||",false,false,0,0
"Deep - Conservative","Deep","Conservative","DP-ORANGE02",1492,26,"Boss Vote Failed - Game Over","boss_vote_failed",8,0,10,17,4,23400,true,false,2100.0,25,0,1,121.47,8,0,3700,"",0,0,0,0,1,0,0.962,6.15,8,true,3,0,3,3,0,0,0.000,1.000,"|||||crossing_pass||||||crossing_pass|||||||||crossing_pass||||camp|",false,false,0,0
"Deep - Conservative","Deep","Conservative","DP-ORANGE02",1493,26,"Victory - Boss Defeated","boss.victory",11,1,10,19,4,21000,true,true,2100.0,25,1,0,116.80,11,2900,3700,"",0,0,0,0,0,1,1.000,8.46,9,true,3,0,3,3,0,0,0.000,1.000,"||||repair||crossing_pass||||||crossing_pass|||||||||crossing_pass||||",false,false,0,0
"Deep - Conservative","Deep","Conservative","DP-ORANGE02",1494,25,"Boss Vote Failed - Game Over","boss_vote_failed",8,0,10,19,4,24400,true,false,2100.0,25,0,0,121.47,8,0,3700,"",0,0,0,0,0,0,1.000,6.40,7,true,3,0,3,2,1,0,0.000,0.667,"|||||crossing_pass||||||detour|||||||||crossing_pass||||",false,false,0,0
"Deep - Conservative","Deep","Conservative","DP-ORANGE02",1495,25,"Boss Vote Failed - Game Over","boss_vote_failed",9,0,10,18,4,23200,true,false,2100.0,24,1,0,121.47,9,0,3700,"",0,5,0,0,0,0,1.000,7.20,8,true,3,0,3,3,0,0,0.000,1.000,"|||||crossing_pass||||||crossing_pass|||||||||crossing_pass||||",false,false,0,0
"Deep - Conservative","Deep","Conservative","DP-ORANGE02",1496,26,"Boss Vote Failed - Game Over","boss_vote_failed",8,0,10,18,4,23600,true,false,2100.0,24,0,2,126.53,8,0,3700,"",0,0,0,0,1,0,0.923,6.15,7,true,3,0,3,2,1,0,0.000,0.667,"|||||detour||||||crossing_pass||||||camp|||crossing_pass|||||",false,false,0,0
"Deep - Conservative","Deep","Conservative","DP-ORANGE02",1497,26,"Boss Vote Failed - Game Over","boss_vote_failed",9,2,10,20,4,19300,true,false,2100.0,25,1,0,116.80,9,2600,3700,"",0,0,0,0,1,2,1.000,6.92,8,true,3,0,3,3,0,0,0.000,1.000,"||||repair||crossing_pass;repair||||||crossing_pass|||||||camp||crossing_pass||||",false,false,0,0
"Deep - Conservative","Deep","Conservative","DP-ORANGE02",1498,26,"Boss Vote Failed - Game Over","boss_vote_failed",9,0,10,19,3,24400,true,false,2100.0,23,2,1,121.47,9,0,3700,"",0,4,0,0,1,0,0.962,6.92,8,true,3,0,3,3,0,0,0.000,1.000,"|||||crossing_pass||||||crossing_pass|||||||||crossing_pass|camp||||",false,false,0,0
"Deep - Conservative","Deep","Conservative","DP-ORANGE02",1499,26,"Boss Vote Failed - Game Over","boss_vote_failed",7,0,10,20,3,22900,true,false,2100.0,23,1,2,126.53,7,0,3700,"",0,0,0,0,1,0,0.923,5.38,5,true,3,0,3,3,0,0,0.000,1.000,"|||||crossing_pass||||||crossing_pass|||||camp||||crossing_pass|||||",false,false,0,0
"Deep - Conservative","Deep","Conservative","DP-ORANGE02",1500,26,"Boss Vote Failed - Game Over","boss_vote_failed",9,0,10,19,3,25200,true,false,2100.0,25,0,1,121.47,9,0,3700,"",0,0,0,0,0,0,0.962,6.92,6,true,3,0,3,1,2,0,0.000,0.333,"|||||detour||||||detour|||||||||crossing_pass|||||",false,false,0,0
"Deep - Conservative","Deep","Conservative","DP-ORANGE02",1501,25,"Boss Vote Failed - Game Over","boss_vote_failed",10,0,10,19,4,23800,true,false,2100.0,25,0,0,121.47,10,0,3700,"",0,4,0,0,0,0,1.000,8.00,8,true,3,0,3,3,0,0,0.000,1.000,"|||||crossing_pass||||||crossing_pass|||||||||crossing_pass||||",false,false,0,0
"Deep - Conservative","Deep","Conservative","DP-ORANGE02",1502,26,"Boss Vote Failed - Game Over","boss_vote_failed",8,1,10,17,4,25200,true,false,2100.0,25,0,1,121.47,8,0,3700,"",0,4,0,0,0,1,0.962,6.15,7,true,3,0,3,3,0,0,0.000,1.000,"||||repair|crossing_pass||||||crossing_pass|||||||||crossing_pass|||||",false,false,0,0
"Deep - Conservative","Deep","Conservative","DP-ORANGE02",1503,25,"Boss Vote Failed - Game Over","boss_vote_failed",8,0,10,19,4,24400,true,false,2100.0,24,1,0,121.47,8,0,3700,"",0,0,0,0,0,0,1.000,6.40,7,true,3,0,3,3,0,0,0.000,1.000,"|||||crossing_pass||||||crossing_pass|||||||||crossing_pass||||",false,false,0,0
"Deep - Conservative","Deep","Conservative","DP-ORANGE02",1504,25,"Boss Vote Failed - Game Over","boss_vote_failed",9,0,10,19,4,24900,true,false,2100.0,22,3,0,121.47,9,0,3700,"travel_ban_lite",1,0,0,0,0,0,1.000,7.20,7,true,3,0,3,2,1,0,0.000,0.667,"|||||detour||||||crossing_pass|||||||||crossing_pass||||",false,false,0,0
"Deep - Conservative","Deep","Conservative","DP-ORANGE02",1505,25,"Boss Vote Failed - Game Over","boss_vote_failed",10,0,10,20,4,24900,true,false,2100.0,25,0,0,121.47,10,0,3700,"",0,5,0,0,0,0,1.000,8.00,7,true,3,0,3,3,0,0,0.000,1.000,"||||||crossing_pass|||||crossing_pass|||||||||crossing_pass||||",false,false,0,0
"Deep - Conservative","Deep","Conservative","DP-ORANGE02",1506,26,"Boss Vote Failed - Game Over","boss_vote_failed",9,0,10,18,4,24300,true,false,2100.0,25,0,1,121.47,9,0,3700,"",0,5,0,0,0,0,0.962,6.92,7,true,3,0,3,3,0,0,0.000,1.000,"|||||crossing_pass||||||crossing_pass|||||||||crossing_pass|||||",false,false,0,0
"Deep - Conservative","Deep","Conservative","DP-ORANGE02",1507,25,"Boss Vote Failed - Game Over","boss_vote_failed",8,0,10,20,4,24400,true,false,2100.0,24,1,0,121.47,8,0,3700,"",0,0,0,0,0,0,1.000,6.40,7,true,3,0,3,3,0,0,0.000,1.000,"||||||crossing_pass|||||crossing_pass|||||||||crossing_pass||||",false,false,0,0
"Deep - Conservative","Deep","Conservative","DP-ORANGE02",1508,25,"Boss Vote Failed - Game Over","boss_vote_failed",8,0,10,19,4,24900,true,false,2100.0,24,1,0,121.47,8,0,3700,"",0,0,0,0,0,0,1.000,6.40,7,true,3,0,3,3,0,0,0.000,1.000,"|||||crossing_pass||||||crossing_pass|||||||||crossing_pass||||",false,false,0,0
"Deep - Conservative","Deep","Conservative","DP-ORANGE02",1509,27,"Victory - Boss Defeated","boss.victory",10,0,10,20,4,24700,true,true,2100.0,25,0,2,121.47,10,0,3700,"",0,4,0,0,1,0,0.926,7.41,8,true,3,0,3,2,1,0,0.000,0.667,"||camp||||crossing_pass||||||crossing_pass|||||||||detour|||||",false,false,0,0
"Deep - Conservative","Deep","Conservative","DP-ORANGE02",1510,25,"Boss Vote Failed - Game Over","boss_vote_failed",8,0,10,19,4,23200,true,false,2100.0,25,0,0,121.47,8,0,3700,"",0,0,0,0,0,0,1.000,6.40,8,true,3,0,3,2,1,0,0.000,0.667,"|||||crossing_pass||||||crossing_pass|||||||||detour||||",false,false,0,0
"Deep - Conservative","Deep","Conservative","DP-ORANGE02",1511,25,"Victory - Boss Defeated","boss.victory",9,0,10,20,4,25200,true,true,2100.0,25,0,0,121.47,9,0,3700,"",0,0,0,0,0,0,1.000,7.20,6,true,3,0,3,3,0,0,0.000,1.000,"|||||crossing_pass||||||crossing_pass|||||||||crossing_pass||||",false,false,0,0
"Deep - Conservative","Deep","Conservative","DP-ORANGE02",1512,26,"Boss Vote Failed - Game Over","boss_vote_failed",9,0,10,19,4,24400,true,false,2100.0,24,1,1,121.47,9,0,3700,"",0,0,0,0,0,0,0.962,6.92,8,true,3,0,3,3,0,0,0.000,1.000,"||||||crossing_pass|||||crossing_pass|||||||||crossing_pass|||||",false,false,0,0
"Deep - Conservative","Deep","Conservative","DP-ORANGE02",1513,26,"Boss Vote Failed - Game Over","boss_vote_failed",8,0,10,20,3,23200,true,false,2100.0,24,1,1,121.47,8,0,3700,"",0,0,0,0,1,0,0.962,6.15,7,true,3,0,3,3,0,0,0.000,1.000,"|||||crossing_pass||||||crossing_pass|||||||||crossing_pass|camp||||",false,false,0,0
"Deep - Conservative","Deep","Conservative","DP-ORANGE02",1514,26,"Boss Vote Failed - Game Over","boss_vote_failed",9,0,10,18,3,24400,true,false,2100.0,24,1,1,121.47,9,0,3700,"",0,0,0,0,0,0,0.962,6.92,8,true,3,0,3,3,0,0,0.000,1.000,"||||||crossing_pass|||||crossing_pass|||||||||crossing_pass|||||",false,false,0,0
"Deep - Conservative","Deep","Conservative","DP-ORANGE02",1515,25,"Boss Vote Failed - Game Over","boss_vote_failed",9,0,10,18,4,24800,true,false,2100.0,25,0,0,121.47,9,0,3700,"",0,0,0,0,0,0,1.000,7.20,6,true,3,0,3,3,0,0,0.000,1.000,"|||||crossing_pass||||||crossing_pass|||||||||crossing_pass||||",false,false,0,0
"Deep - Conservative","Deep","Conservative","DP-ORANGE02",1516,26,"Victory - Boss Defeated","boss.victory",8,0,10,17,4,23800,true,true,2100.0,26,0,0,116.80,8,0,3700,"",0,3,0,0,1,0,1.000,6.15,8,true,3,0,3,3,0,0,0.000,1.000,"|||camp|||crossing_pass|||||crossing_pass|||||||||crossing_pass|||||",false,false,0,0
"Deep - Conservative","Deep","Conservative","DP-ORANGE02",1517,26,"Boss Vote Failed - Game Over","boss_vote_failed",8,0,10,17,4,24900,true,false,2100.0,24,0,2,126.53,8,0,3700,"",0,0,0,0,1,0,0.923,6.15,7,true,3,0,3,3,0,0,0.000,1.000,"||camp||||crossing_pass||||||crossing_pass||||||||crossing_pass|||||",false,false,0,0
"Deep - Conservative","Deep","Conservative","DP-ORANGE02",1518,26,"Boss Vote Failed - Game Over","boss_vote_failed",7,1,10,19,4,20900,true,false,2100.0,25,0,1,121.47,7,2900,3700,"",0,0,0,1,1,1,0.962,5.38,6,true,3,0,3,3,0,0,0.000,1.000,"|||||crossing_pass||||||repair;crossing_pass||||||||camp||crossing_pass||||",false,false,0,0
"Deep - Conservative","Deep","Conservative","DP-ORANGE02",1519,26,"Boss Vote Failed - Game Over","boss_vote_failed",9,0,10,19,3,23900,true,false,2100.0,25,0,1,121.47,9,0,3700,"",0,0,0,0,1,0,0.962,6.92,8,true,3,0,3,2,1,0,0.000,0.667,"|||||detour||||||crossing_pass||||||camp|||crossing_pass|||||",false,false,0,0
"Deep - Conservative","Deep","Conservative","DP-ORANGE02",1520,25,"Boss Vote Failed - Game Over","boss_vote_failed",9,0,10,19,4,24400,true,false,2100.0,22,3,0,121.47,9,0,3700,"",0,0,0,0,0,0,1.000,7.20,7,true,3,0,3,3,0,0,0.000,1.000,"|||||crossing_pass||||||crossing_pass|||||||||crossing_pass||||",false,false,0,0
"Deep - Conservative","Deep","Conservative","DP-ORANGE02",1521,25,"Victory - Boss Defeated","boss.victory",8,0,10,20,4,24400,true,true,2100.0,25,0,0,121.47,8,0,3700,"",0,0,0,0,0,0,1.000,6.40,7,true,3,0,3,3,0,0,0.000,1.000,"|||||crossing_pass||||||crossing_pass|||||||||crossing_pass||||",false,false,0,0
"Deep - Conservative","Deep","Conservative","DP-ORANGE02",1522,25,"Boss Vote Failed - Game Over","boss_vote_failed",7,0,10,17,4,24400,true,false,2100.0,25,0,0,121.47,7,0,3700,"",0,0,1,0,0,0,1.000,5.60,6,true,3,0,3,3,0,0,0.000,1.000,"|||||crossing_pass||||||crossing_pass||||||||crossing_pass|||||",false,false,0,0
"Deep - Conservative","Deep","Conservative","DP-ORANGE02",1523,25,"Victory - Boss Defeated","boss.victory",8,1,10,20,4,21400,true,true,2100.0,25,0,0,121.47,8,2900,3700,"",0,0,0,0,0,1,1.000,6.40,7,true,3,0,3,3,0,0,0.000,1.000,"|||||crossing_pass|||||repair|crossing_pass|||||||||crossing_pass||||",false,false,0,0
"Deep - Conservative","Deep","Conservative","DP-ORANGE02",1524,25,"Boss Vote Failed - Game Over","boss_vote_failed",8,0,10,19,4,26200,true,false,2100.0,25,0,0,121.47,8,0,3700,"",0,0,0,0,0,0,1.000,6.40,7,true,3,0,3,3,0,0,0.000,1.000,"||||||crossing_pass|||||crossing_pass|||||||||crossing_pass||||",false,false,0,0
"Deep - Conservative","Deep","Conservative","DP-ORANGE02",1525,26,"Victory - Boss Defeated","boss.victory",9,0,10,18,4,24300,true,true,2100.0,25,0,1,121.47,9,0,3700,"",0,0,0,0,0,0,0.962,6.92,8,true,3,0,3,2,1,0,0.000,0.667,"||||||crossing_pass|||||crossing_pass|||||||||detour|||||",false,false,0,0
"Deep - Conservative","Deep","Conservative","DP-ORANGE02",1526,25,"Boss Vote Failed - Game Over","boss_vote_failed",7,0,10,18,4,24400,true,false,2100.0,24,1,0,121.47,7,0,3700,"",0,0,0,1,0,0,1.000,5.60,6,true,3,0,3,3,0,0,0.000,1.000,"|||||crossing_pass||||||crossing_pass||||||||crossing_pass|||||",false,false,0,0
"Deep - Conservative","Deep","Conservative","DP-ORANGE02",1527,25,"Boss Vote Failed - Game Over","boss_vote_failed",9,0,10,18,4,23900,true,false,2100.0,25,0,0,121.47,9,0,3700,"",0,5,0,0,0,0,1.000,7.20,7,true,3,0,3,3,0,0,0.000,1.000,"|||||crossing_pass||||||crossing_pass|||||||||crossing_pass||||",false,false,0,0
"Deep - Conservative","Deep","Conservative","DP-ORANGE02",1528,25,"Victory - Boss Defeated","boss.victory",8,0,10,18,4,24300,true,true,2100.0,25,0,0,121.47,8,0,3700,"",0,0,0,0,0,0,1.000,6.40,8,true,3,0,3,3,0,0,0.000,1.000,"|||||crossing_pass||||||crossing_pass|||||||||crossing_pass||||",false,false,0,0
"Deep - Conservative","Deep","Conservative","DP-ORANGE02",1529,25,"Boss Vote Failed - Game Over","boss_vote_failed",7,1,10,19,4,22300,true,false,2100.0,25,0,0,121.47,7,0,3700,"",0,0,0,0,0,1,1.000,5.60,7,true,3,0,3,3,0,0,0.000,1.000,"||||||crossing_pass|||||crossing_pass||||repair|||||crossing_pass||||",false,false,0,0
"Deep - Conservative","Deep","Conservative","DP-ORANGE02",1530,25,"Victory - Boss Defeated","boss.victory",7,0,10,20,4,26200,true,true,2100.0,23,1,1,126.53,7,0,3700,"",0,0,0,0,1,0,0.960,5.60,7,true,3,0,3,2,1,0,0.000,0.667,"|||||detour||||||crossing_pass||||||||camp|crossing_pass||||",false,false,0,0
"Deep - Conservative","Deep","Conservative","DP-ORANGE02",1531,25,"Boss Vote Failed - Game Over","boss_vote_failed",8,0,10,18,4,24900,true,false,2100.0,24,1,0,121.47,8,0,3700,"",0,0,0,0,0,0,1.000,6.40,7,true,3,0,3,2,1,0,0.000,0.667,"|||||detour||||||crossing_pass|||||||||crossing_pass||||",false,false,0,0
"Deep - Conservative","Deep","Conservative","DP-ORANGE02",1532,26,"Victory - Boss Defeated","boss.victory",11,0,10,19,4,24300,true,true,2100.0,24,2,0,116.80,11,0,3700,"",0,2,0,1,1,0,1.000,8.46,9,true,3,0,3,3,0,0,0.000,1.000,"|||||crossing_pass||||||crossing_pass|||||||camp|||crossing_pass||||",false,false,0,0
"Deep - Conservative","Deep","Conservative","DP-ORANGE02",1533,25,"Victory - Boss Defeated","boss.victory",8,1,10,18,4,22100,true,true,2100.0,25,0,0,121.47,8,2600,3700,"",0,1,0,0,0,1,1.000,6.40,7,true,3,0,3,2,1,0,0.000,0.667,"|||||crossing_pass||||||crossing_pass||||||||detour|||||repair",false,false,2,0
"Deep - Conservative","Deep","Conservative","DP-ORANGE02",1534,25,"Victory - Boss Defeated","boss.victory",8,0,10,20,4,24400,true,true,2100.0,25,0,0,121.47,8,0,3700,"",0,7,0,0,0,0,1.000,6.40,8,true,3,0,3,3,0,0,0.000,1.000,"|||||crossing_pass||||||crossing_pass|||||||||crossing_pass||||",false,false,0,0
"Deep - Conservative","Deep","Conservative","DP-ORANGE02",1535,25,"Victory - Boss Defeated","boss.victory",7,0,10,18,4,24400,true,true,2100.0,25,0,0,121.47,7,0,3700,"",0,0,0,0,0,0,1.000,5.60,6,true,3,0,3,1,2,0,0.000,0.333,"|||||crossing_pass||||||detour|||||||||detour||||",false,false,0,0
"Deep - Conservative","Deep","Conservative","DP-ABBOTT03",1536,25,"Victory - Boss Defeated","boss.victory",9,0,10,19,4,23700,true,true,2100.0,24,1,0,121.47,9,0,3700,"",0,2,0,0,0,0,1.000,7.20,8,true,3,0,3,3,0,0,0.000,1.000,"|||||crossing_pass||||||crossing_pass|||||||||crossing_pass||||",false,false,0,0
"Deep - Conservative","Deep","Conservative","DP-ABSCAM03",1537,26,"Boss Vote Failed - Game Over","boss_vote_failed",9,0,10,18,4,24700,true,false,2100.0,25,1,0,116.80,9,0,3700,"",0,0,0,0,0,0,1.000,6.92,7,true,3,0,3,3,0,0,0.000,1.000,"||||||crossing_pass|||||crossing_pass||||||||||crossing_pass||||",false,false,0,0
"Deep - Conservative","Deep","Conservative","DP-AILEEN03",1538,25,"Boss Vote Failed - Game Over","boss_vote_failed",8,0,10,16,4,24900,true,false,2100.0,25,0,0,121.47,8,0,3700,"",0,0,0,0,0,0,1.000,6.40,7,true,3,0,3,2,1,0,0.000,0.667,"|||||detour||||||crossing_pass|||||||||crossing_pass||||",false,false,0,0
"Deep - Conservative","Deep","Conservative","DP-AILES03",1539,25,"Boss Vote Failed - Game Over","boss_vote_failed",9,0,10,19,4,23300,true,false,2100.0,25,0,0,121.47,9,0,3700,"",0,0,0,0,0,0,1.000,7.20,8,true,3,0,3,2,1,0,0.000,0.667,"||||||crossing_pass|||||crossing_pass|||||||||detour||||",false,false,0,0
"Deep - Conservative","Deep","Conservative","DP-ALEXJON03",1540,25,"Victory - Boss Defeated","boss.victory",7,0,10,18,4,24400,true,true,2100.0,25,0,0,121.47,7,0,3700,"",0,0,0,0,0,0,1.000,5.60,7,true,3,0,3,3,0,0,0.000,1.000,"|||||crossing_pass||||||crossing_pass||||||||crossing_pass|||||",false,false,0,0
"Deep - Conservative","Deep","Conservative","DP-ALITO03",1541,25,"Boss Vote Failed - Game Over","boss_vote_failed",8,0,10,19,4,23200,true,false,2100.0,25,0,0,121.47,8,0,3700,"",0,1,0,0,0,0,1.000,6.40,7,true,3,0,3,3,0,0,0.000,1.000,"||||||crossing_pass|||||crossing_pass|||||||||crossing_pass||||",false,false,0,0
"Deep - Conservative","Deep","Conservative","DP-AMNESTY03",1542,25,"Boss Vote Failed - Game Over","boss_vote_failed",7,0,10,16,4,25300,true,false,2100.0,25,0,0,121.47,7,0,3700,"",0,0,0,0,0,0,1.000,5.60,7,true,3,0,3,3,0,0,0.000,1.000,"|||||crossing_pass||||||crossing_pass|||||||||crossing_pass||||",false,false,0,0
"Deep - Conservative","Deep","Conservative","DP-AMYBAR03",1543,25,"Boss Vote Failed - Game Over","boss_vote_failed",7,1,10,20,4,22300,true,false,2100.0,24,1,0,121.47,7,2900,3700,"",0,0,0,0,0,1,1.000,5.60,7,true,3,0,3,3,0,0,0.000,1.000,"||||||crossing_pass|||||crossing_pass||||||||repair|crossing_pass||||",false,false,0,0
"Deep - Conservative","Deep","Conservative","DP-ANTIFA03",1544,25,"Boss Vote Failed - Game Over","boss_vote_failed",8,0,10,18,4,24400,true,false,2100.0,25,0,0,121.47,8,0,3700,"",0,0,0,0,0,0,1.000,6.40,7,true,3,0,3,3,0,0,0.000,1.000,"|||||crossing_pass||||||crossing_pass|||||||||crossing_pass||||",false,false,0,0
"Deep - Conservative","Deep","Conservative","DP-ANTIVAX03",1545,26,"Boss Vote Failed - Game Over","boss_vote_failed",9,0,10,18,4,24400,true,false,2100.0,25,1,0,116.80,9,0,3700,"war_dept_reorg",1,0,0,0,1,0,1.000,6.92,8,true,3,0,3,2,1,0,0.000,0.667,"|||||detour||||||crossing_pass||||||||camp||crossing_pass||||",false,false,0,0
"Deep - Conservative","Deep","Conservative","DP-AOC03",1546,27,"Boss Vote Failed - Game Over","boss_vote_failed",9,0,10,20,4,23800,true,false,2100.0,24,1,2,121.47,9,0,3700,"",0,1,0,0,1,0,0.926,6.67,8,true,3,0,3,2,1,0,0.000,0.667,"||||||detour||camp|||||crossing_pass||||||||crossing_pass|||||",false,false,0,0
"Deep - Conservative","Deep","Conservative","DP-ASYLUM03",1547,25,"Victory - Boss Defeated","boss.victory",8,0,10,18,4,24900,true,true,2100.0,25,0,0,121.47,8,0,3700,"",0,0,0,0,0,0,1.000,6.40,8,true,3,0,3,3,0,0,0.000,1.000,"|||||crossing_pass||||||crossing_pass|||||||||crossing_pass||||",false,false,0,0
"Deep - Conservative","Deep","Conservative","DP-AUDITAZ03",1548,25,"Victory - Boss Defeated","boss.victory",8,0,10,19,4,23800,true,true,2100.0,25,0,0,121.47,8,0,3700,"",0,4,0,0,0,0,1.000,6.40,7,true,3,0,3,3,0,0,0.000,1.000,"|||||crossing_pass||||||crossing_pass|||||||||crossing_pass||||",false,false,0,0
"Deep - Conservative","Deep","Conservative","DP-AZAR03",1549,25,"Boss Vote Failed - Game Over","boss_vote_failed",8,0,10,18,4,23900,true,false,2100.0,25,0,0,121.47,8,0,3700,"book_panic",1,0,0,0,1,0,1.000,6.40,7,true,3,0,3,3,0,0,0.000,1.000,"|||||crossing_pass||||||crossing_pass||||||camp|||crossing_pass||||",false,false,0,0
"Deep - Conservative","Deep","Conservative","DP-BANHAM03",1550,25,"Victory - Boss Defeated","boss.victory",8,0,10,20,4,23100,true,true,2100.0,25,0,0,121.47,8,0,3700,"",0,0,0,0,0,0,1.000,6.40,8,true,3,0,3,2,1,0,0.000,0.667,"|||||crossing_pass||||||detour|||||||||crossing_pass||||",false,false,0,0
"Deep - Conservative","Deep","Conservative","DP-BANNON03",1551,25,"Victory - Boss Defeated","boss.victory",8,0,10,19,4,23700,true,true,2100.0,24,1,0,121.47,8,0,3700,"",0,0,0,0,0,0,1.000,6.40,7,true,3,0,3,1,2,0,0.000,0.333,"|||||detour||||||crossing_pass||||||||detour|||||",false,false,0,0
"Deep - Conservative","Deep","Conservative","DP-BARR03",1552,26,"Boss Vote Failed - Game Over","boss_vote_failed",8,1,10,19,4,23400,true,false,2100.0,26,0,0,116.80,8,0,3700,"",0,0,0,0,1,1,1.000,6.15,7,true,3,0,3,3,0,0,0.000,1.000,"||||camp||crossing_pass||||repair||crossing_pass||||||||crossing_pass|||||",false,false,0,0
"Deep - Conservative","Deep","Conservative","DP-BARRON03",1553,26,"Victory - Boss Defeated","boss.victory",9,1,10,20,4,21800,true,true,2100.0,26,0,0,116.80,9,0,3700,"",0,5,0,0,0,1,1.000,6.92,8,true,3,0,3,2,1,0,0.000,0.667,"||||||crossing_pass|||||detour|||||||||crossing_pass||||repair|",false,false,1,0
"Deep - Conservative","Deep","Conservative","DP-BECK03",1554,26,"Victory - Boss Defeated","boss.victory",9,1,10,20,4,22100,true,true,2100.0,26,0,0,116.80,9,2600,3700,"book_panic",1,0,0,0,0,1,1.000,6.92,8,true,3,0,3,2,1,0,0.000,0.667,"||||||crossing_pass|||||detour||||||||repair||crossing_pass||||",false,false,0,0
"Deep - Conservative","Deep","Conservative","DP-BEDMIN03",1555,26,"Boss Vote Failed - Game Over","boss_vote_failed",9,0,10,19,4,23800,true,false,2100.0,25,0,1,121.47,9,0,3700,"",0,0,0,0,0,0,0.962,6.92,8,true,3,0,3,2,1,0,0.000,0.667,"||||||crossing_pass|||||crossing_pass|||||||||detour|||||",false,false,0,0
"Deep - Conservative","Deep","Conservative","DP-BENGHAZ03",1556,26,"Victory - Boss Defeated","boss.victory",9,0,10,17,4,23200,true,true,2100.0,24,2,0,116.80,9,0,3700,"",0,0,0,0,0,0,1.000,6.92,8,true,3,0,3,2,1,0,0.000,0.667,"||||||detour||||||crossing_pass|||||||||crossing_pass||||",false,false,0,0
"Deep - Conservative","Deep","Conservative","DP-BERNIE03",1557,25,"Boss Vote Failed - Game Over","boss_vote_failed",7,0,10,19,4,23900,true,false,2100.0,25,0,0,121.47,7,0,3700,"",0,1,0,0,0,0,1.000,5.60,6,true,3,0,3,3,0,0,0.000,1.000,"|||||crossing_pass||||||crossing_pass|||||||||crossing_pass||||",false,false,0,0
"Deep - Conservative","Deep","Conservative","DP-BIDEN03",1558,25,"Boss Vote Failed - Game Over","boss_vote_failed",7,1,10,19,4,24900,true,false,2100.0,25,0,0,121.47,7,0,3700,"",0,0,0,0,0,1,1.000,5.60,7,true,3,0,3,3,0,0,0.000,1.000,"|||||crossing_pass||||||crossing_pass|||||repair||||crossing_pass||||",false,false,0,0
"Deep - Conservative","Deep","Conservative","DP-BIGLY03",1559,25,"Victory - Boss Defeated","boss.victory",7,0,10,19,4,24000,true,true,2100.0,25,0,0,121.47,7,0,3700,"",0,0,0,0,0,0,1.000,5.60,7,true,3,0,3,3,0,0,0.000,1.000,"|||||crossing_pass||||||crossing_pass||||||||crossing_pass|||||",false,false,0,0
"Deep - Conservative","Deep","Conservative","DP-BIGMAC03",1560,26,"Boss Vote Failed - Game Over","boss_vote_failed",9,1,10,18,4,23700,true,false,2100.0,26,0,0,116.80,9,0,3700,"",0,0,0,0,0,1,1.000,6.92,7,true,3,0,3,2,1,0,0.000,0.667,"|||||crossing_pass||||repair||detour|||||||||crossing_pass|||||",false,false,0,0
"Deep - Conservative","Deep","Conservative","DP-BLEACH03",1561,26,"Boss Vote Failed - Game Over","boss_vote_failed",9,0,10,18,3,24700,true,false,2100.0,25,0,1,121.47,9,0,3700,"",0,0,0,0,0,0,0.962,6.92,7,true,3,0,3,3,0,0,0.000,1.000,"||||||crossing_pass||||||crossing_pass||||||||crossing_pass|||||",false,false,0,0
"Deep - Conservative","Deep","Conservative","DP-BLEXIT03",1562,25,"Boss Vote Failed - Game Over","boss_vote_failed",8,0,10,20,4,23700,true,false,2100.0,24,1,0,121.47,8,0,3700,"book_panic",2,0,0,0,0,0,1.000,6.40,7,true,3,0,3,3,0,0,0.000,1.000,"|||||crossing_pass||||||crossing_pass|||||||||crossing_pass||||",false,false,0,0
"Deep - Conservative","Deep","Conservative","DP-BLM03",1563,26,"Victory - Boss Defeated","boss.victory",8,0,10,17,4,22600,true,true,2100.0,25,0,1,121.47,8,0,3700,"",0,0,0,0,1,0,0.962,6.15,7,true,3,0,3,3,0,0,0.000,1.000,"|||||crossing_pass||||||crossing_pass|||||||||crossing_pass|||camp||",false,false,0,0
"Deep - Conservative","Deep","Conservative","DP-BOEBERT03",1564,25,"Boss Vote Failed - Game Over","boss_vote_failed",8,1,10,19,4,24400,true,false,2100.0,24,1,0,121.47,8,0,3700,"",0,0,0,0,0,1,1.000,6.40,8,true,3,0,3,3,0,0,0.000,1.000,"||||||crossing_pass||repair|||crossing_pass|||||||||crossing_pass||||",false,false,0,0
"Deep - Conservative","Deep","Conservative","DP-BOLTON03",1565,26,"Victory - Boss Defeated","boss.victory",9,0,10,20,4,23200,true,true,2100.0,22,3,1,121.47,9,0,3700,"",0,4,0,0,0,0,0.962,6.92,7,true,3,0,3,3,0,0,0.000,1.000,"|||||crossing_pass||||||crossing_pass|||||||||crossing_pass|||||",false,false,0,0
"Deep - Conservative","Deep","Conservative","DP-BONTA03",1566,25,"Victory - Boss Defeated","boss.victory",10,0,10,19,4,24900,true,true,2100.0,24,1,0,121.47,10,0,3700,"",0,0,0,0,0,0,1.000,8.00,8,true,3,0,3,3,0,0,0.000,1.000,"|||||crossing_pass||||||crossing_pass|||||||||crossing_pass||||",false,false,0,0
"Deep - Conservative","Deep","Conservative","DP-BORDER03",1567,25,"Boss Vote Failed - Game Over","boss_vote_failed",8,0,10,20,4,23400,true,false,2100.0,25,0,0,121.47,8,0,3700,"",0,1,0,0,0,0,1.000,6.40,7,true,3,0,3,2,1,0,0.000,0.667,"|||||crossing_pass||||||crossing_pass|||||||||detour||||",false,false,0,0
"Deep - Conservative","Deep","Conservative","DP-BOXES03",1568,26,"Boss Vote Failed - Game Over","boss_vote_failed",9,1,10,19,4,24000,true,false,2100.0,24,1,1,121.47,9,0,3700,"",0,1,0,1,1,1,0.962,6.92,7,true,3,0,3,3,0,0,0.000,1.000,"|||||crossing_pass||||||crossing_pass|||||||||crossing_pass||camp|repair||",false,false,0,0
"Deep - Conservative","Deep","Conservative","DP-BREIT03",1569,27,"Boss Vote Failed - Game Over","boss_vote_failed",8,2,10,19,4,17500,true,false,2100.0,26,0,1,116.80,8,5800,3700,"",0,4,0,0,0,2,0.963,5.93,7,true,3,0,3,2,1,0,0.000,0.667,"|||||crossing_pass|repair||||||detour|||||||||repair;crossing_pass|||||",false,false,0,0
"Deep - Conservative","Deep","Conservative","DP-BUNKER03",1570,25,"Boss Vote Failed - Game Over","boss_vote_failed",9,0,10,20,4,24400,true,false,2100.0,24,1,0,121.47,9,0,3700,"",0,4,0,0,1,0,1.000,7.20,8,true,3,0,3,3,0,0,0.000,1.000,"|||||crossing_pass||||||crossing_pass|||camp||||||crossing_pass||||",false,false,0,0
"Deep - Conservative","Deep","Conservative","DP-BUTLER03",1571,26,"Boss Vote Failed - Game Over","boss_vote_failed",9,1,10,16,4,22900,true,false,2100.0,25,0,1,121.47,9,2600,3700,"",0,0,0,0,0,1,0.962,6.92,8,true,3,0,3,3,0,0,0.000,1.000,"||||||crossing_pass||||||crossing_pass||||||||crossing_pass|||repair||",false,false,1,0
"Deep - Conservative","Deep","Conservative","DP-CANNON03",1572,25,"Boss Vote Failed - Game Over","boss_vote_failed",8,0,10,20,4,24300,true,false,2100.0,25,0,0,121.47,8,0,3700,"",0,0,0,0,0,0,1.000,6.40,7,true,3,0,3,3,0,0,0.000,1.000,"||||||crossing_pass|||||crossing_pass|||||||||crossing_pass||||",false,false,0,0
"Deep - Conservative","Deep","Conservative","DP-CAPRIOT03",1573,25,"Boss Vote Failed - Game Over","boss_vote_failed",8,1,10,16,4,22800,true,false,2100.0,25,0,0,121.47,8,0,3700,"",0,0,1,0,0,1,1.000,6.40,7,true,3,0,3,2,1,0,0.000,0.667,"|||repair|||crossing_pass|||||crossing_pass|||||||||detour||||",false,false,0,0
"Deep - Conservative","Deep","Conservative","DP-CARAVAN03",1574,26,"Boss Vote Failed - Game Over","boss_vote_failed",9,0,10,18,4,24900,true,false,2100.0,24,1,1,121.47,9,0,3700,"",0,0,0,0,1,0,0.962,6.92,8,true,3,0,3,3,0,0,0.000,1.000,"|||||crossing_pass||||||crossing_pass|||||camp||||crossing_pass|||||",false,false,0,0
"Deep - Conservative","Deep","Conservative","DP-CARSON03",1575,26,"Victory - Boss Defeated","boss.victory",8,1,10,19,4,23500,true,true,2100.0,26,0,0,116.80,8,0,3700,"",0,1,0,0,1,1,1.000,6.15,8,true,3,0,3,2,1,0,0.000,0.667,"|||||crossing_pass||||||crossing_pass||||||||repair|camp|detour||||",false,false,0,0
"Deep - Conservative","Deep","Conservative","DP-CHEETO03",1576,25,"Victory - Boss Defeated","boss.victory",8,2,10,20,4,20400,true,true,2100.0,24,1,0,121.47,8,0,3700,"",0,0,0,0,0,2,1.000,6.40,7,true,3,0,3,3,0,0,0.000,1.000,"|||||crossing_pass|||repair|||crossing_pass|||||||repair||crossing_pass||||",false,false,0,0
"Deep - Conservative","Deep","Conservative","DP-CHENEY03",1577,26,"Boss Vote Failed - Game Over","boss_vote_failed",8,1,10,19,4,21800,true,false,2100.0,25,0,1,121.47,8,2600,3700,"",0,6,0,0,0,1,0.962,6.15,8,true,3,0,3,3,0,0,0.000,1.000,"|||||crossing_pass||||||crossing_pass|repair||||||||crossing_pass|||||",false,false,0,0
"Deep - Conservative","Deep","Conservative","DP-CHESBRO03",1578,25,"Boss Vote Failed - Game Over","boss_vote_failed",8,0,10,18,4,24900,true,false,2100.0,24,1,0,121.47,8,0,3700,"",0,0,0,0,0,0,1.000,6.40,7,true,3,0,3,3,0,0,0.000,1.000,"|||||crossing_pass||||||crossing_pass||||||||crossing_pass|||||",false,false,0,0
"Deep - Conservative","Deep","Conservative","DP-CHINAV03",1579,26,"Boss Vote Failed - Game Over","boss_vote_failed",9,0,10,19,4,23800,true,false,2100.0,26,0,0,116.80,9,0,3700,"",0,0,0,0,1,0,1.000,6.92,7,true,3,0,3,2,1,0,0.000,0.667,"|||||detour||||||crossing_pass|||camp||||||crossing_pass|||||",false,false,0,0
"Deep - Conservative","Deep","Conservative","DP-CLIMATE03",1580,26,"Boss Vote Failed - Game Over","boss_vote_failed",9,1,10,16,4,21800,true,false,2100.0,26,0,0,116.80,9,0,3700,"",0,0,0,0,0,1,1.000,6.92,8,true,3,0,3,2,1,0,0.000,0.667,"||||||detour||||||crossing_pass|||repair||||||crossing_pass||||",false,false,0,0
"Deep - Conservative","Deep","Conservative","DP-CLOWN03",1581,25,"Boss Vote Failed - Game Over","boss_vote_failed",8,0,10,20,4,23800,true,false,2100.0,25,0,0,121.47,8,0,3700,"book_panic",1,0,0,0,0,0,1.000,6.40,8,true,3,0,3,3,0,0,0.000,1.000,"|||||crossing_pass||||||crossing_pass|||||||||crossing_pass||||",false,false,0,0
"Deep - Conservative","Deep","Conservative","DP-COAL03",1582,25,"Boss Vote Failed - Game Over","boss_vote_failed",8,1,10,18,4,21700,true,false,2100.0,25,0,0,121.47,8,0,3700,"",0,0,0,0,0,1,1.000,6.40,7,true,3,0,3,3,0,0,0.000,1.000,"|||||crossing_pass||||||crossing_pass|repair||||||||crossing_pass||||",false,false,0,0
"Deep - Conservative","Deep","Conservative","DP-COATS03",1583,26,"Victory - Boss Defeated","boss.victory",10,0,10,17,4,24400,true,true,2100.0,25,1,0,116.80,10,0,3700,"",0,0,0,0,0,0,1.000,7.69,7,true,3,0,3,2,1,0,0.000,0.667,"|||||detour|||||||crossing_pass||||||||crossing_pass|||||",false,false,0,0
"Deep - Conservative","Deep","Conservative","DP-COHEN03",1584,26,"Victory - Boss Defeated","boss.victory",7,0,10,20,3,23800,true,true,2100.0,22,2,2,126.53,7,0,3700,"travel_ban_lite",1,0,1,0,1,0,0.923,5.38,6,true,3,0,3,2,1,0,0.000,0.667,"|||||detour||||||crossing_pass||||||||crossing_pass|||camp|||",false,false,0,0
"Deep - Conservative","Deep","Conservative","DP-COLLUSN03",1585,25,"Boss Vote Failed - Game Over","boss_vote_failed",7,0,10,20,4,24400,true,false,2100.0,25,0,0,121.47,7,0,3700,"",0,0,0,0,0,0,1.000,5.60,7,true,3,0,3,2,1,0,0.000,0.667,"|||||detour||||||crossing_pass|||||||||crossing_pass||||",false,false,0,0
"Deep - Conservative","Deep","Conservative","DP-CONWAY03",1586,25,"Boss Vote Failed - Game Over","boss_vote_failed",8,1,10,18,4,24900,true,false,2100.0,25,0,0,121.47,8,0,3700,"",0,0,0,0,0,1,1.000,6.40,7,true,3,0,3,2,1,0,0.000,0.667,"|||repair||crossing_pass||||||detour|||||||||crossing_pass||||",false,false,0,0
"Deep - Resource Manager","Deep","Resource Manager","DP-ORANGE02",1337,23,"Victory - Boss Defeated","boss.victory",7,2,10,18,4,20300,true,true,2100.0,22,0,1,132.77,7,0,4000,"",0,5,0,0,0,2,0.957,6.09,5,true,3,0,3,3,0,0,0.000,1.000,"|||repair||repair;crossing_pass|||||crossing_pass|||||||crossing_pass|||||",false,false,0,0
"Deep - Resource Manager","Deep","Resource Manager","DP-ORANGE02",1338,22,"Boss Vote Failed - Game Over","boss_vote_failed",7,1,10,20,4,21700,true,false,2100.0,22,0,0,132.77,7,0,4000,"",0,2,0,0,0,1,1.000,6.36,6,true,3,0,3,3,0,0,0.000,1.000,"|repair||||crossing_pass|||||crossing_pass|||||||crossing_pass||||",false,false,0,0
"Deep - Resource Manager","Deep","Resource Manager","DP-ORANGE02",1339,22,"Victory - Boss Defeated","boss.victory",6,0,10,20,4,22800,true,true,2100.0,22,0,0,132.77,6,0,4000,"",0,2,0,0,0,0,1.000,5.45,6,true,3,0,3,2,1,0,0.000,0.667,"|||||detour|||||crossing_pass|||||||crossing_pass||||",false,false,0,0
"Deep - Resource Manager","Deep","Resource Manager","DP-ORANGE02",1340,22,"Victory - Boss Defeated","boss.victory",7,0,9,20,4,23700,true,true,2100.0,21,1,0,132.77,7,0,4000,"",0,0,0,0,0,0,1.000,6.36,6,true,3,0,3,3,0,0,0.000,1.000,"||||crossing_pass|||||crossing_pass||||||||crossing_pass||||",false,false,0,0
"Deep - Resource Manager","Deep","Resource Manager","DP-ORANGE02",1341,23,"Victory - Boss Defeated","boss.victory",8,1,9,15,3,22300,true,true,2100.0,22,1,0,127.00,8,0,4000,"",0,0,0,0,0,1,1.000,6.96,6,true,3,0,3,3,0,0,0.000,1.000,"|||||crossing_pass|||||crossing_pass||||||||crossing_pass|repair|||",false,false,0,0
"Deep - Resource Manager","Deep","Resource Manager","DP-ORANGE02",1342,22,"Boss Vote Failed - Game Over","boss_vote_failed",7,0,10,20,4,23100,true,false,2100.0,22,0,0,132.77,7,0,4000,"",0,0,0,0,0,0,1.000,6.36,5,true,3,0,3,2,1,0,0.000,0.667,"|||||crossing_pass|||||detour|||||||crossing_pass||||",false,false,0,0
"Deep - Resource Manager","Deep","Resource Manager","DP-ORANGE02",1343,23,"Boss Vote Failed - Game Over","boss_vote_failed",7,1,10,17,4,20000,true,false,2100.0,21,1,1,132.77,7,2700,4000,"",0,0,0,0,0,1,0.957,6.09,4,true,3,0,3,3,0,0,0.000,1.000,"|||repair||crossing_pass|||||crossing_pass|||||||crossing_pass|||||",false,false,0,0
"Deep - Resource Manager","Deep","Resource Manager","DP-ORANGE02",1344,24,"Boss Vote Failed - Game Over","boss_vote_failed",7,0,10,18,4,23800,true,false,2100.0,22,0,2,132.77,7,0,4000,"",0,0,0,0,1,0,0.917,5.83,6,true,3,0,3,0,3,0,0.000,0.000,"|||||detour|||||detour||||camp||||detour|||||",false,false,0,0
"Deep - Resource Manager","Deep","Resource Manager","DP-ORANGE02",1345,22,"Boss Vote Failed - Game Over","boss_vote_failed",7,0,10,14,4,25600,true,false,2100.0,22,0,0,132.77,7,0,4000,"",0,2,1,0,1,0,1.000,6.36,6,true,3,0,3,3,0,0,0.000,1.000,"||||crossing_pass|||||crossing_pass|||||camp|||crossing_pass||||",false,false,0,0
"Deep - Resource Manager","Deep","Resource Manager","DP-ORANGE02",1346,22,"Boss Vote Failed - Game Over","boss_vote_failed",7,1,10,19,4,22300,true,false,2100.0,22,0,0,132.77,7,0,4000,"",0,0,0,0,0,1,1.000,6.36,6,true,3,0,3,3,0,0,0.000,1.000,"|||||crossing_pass|||||crossing_pass|||||||crossing_pass||repair||",false,false,0,0
"Deep - Resource Manager","Deep","Resource Manager","DP-ORANGE02",1347,24,"Boss Vote Failed - Game Over","boss_vote_failed",9,1,10,19,4,21300,true,false,2100.0,20,2,2,132.77,9,0,4000,"",0,5,0,0,1,1,0.917,7.50,6,true,3,0,3,2,1,0,0.000,0.667,"repair|||||crossing_pass|||||crossing_pass||||||||detour||camp|||",false,false,0,0
"Deep - Resource Manager","Deep","Resource Manager","DP-ORANGE02",1348,23,"Victory - Boss Defeated","boss.victory",8,2,10,19,4,18700,true,true,2100.0,22,1,0,127.00,8,3100,4000,"",0,7,0,0,0,2,1.000,6.96,7,true,3,0,3,2,1,0,0.000,0.667,"||||crossing_pass|||||detour|||||repair|||crossing_pass|||repair||",false,false,0,0
"Deep - Resource Manager","Deep","Resource Manager","DP-ORANGE02",1349,23,"Boss Vote Failed - Game Over","boss_vote_failed",9,0,10,18,4,23200,true,false,2100.0,22,0,1,132.77,9,0,4000,"",0,0,0,0,0,0,0.957,7.83,7,true,3,0,3,3,0,0,0.000,1.000,"||||crossing_pass||||||crossing_pass|||||||crossing_pass|||||",false,false,0,0
"Deep - Resource Manager","Deep","Resource Manager","DP-ORANGE02",1350,22,"Boss Vote Failed - Game Over","boss_vote_failed",7,0,10,20,4,23800,true,false,2100.0,22,0,0,132.77,7,0,4000,"",0,0,0,0,0,0,1.000,6.36,5,true,3,0,3,3,0,0,0.000,1.000,"|||||crossing_pass|||||crossing_pass|||||||crossing_pass||||",false,false,0,0
"Deep - Resource Manager","Deep","Resource Manager","DP-ORANGE02",1351,22,"Victory - Boss Defeated","boss.victory",6,0,10,17,4,24600,true,true,2100.0,22,0,0,132.77,6,0,4000,"",0,0,0,0,1,0,1.000,5.45,6,true,3,0,3,3,0,0,0.000,1.000,"||||crossing_pass|||||crossing_pass||||camp||||crossing_pass||||",false,false,0,0
"Deep - Resource Manager","Deep","Resource Manager","DP-ORANGE02",1352,22,"Boss Vote Failed - Game Over","boss_vote_failed",7,0,10,19,4,24600,true,false,2100.0,22,0,0,132.77,7,0,4000,"",0,4,0,0,0,0,1.000,6.36,5,true,3,0,3,3,0,0,0.000,1.000,"|||||crossing_pass|||||crossing_pass|||||||crossing_pass||||",false,false,0,0
"Deep - Resource Manager","Deep","Resource Manager","DP-ORANGE02",1353,22,"Boss Vote Failed - Game Over","boss_vote_failed",7,0,10,20,4,23100,true,false,2100.0,21,1,0,132.77,7,0,4000,"",0,0,0,0,0,0,1.000,6.36,6,true,3,0,3,3,0,0,0.000,1.000,"||||crossing_pass|||||crossing_pass||||||||crossing_pass||||",false,false,0,0
"Deep - Resource Manager","Deep","Resource Manager","DP-ORANGE02",1354,22,"Victory - Boss Defeated","boss.victory",6,0,10,18,4,23700,true,true,2100.0,22,0,0,132.77,6,0,4000,"",0,0,0,0,0,0,1.000,5.45,6,true,3,0,3,2,1,0,0.000,0.667,"|||||detour|||||crossing_pass|||||||crossing_pass||||",false,false,0,0
"Deep - Resource Manager","Deep","Resource Manager","DP-ORANGE02",1355,22,"Boss Vote Failed - Game Over","boss_vote_failed",6,2,10,20,4,20700,true,false,2100.0,22,0,0,132.77,6,0,4000,"",0,0,0,0,0,2,1.000,5.45,6,true,3,0,3,3,0,0,0.000,1.000,"||||crossing_pass|||||crossing_pass|||||repair||repair|crossing_pass||||",false,false,0,0
"Deep - Resource Manager","Deep","Resource Manager","DP-ORANGE02",1356,23,"Victory - Boss Defeated","boss.victory",8,0,10,19,3,24100,true,true,2100.0,21,1,1,132.77,8,0,4000,"",0,7,0,0,0,0,0.957,6.96,6,true,3,0,3,2,1,0,0.000,0.667,"||||crossing_pass||||||detour|||||||crossing_pass|||||",false,false,0,0
"Deep - Resource Manager","Deep","Resource Manager","DP-ORANGE02",1357,22,"Boss Vote Failed - Game Over","boss_vote_failed",7,0,10,19,4,24600,true,false,2100.0,21,1,0,132.77,7,0,4000,"",0,0,0,0,0,0,1.000,6.36,6,true,3,0,3,2,1,0,0.000,0.667,"||||crossing_pass||||||detour|||||||crossing_pass||||",false,false,0,0
"Deep - Resource Manager","Deep","Resource Manager","DP-ORANGE02",1358,23,"Boss Vote Failed - Game Over","boss_vote_failed",7,0,10,18,3,23800,true,false,2100.0,19,3,1,132.77,7,0,4000,"",0,3,0,0,1,0,0.957,6.09,6,true,3,0,3,3,0,0,0.000,1.000,"|||||crossing_pass|||||crossing_pass||||||camp||crossing_pass||||",false,false,0,0
"Deep - Resource Manager","Deep","Resource Manager","DP-ORANGE02",1359,23,"Boss Vote Failed - Game Over","boss_vote_failed",7,1,10,12,4,21800,true,false,2100.0,22,0,1,132.77,7,0,4000,"shutdown",1,0,0,0,1,1,0.957,6.09,6,true,3,0,3,2,1,0,0.000,0.667,"|||repair||detour|||||crossing_pass|||||||crossing_pass||||camp|",false,false,0,0
"Deep - Resource Manager","Deep","Resource Manager","DP-ORANGE02",1360,23,"Boss Vote Failed - Game Over","boss_vote_failed",7,0,10,18,3,23300,true,false,2100.0,22,0,1,132.77,7,0,4000,"",0,1,0,0,0,0,0.957,6.09,6,true,3,0,3,2,1,0,0.000,0.667,"|||||crossing_pass|||||detour|||||||crossing_pass|||||",false,false,0,0
"Deep - Resource Manager","Deep","Resource Manager","DP-ORANGE02",1361,23,"Victory - Boss Defeated","boss.victory",8,1,10,19,4,20200,true,true,2100.0,22,0,1,132.77,8,3100,4000,"",0,2,0,0,0,1,0.957,6.96,5,true,3,0,3,3,0,0,0.000,1.000,"|||||crossing_pass|||||crossing_pass|||||||crossing_pass|repair||||",false,false,0,0
"Deep - Resource Manager","Deep","Resource Manager","DP-ORANGE02",1362,22,"Boss Vote Failed - Game Over","boss_vote_failed",7,0,10,18,4,25100,true,false,2100.0,22,0,0,132.77,7,0,4000,"",0,0,0,0,0,0,1.000,6.36,5,true,3,0,3,2,1,0,0.000,0.667,"|||||detour|||||crossing_pass|||||||crossing_pass||||",false,false,0,0
"Deep - Resource Manager","Deep","Resource Manager","DP-ORANGE02",1363,23,"Boss Vote Failed - Game Over","boss_vote_failed",7,1,10,17,4,21900,true,false,2100.0,22,0,1,132.77,7,2700,4000,"",0,0,0,0,0,1,0.957,6.09,6,true,3,0,3,3,0,0,0.000,1.000,"|||||crossing_pass|||||crossing_pass||||||repair|crossing_pass|||||",false,false,0,0
"Deep - Resource Manager","Deep","Resource Manager","DP-ORANGE02",1364,23,"Victory - Boss Defeated","boss.victory",8,0,10,16,4,23300,true,true,2100.0,23,0,0,127.00,8,0,4000,"",0,0,0,0,0,0,1.000,6.96,6,true,3,0,3,2,1,0,0.000,0.667,"|||||crossing_pass|||||detour||||||||crossing_pass||||",false,false,0,0
"Deep - Resource Manager","Deep","Resource Manager","DP-ORANGE02",1365,23,"Victory - Boss Defeated","boss.victory",6,1,9,19,4,21100,true,true,2100.0,21,1,1,132.77,6,2700,4000,"",0,6,0,0,0,1,0.957,5.22,5,true,3,0,3,2,1,0,0.000,0.667,"||||repair|crossing_pass|||||detour|||||||crossing_pass|||||",false,false,0,0
"Deep - Resource Manager","Deep","Resource Manager","DP-ORANGE02",1366,22,"Victory - Boss Defeated","boss.victory",7,0,10,18,4,23700,true,true,2100.0,22,0,0,132.77,7,0,4000,"",0,0,0,0,0,0,1.000,6.36,6,true,3,0,3,3,0,0,0.000,1.000,"|||||crossing_pass|||||crossing_pass|||||||crossing_pass||||",false,false,0,0
"Deep - Resource Manager","Deep","Resource Manager","DP-ORANGE02",1367,22,"Boss Vote Failed - Game Over","boss_vote_failed",7,0,10,19,4,24600,true,false,2100.0,22,0,0,132.77,7,0,4000,"",0,0,0,0,0,0,1.000,6.36,5,true,3,0,3,3,0,0,0.000,1.000,"|||||crossing_pass|||||crossing_pass|||||||crossing_pass||||",false,false,0,0
"Deep - Resource Manager","Deep","Resource Manager","DP-ORANGE02",1368,24,"Boss Vote Failed - Game Over","boss_vote_failed",8,0,10,19,4,22800,true,false,2100.0,22,1,1,127.00,8,0,4000,"",0,0,0,0,1,0,0.958,6.67,6,true,3,0,3,2,1,0,0.000,0.667,"|||||crossing_pass|||||detour|||||||camp|crossing_pass|||||",false,false,0,0
"Deep - Resource Manager","Deep","Resource Manager","DP-ORANGE02",1369,22,"Victory - Boss Defeated","boss.victory",7,0,10,19,4,25100,true,true,2100.0,22,0,0,132.77,7,0,4000,"",0,0,0,0,0,0,1.000,6.36,6,true,3,0,3,2,1,0,0.000,0.667,"||||detour||||||crossing_pass|||||||crossing_pass||||",false,false,0,0
"Deep - Resource Manager","Deep","Resource Manager","DP-ORANGE02",1370,23,"Boss Vote Failed - Game Over","boss_vote_failed",6,0,10,17,4,24600,true,false,2100.0,22,0,1,132.77,6,0,4000,"",0,0,0,1,1,0,0.957,5.22,6,true,3,0,3,3,0,0,0.000,1.000,"||||crossing_pass|||||crossing_pass|||||||camp|crossing_pass|||||",false,false,0,0
"Deep - Resource Manager","Deep","Resource Manager","DP-ORANGE02",1371,22,"Boss Vote Failed - Game Over","boss_vote_failed",8,0,10,19,4,24300,true,false,2100.0,21,1,0,132.77,8,0,4000,"",0,0,0,0,1,0,1.000,7.27,6,true,3,0,3,3,0,0,0.000,1.000,"||||crossing_pass||||||crossing_pass||||camp|||crossing_pass||||",false,false,0,0
"Deep - Resource Manager","Deep","Resource Manager","DP-ORANGE02",1372,22,"Boss Vote Failed - Game Over","boss_vote_failed",7,1,10,19,4,20000,true,false,2100.0,22,0,0,132.77,7,3100,4000,"",0,0,0,0,0,1,1.000,6.36,6,true,3,0,3,3,0,0,0.000,1.000,"|||||crossing_pass;repair|||||crossing_pass|||||||crossing_pass||||",false,false,0,0
"Deep - Resource Manager","Deep","Resource Manager","DP-ORANGE02",1373,22,"Victory - Boss Defeated","boss.victory",6,0,10,18,4,23800,true,true,2100.0,21,1,0,132.77,6,0,4000,"",0,0,0,0,0,0,1.000,5.45,6,true,3,0,3,2,1,0,0.000,0.667,"||||crossing_pass|||||crossing_pass||||||||detour||||",false,false,0,0
"Deep - Resource Manager","Deep","Resource Manager","DP-ORANGE02",1374,23,"Boss Vote Failed - Game Over","boss_vote_failed",7,0,10,20,4,23700,true,false,2100.0,22,0,1,132.77,7,0,4000,"",0,0,0,0,1,0,0.957,6.09,6,true,3,0,3,2,1,0,0.000,0.667,"||||crossing_pass|||||detour||||||||camp|crossing_pass||||",false,false,0,0
"Deep - Resource Manager","Deep","Resource Manager","DP-ORANGE02",1375,23,"Boss Vote Failed - Game Over","boss_vote_failed",6,0,10,15,4,23700,true,false,2100.0,23,0,0,127.00,6,0,4000,"",0,1,0,1,1,0,1.000,5.22,5,true,3,0,3,2,1,0,0.000,0.667,"|||||crossing_pass|||||detour|||camp|||||crossing_pass||||",false,false,0,0
"Deep - Resource Manager","Deep","Resource Manager","DP-ORANGE02",1376,23,"Victory - Boss Defeated","boss.victory",7,0,10,18,4,22800,true,true,2100.0,22,0,1,132.77,7,0,4000,"",0,3,0,0,0,0,0.957,6.09,6,true,3,0,3,3,0,0,0.000,1.000,"|||||crossing_pass|||||crossing_pass|||||||crossing_pass|||||",false,false,0,0
"Deep - Resource Manager","Deep","Resource Manager","DP-ORANGE02",1377,23,"Victory - Boss Defeated","boss.victory",7,0,10,20,2,23300,true,true,2100.0,22,0,1,132.77,7,0,4000,"",0,0,0,0,0,0,0.957,6.09,5,true,3,0,3,3,0,0,0.000,1.000,"|||||crossing_pass|||||crossing_pass||||||||crossing_pass||||",false,false,0,0
"Deep - Resource Manager","Deep","Resource Manager","DP-ORANGE02",1378,22,"Boss Vote Failed - Game Over","boss_vote_failed",7,0,10,19,4,24100,true,false,2100.0,22,0,0,132.77,7,0,4000,"",0,4,0,0,0,0,1.000,6.36,5,true,3,0,3,3,0,0,0.000,1.000,"||||crossing_pass||||||crossing_pass|||||||crossing_pass||||",false,false,0,0
"Deep - Resource Manager","Deep","Resource Manager","DP-ORANGE02",1379,22,"Boss Vote Failed - Game Over","boss_vote_failed",6,1,10,18,4,21200,true,false,2100.0,22,0,0,132.77,6,3100,4000,"",0,0,0,0,0,1,1.000,5.45,6,true,3,0,3,3,0,0,0.000,1.000,"repair|||||crossing_pass|||||crossing_pass|||||||crossing_pass||||",false,false,0,0
"Deep - Resource Manager","Deep","Resource Manager","DP-ORANGE02",1380,22,"Boss Vote Failed - Game Over","boss_vote_failed",8,0,10,17,4,25100,true,false,2100.0,22,0,0,132.77,8,0,4000,"",0,0,0,0,0,0,1.000,7.27,7,true,3,0,3,3,0,0,0.000,1.000,"|||||crossing_pass|||||crossing_pass|||||||crossing_pass||||",false,false,0,0
"Deep - Resource Manager","Deep","Resource Manager","DP-ORANGE02",1381,23,"Victory - Boss Defeated","boss.victory",7,0,10,20,4,23300,true,true,2100.0,22,0,1,132.77,7,0,4000,"",0,0,0,1,1,0,0.957,6.09,5,true,3,0,3,3,0,0,0.000,1.000,"|||||crossing_pass|||||camp|crossing_pass|||||||crossing_pass||||",false,false,0,0
"Deep - Resource Manager","Deep","Resource Manager","DP-ORANGE02",1382,23,"Boss Vote Failed - Game Over","boss_vote_failed",8,0,10,17,4,25100,true,false,2100.0,21,2,0,127.00,8,0,4000,"",0,0,0,0,1,0,1.000,6.96,6,true,3,0,3,3,0,0,0.000,1.000,"|||||crossing_pass|||||crossing_pass|||||camp|||crossing_pass||||",false,false,0,0
"Deep - Resource Manager","Deep","Resource Manager","DP-ORANGE02",1383,23,"Boss Vote Failed - Game Over","boss_vote_failed",7,1,10,19,4,21800,true,false,2100.0,22,0,1,132.77,7,0,4000,"doe_eliminated",1,0,0,0,0,1,0.957,6.09,5,true,3,0,3,2,1,0,0.000,0.667,"|||||crossing_pass|||||detour||||||repair|crossing_pass|||||",false,false,0,0
"Deep - Resource Manager","Deep","Resource Manager","DP-ORANGE02",1384,22,"Boss Vote Failed - Game Over","boss_vote_failed",7,0,10,18,4,23600,true,false,2100.0,22,0,0,132.77,7,0,4000,"",0,0,0,0,0,0,1.000,6.36,5,true,3,0,3,2,1,0,0.000,0.667,"|||||crossing_pass|||||detour|||||||crossing_pass||||",false,false,0,0
"Deep - Resource Manager","Deep","Resource Manager","DP-ORANGE02",1385,22,"Victory - Boss Defeated","boss.victory",6,0,10,15,4,24300,true,true,2100.0,22,0,0,132.77,6,0,4000,"",0,0,0,0,0,0,1.000,5.45,6,true,3,0,3,3,0,0,0.000,1.000,"||||crossing_pass|||||crossing_pass||||||||crossing_pass||||",false,false,0,0
"Deep - Resource Manager","Deep","Resource Manager","DP-ORANGE02",1386,22,"Boss Vote Failed - Game Over","boss_vote_failed",7,0,10,19,4,25100,true,false,2100.0,22,0,0,132.77,7,0,4000,"book_panic",1,0,0,0,0,0,1.000,6.36,5,true,3,0,3,1,2,0,0.000,0.333,"|||||detour|||||crossing_pass|||||||detour||||",false,false,0,0
"Deep - Resource Manager","Deep","Resource Manager","DP-ORANGE02",1387,23,"Boss Vote Failed - Game Over","boss_vote_failed",7,0,10,19,3,22800,true,false,2100.0,21,0,2,139.10,7,0,4000,"",0,0,0,0,1,0,0.913,6.09,6,true,3,0,3,3,0,0,0.000,1.000,"||||crossing_pass|||||crossing_pass||||||||crossing_pass|camp||||",false,false,0,0
"Deep - Resource Manager","Deep","Resource Manager","DP-ORANGE02",1388,22,"Boss Vote Failed - Game Over","boss_vote_failed",7,0,9,19,4,24300,true,false,2100.0,22,0,0,132.77,7,0,4000,"",0,2,0,0,0,0,1.000,6.36,6,true,3,0,3,3,0,0,0.000,1.000,"|||||crossing_pass|||||crossing_pass|||||||crossing_pass||||",false,false,0,0
"Deep - Resource Manager","Deep","Resource Manager","DP-ORANGE02",1389,23,"Victory - Boss Defeated","boss.victory",8,0,10,20,4,23800,true,true,2100.0,22,0,1,132.77,8,0,4000,"",0,0,0,0,1,0,0.957,6.96,5,true,3,0,3,3,0,0,0.000,1.000,"|||||crossing_pass|||||crossing_pass|||||||crossing_pass;camp|||||",false,false,0,0
"Deep - Resource Manager","Deep","Resource Manager","DP-ORANGE02",1390,23,"Boss Vote Failed - Game Over","boss_vote_failed",9,0,9,18,4,23200,true,false,2100.0,22,1,0,127.00,9,0,4000,"",0,0,0,0,1,0,1.000,7.83,6,true,3,0,3,2,1,0,0.000,0.667,"camp|||||crossing_pass|||||detour||||||||crossing_pass||||",false,false,0,0
"Deep - Resource Manager","Deep","Resource Manager","DP-ORANGE02",1391,23,"Boss Vote Failed - Game Over","boss_vote_failed",7,0,10,18,4,22800,true,false,2100.0,23,0,0,127.00,7,0,4000,"",0,0,0,0,1,0,1.000,6.09,6,true,3,0,3,2,1,0,0.000,0.667,"|||||camp|crossing_pass||||detour||||||||crossing_pass||||",false,false,0,0
"Deep - Resource Manager","Deep","Resource Manager","DP-ORANGE02",1392,23,"Boss Vote Failed - Game Over","boss_vote_failed",6,1,10,18,4,21800,true,false,2100.0,22,0,1,132.77,6,0,4000,"",0,0,0,0,0,1,0.957,5.22,6,true,3,0,3,3,0,0,0.000,1.000,"|||||crossing_pass|||||crossing_pass|||||||repair;crossing_pass|||||",false,false,0,0
"Deep - Resource Manager","Deep","Resource Manager","DP-ORANGE02",1393,23,"Boss Vote Failed - Game Over","boss_vote_failed",8,0,10,18,4,24100,true,false,2100.0,23,0,0,127.00,8,0,4000,"",0,2,0,0,1,0,1.000,6.96,5,true,3,0,3,1,2,0,0.000,0.333,"|||||crossing_pass|camp||||detour||||||||detour||||",false,false,0,0
"Deep - Resource Manager","Deep","Resource Manager","DP-ORANGE02",1394,22,"Boss Vote Failed - Game Over","boss_vote_failed",7,0,10,18,4,24300,true,false,2100.0,21,1,0,132.77,7,0,4000,"",0,0,0,0,0,0,1.000,6.36,5,true,3,0,3,2,1,0,0.000,0.667,"|||||crossing_pass||||detour||||||||crossing_pass||||",false,false,0,0
"Deep - Resource Manager","Deep","Resource Manager","DP-ORANGE02",1395,22,"Victory - Boss Defeated","boss.victory",7,0,10,19,4,24300,true,true,2100.0,22,0,0,132.77,7,0,4000,"",0,0,0,0,0,0,1.000,6.36,6,true,3,0,3,1,2,0,0.000,0.333,"||||detour||||||detour|||||||crossing_pass||||",false,false,0,0
"Deep - Resource Manager","Deep","Resource Manager","DP-ORANGE02",1396,23,"Boss Vote Failed - Game Over","boss_vote_failed",6,0,10,19,4,23700,true,false,2100.0,20,2,1,132.77,6,0,4000,"",0,0,0,0,1,0,0.957,5.22,5,true,3,0,3,3,0,0,0.000,1.000,"||||crossing_pass|||||crossing_pass|||||||camp||crossing_pass||||",false,false,0,0
"Deep - Resource Manager","Deep","Resource Manager","DP-ORANGE02",1397,23,"Boss Vote Failed - Game Over","boss_vote_failed",7,1,10,18,4,20600,true,false,2100.0,23,0,0,127.00,7,2700,4000,"",0,0,0,0,0,1,1.000,6.09,6,true,3,0,3,3,0,0,0.000,1.000,"|||||crossing_pass|||||crossing_pass||||repair|||crossing_pass|||||",false,false,0,0
"Deep - Resource Manager","Deep","Resource Manager","DP-ORANGE02",1398,23,"Victory - Boss Defeated","boss.victory",6,1,10,20,4,21300,true,true,2100.0,22,0,1,132.77,6,0,4000,"",0,0,0,0,1,1,0.957,5.22,6,true,3,0,3,2,1,0,0.000,0.667,"||||crossing_pass|||||detour|||||||repair|camp|crossing_pass||||",false,false,0,0
"Deep - Resource Manager","Deep","Resource Manager","DP-ORANGE02",1399,23,"Boss Vote Failed - Game Over","boss_vote_failed",7,0,10,20,3,23300,true,false,2100.0,21,0,2,139.10,7,0,4000,"book_panic",1,0,0,0,1,0,0.913,6.09,6,true,3,0,3,3,0,0,0.000,1.000,"|||||crossing_pass|||||crossing_pass|||||||crossing_pass|||camp||",false,false,0,0
"Deep - Resource Manager","Deep","Resource Manager","DP-ORANGE02",1400,23,"Boss Vote Failed - Game Over","boss_vote_failed",8,2,10,20,3,18400,true,false,2100.0,21,1,1,132.77,8,2700,4000,"",0,4,0,0,0,2,0.957,6.96,6,true,3,0,3,3,0,0,0.000,1.000,"||||crossing_pass|||repair|||crossing_pass;repair|||||||crossing_pass|||||",false,false,0,0
"Deep - Resource Manager","Deep","Resource Manager","DP-ORANGE02",1401,23,"Boss Vote Failed - Game Over","boss_vote_failed",7,0,10,19,3,23800,true,false,2100.0,22,0,1,132.77,7,0,4000,"",0,0,0,0,0,0,0.957,6.09,6,true,3,0,3,1,2,0,0.000,0.333,"||||detour||||||detour|||||||crossing_pass|||||",false,false,0,0
"Deep - Resource Manager","Deep","Resource Manager","DP-ORANGE02",1402,22,"Boss Vote Failed - Game Over","boss_vote_failed",6,0,10,20,4,23800,true,false,2100.0,22,0,0,132.77,6,0,4000,"",0,0,0,0,0,0,1.000,5.45,5,true,3,0,3,2,1,0,0.000,0.667,"|||||crossing_pass|||||crossing_pass|||||||detour||||",false,false,0,0
"Deep - Resource Manager","Deep","Resource Manager","DP-ORANGE02",1403,23,"Boss Vote Failed - Game Over","boss_vote_failed",7,2,10,18,4,19100,true,false,2100.0,23,0,0,127.00,7,2700,4000,"",0,5,0,0,0,2,1.000,6.09,5,true,3,0,3,3,0,0,0.000,1.000,"|||||crossing_pass|||repair||crossing_pass|||repair|||||crossing_pass||||",false,false,0,0
"Deep - Resource Manager","Deep","Resource Manager","DP-ORANGE02",1404,23,"Victory - Boss Defeated","boss.victory",7,0,9,20,4,23300,true,true,2100.0,22,0,1,132.77,7,0,4000,"",0,0,0,0,0,0,0.957,6.09,6,true,3,0,3,3,0,0,0.000,1.000,"|||||crossing_pass|||||crossing_pass|||||||crossing_pass|||||",false,false,0,0
"Deep - Resource Manager","Deep","Resource Manager","DP-ORANGE02",1405,23,"Boss Vote Failed - Game Over","boss_vote_failed",7,1,10,18,3,20600,true,false,2100.0,22,0,1,132.77,7,0,4000,"",0,0,0,0,0,1,0.957,6.09,5,true,3,0,3,2,1,0,0.000,0.667,"|||||crossing_pass|||||detour|||||||repair;crossing_pass|||||",false,false,0,0
"Deep - Resource Manager","Deep","Resource Manager","DP-ORANGE02",1406,22,"Boss Vote Failed - Game Over","boss_vote_failed",7,0,10,20,4,23200,true,false,2100.0,21,1,0,132.77,7,0,4000,"",0,0,0,0,0,0,1.000,6.36,6,true,3,0,3,3,0,0,0.000,1.000,"|||||crossing_pass|||||crossing_pass|||||||crossing_pass||||",false,false,0,0
"Deep - Resource Manager","Deep","Resource Manager","DP-ORANGE02",1407,22,"Boss Vote Failed - Game Over","boss_vote_failed",8,0,10,20,4,23300,true,false,2100.0,22,0,0,132.77,8,0,4000,"",0,4,0,0,0,0,1.000,7.27,5,true,3,0,3,3,0,0,0.000,1.000,"|||||crossing_pass|||||crossing_pass|||||||crossing_pass||||",false,false,0,0
"Deep - Resource Manager","Deep","Resource Manager","DP-ORANGE02",1408,23,"Victory - Boss Defeated","boss.victory",9,0,10,18,4,23200,true,true,2100.0,22,1,0,127.00,9,0,4000,"",0,0,0,0,1,0,1.000,7.83,6,true,3,0,3,3,0,0,0.000,1.000,"|||||crossing_pass|||||crossing_pass|||||camp|||crossing_pass||||",false,false,0,0
"Deep - Resource Manager","Deep","Resource Manager","DP-ORANGE02",1409,22,"Boss Vote Failed - Game Over","boss_vote_failed",6,0,10,16,4,24300,true,false,2100.0,21,1,0,132.77,6,0,4000,"",0,0,0,0,0,0,1.000,5.45,5,true,3,0,3,3,0,0,0.000,1.000,"|||||crossing_pass|||||crossing_pass|||||||crossing_pass||||",false,false,0,0
"Deep - Resource Manager","Deep","Resource Manager","DP-ORANGE02",1410,23,"Boss Vote Failed - Game Over","boss_vote_failed",7,0,9,18,4,23700,true,false,2100.0,22,1,0,127.00,7,0,4000,"",0,0,0,0,1,0,1.000,6.09,5,true,3,0,3,2,1,0,0.000,0.667,"|||||crossing_pass|||||detour||camp||||||crossing_pass||||",false,false,0,0
"Deep - Resource Manager","Deep","Resource Manager","DP-ORANGE02",1411,23,"Boss Vote Failed - Game Over","boss_vote_failed",7,2,10,18,3,19500,true,false,2100.0,22,0,1,132.77,7,0,4000,"",0,0,0,0,0,2,0.957,6.09,5,true,3,0,3,1,2,0,0.000,0.333,"|||||detour||||repair|detour|repair|||||||crossing_pass||||",false,false,0,0
"Deep - Resource Manager","Deep","Resource Manager","DP-ORANGE02",1412,23,"Boss Vote Failed - Game Over","boss_vote_failed",7,1,10,19,4,22300,true,false,2100.0,22,0,1,132.77,7,0,4000,"",0,0,0,0,0,1,0.957,6.09,6,true,3,0,3,3,0,0,0.000,1.000,"|||||crossing_pass;repair|||||crossing_pass|||||||crossing_pass|||||",false,false,0,0
"Deep - Resource Manager","Deep","Resource Manager","DP-ORANGE02",1413,23,"Boss Vote Failed - Game Over","boss_vote_failed",7,2,10,19,3,18600,true,false,2100.0,22,0,1,132.77,7,0,4000,"",0,0,1,0,0,2,0.957,6.09,7,true,3,0,3,3,0,0,0.000,1.000,"|repair||||crossing_pass|||||crossing_pass|||||||crossing_pass||repair|||",false,false,0,0
"Deep - Resource Manager","Deep","Resource Manager","DP-ORANGE02",1414,24,"Victory - Boss Defeated","boss.victory",7,1,10,18,4,21300,true,true,2100.0,22,0,2,132.77,7,0,4000,"",0,4,0,0,1,1,0.917,5.83,5,true,3,0,3,1,2,0,0.000,0.333,"|||||crossing_pass||repair|||detour|||||||detour|||camp|||",false,false,0,0
"Deep - Resource Manager","Deep","Resource Manager","DP-ORANGE02",1415,23,"Boss Vote Failed - Game Over","boss_vote_failed",7,1,10,20,4,21700,true,false,2100.0,22,0,1,132.77,7,0,4000,"",0,0,0,0,0,1,0.957,6.09,6,true,3,0,3,2,1,0,0.000,0.667,"||||crossing_pass|||||detour|||||repair|||crossing_pass|||||",false,false,0,0
"Deep - Resource Manager","Deep","Resource Manager","DP-ORANGE02",1416,23,"Victory - Boss Defeated","boss.victory",7,0,10,20,3,22700,true,true,2100.0,22,0,1,132.77,7,0,4000,"tariff_tsunami",2,0,0,0,0,0,0.957,6.09,5,true,3,0,3,2,1,0,0.000,0.667,"|||||crossing_pass|||||detour|||||||crossing_pass|||||",false,false,0,0
"Deep - Resource Manager","Deep","Resource Manager","DP-ORANGE02",1417,23,"Boss Vote Failed - Game Over","boss_vote_failed",7,0,10,20,3,21600,true,false,2100.0,22,0,1,132.77,7,0,4000,"",0,2,0,0,0,0,0.957,6.09,5,true,3,0,3,2,1,0,0.000,0.667,"|||||crossing_pass|||||crossing_pass|||||||detour|||||",false,false,0,0
"Deep - Resource Manager","Deep","Resource Manager","DP-ORANGE02",1418,23,"Boss Vote Failed - Game Over","boss_vote_failed",8,0,10,17,4,23300,true,false,2100.0,21,1,1,132.77,8,0,4000,"",0,0,0,0,0,0,0.957,6.96,6,true,3,0,3,2,1,0,0.000,0.667,"|||||crossing_pass|||||crossing_pass|||||||detour|||||",false,false,0,0
"Deep - Resource Manager","Deep","Resource Manager","DP-ORANGE02",1419,23,"Boss Vote Failed - Game Over","boss_vote_failed",6,1,10,18,3,20700,true,false,2100.0,22,0,1,132.77,6,3100,4000,"",0,0,0,0,0,1,0.957,5.22,6,true,3,0,3,1,2,0,0.000,0.333,"||||crossing_pass|repair|||||detour|||||||detour|||||",false,false,0,0
"Deep - Resource Manager","Deep","Resource Manager","DP-ORANGE02",1420,23,"Boss Vote Failed - Game Over","boss_vote_failed",7,1,10,19,4,20200,true,false,2100.0,22,1,0,127.00,7,2700,4000,"",0,2,0,0,1,1,1.000,6.09,6,true,3,0,3,3,0,0,0.000,1.000,"|repair||||crossing_pass|||||crossing_pass|||||camp|||crossing_pass||||",false,false,0,0
"Deep - Resource Manager","Deep","Resource Manager","DP-ORANGE02",1421,22,"Boss Vote Failed - Game Over","boss_vote_failed",8,0,10,18,4,23300,true,false,2100.0,21,1,0,132.77,8,0,4000,"",0,5,0,0,0,0,1.000,7.27,5,true,3,0,3,3,0,0,0.000,1.000,"|||||crossing_pass|||||crossing_pass|||||||crossing_pass||||",false,false,0,0
"Deep - Resource Manager","Deep","Resource Manager","DP-ORANGE02",1422,23,"Boss Vote Failed - Game Over","boss_vote_failed",8,2,10,20,4,18600,true,false,2100.0,22,1,0,127.00,8,2700,4000,"",0,0,0,0,0,2,1.000,6.96,6,true,3,0,3,2,1,0,0.000,0.667,"repair|||||detour|||||crossing_pass||||||||crossing_pass|repair|||",false,false,0,0
"Deep - Resource Manager","Deep","Resource Manager","DP-ORANGE02",1423,23,"Boss Vote Failed - Game Over","boss_vote_failed",9,0,10,18,3,22700,true,false,2100.0,20,2,1,132.77,9,0,4000,"",0,0,0,0,0,0,0.957,7.83,5,true,3,0,3,3,0,0,0.000,1.000,"|||||crossing_pass|||||crossing_pass|||||||crossing_pass|||||",false,false,0,0
"Deep - Resource Manager","Deep","Resource Manager","DP-ORANGE02",1424,22,"Boss Vote Failed - Game Over","boss_vote_failed",7,0,10,19,4,23800,true,false,2100.0,22,0,0,132.77,7,0,4000,"",0,0,0,0,0,0,1.000,6.36,6,true,3,0,3,3,0,0,0.000,1.000,"||||crossing_pass||||||crossing_pass|||||||crossing_pass||||",false,false,0,0
"Deep - Resource Manager","Deep","Resource Manager","DP-ORANGE02",1425,23,"Boss Vote Failed - Game Over","boss_vote_failed",7,1,10,19,4,20100,true,false,2100.0,23,0,0,127.00,7,0,4000,"",0,2,0,0,0,1,1.000,6.09,5,true,3,0,3,2,1,0,0.000,0.667,"|||||crossing_pass|||repair||detour|||||||crossing_pass|||||",false,false,0,0
"Deep - Resource Manager","Deep","Resource Manager","DP-ORANGE02",1426,24,"Boss Vote Failed - Game Over","boss_vote_failed",6,1,10,20,3,19700,true,false,2100.0,22,0,2,132.77,6,3100,4000,"",0,0,0,0,1,1,0.917,5.00,5,true,3,0,3,2,1,0,0.000,0.667,"|||||camp|crossing_pass||||crossing_pass||||repair||||detour|||||",false,false,0,0
"Deep - Resource Manager","Deep","Resource Manager","DP-ORANGE02",1427,23,"Victory - Boss Defeated","boss.victory",8,1,10,15,4,22200,true,true,2100.0,23,0,0,127.00,8,0,4000,"",0,4,0,0,0,1,1.000,6.96,6,true,3,0,3,2,1,0,0.000,0.667,"|||||crossing_pass|||||detour|||||repair|||crossing_pass||||",false,false,0,0
"Deep - Resource Manager","Deep","Resource Manager","DP-ORANGE02",1428,22,"Boss Vote Failed - Game Over","boss_vote_failed",7,0,10,19,4,24300,true,false,2100.0,21,1,0,132.77,7,0,4000,"",0,0,0,0,0,0,1.000,6.36,5,true,3,0,3,3,0,0,0.000,1.000,"|||||crossing_pass|||||crossing_pass|||||||crossing_pass||||",false,false,0,0
"Deep - Resource Manager","Deep","Resource Manager","DP-ORANGE02",1429,23,"Boss Vote Failed - Game Over","boss_vote_failed",8,0,10,16,4,24300,true,false,2100.0,23,0,0,127.00,8,0,4000,"",0,0,0,0,1,0,1.000,6.96,6,true,3,0,3,3,0,0,0.000,1.000,"|||camp||crossing_pass|||||crossing_pass||||||||crossing_pass||||",false,false,0,0
"Deep - Resource Manager","Deep","Resource Manager","DP-ORANGE02",1430,23,"Boss Vote Failed - Game Over","boss_vote_failed",8,0,10,20,4,23300,true,false,2100.0,22,0,1,132.77,8,0,4000,"",0,4,0,0,0,0,0.957,6.96,5,true,3,0,3,1,2,0,0.000,0.333,"||||detour||||||detour|||||||crossing_pass|||||",false,false,0,0
"Deep - Resource Manager","Deep","Resource Manager","DP-ORANGE02",1431,22,"Victory - Boss Defeated","boss.victory",7,0,10,17,4,23800,true,true,2100.0,21,1,0,132.77,7,0,4000,"",0,0,0,0,0,0,1.000,6.36,6,true,3,0,3,3,0,0,0.000,1.000,"|||||crossing_pass|||||crossing_pass|||||||crossing_pass||||",false,false,0,0
"Deep - Resource Manager","Deep","Resource Manager","DP-ORANGE02",1432,22,"Boss Vote Failed - Game Over","boss_vote_failed",7,0,10,18,4,24300,true,false,2100.0,22,0,0,132.77,7,0,4000,"",0,0,0,0,0,0,1.000,6.36,5,true,3,0,3,3,0,0,0.000,1.000,"|||||crossing_pass|||||crossing_pass|||||||crossing_pass||||",false,false,0,0
"Deep - Resource Manager","Deep","Resource Manager","DP-ORANGE02",1433,23,"Boss Vote Failed - Game Over","boss_vote_failed",8,0,10,19,4,22800,true,false,2100.0,23,0,0,127.00,8,0,4000,"",0,0,0,0,0,0,1.000,6.96,6,true,3,0,3,2,1,0,0.000,0.667,"|||||detour||||||crossing_pass|||||||crossing_pass||||",false,false,0,0
"Deep - Resource Manager","Deep","Resource Manager","DP-ORANGE02",1434,23,"Boss Vote Failed - Game Over","boss_vote_failed",8,0,10,20,4,23300,true,false,2100.0,22,1,0,127.00,8,0,4000,"",0,2,0,0,1,0,1.000,6.96,5,true,3,0,3,2,1,0,0.000,0.667,"|||||detour|||||crossing_pass|||||||crossing_pass||camp|||",false,false,0,0
"Deep - Resource Manager","Deep","Resource Manager","DP-ORANGE02",1435,23,"Victory - Boss Defeated","boss.victory",9,0,10,20,4,23300,true,true,2100.0,21,2,0,127.00,9,0,4000,"",0,0,0,0,0,0,1.000,7.83,5,true,3,0,3,2,1,0,0.000,0.667,"|||||crossing_pass|||||crossing_pass|||||||detour|||||",false,false,0,0
"Deep - Resource Manager","Deep","Resource Manager","DP-ORANGE02",1436,23,"Boss Vote Failed - Game Over","boss_vote_failed",6,0,10,20,4,23800,true,false,2100.0,23,0,0,127.00,6,0,4000,"",0,0,0,0,1,0,1.000,5.22,5,true,3,0,3,1,2,0,0.000,0.333,"|||||detour|||||crossing_pass||||||camp||detour||||",false,false,0,0
"Deep - Resource Manager","Deep","Resource Manager","DP-ORANGE02",1437,22,"Victory - Boss Defeated","boss.victory",7,0,10,19,4,22600,true,true,2100.0,21,1,0,132.77,7,0,4000,"",0,6,0,0,0,0,1.000,6.36,6,true,3,0,3,3,0,0,0.000,1.000,"||||crossing_pass||||||crossing_pass|||||||crossing_pass||||",false,false,0,0
"Deep - Resource Manager","Deep","Resource Manager","DP-ORANGE02",1438,23,"Boss Vote Failed - Game Over","boss_vote_failed",7,0,10,19,4,22800,true,false,2100.0,23,0,0,127.00,7,0,4000,"",0,0,0,0,0,0,1.000,6.09,4,true,3,0,3,1,2,0,0.000,0.333,"|||||crossing_pass|||||detour|||||||detour|||||",false,false,0,0
"Deep - Resource Manager","Deep","Resource Manager","DP-ORANGE02",1439,23,"Victory - Boss Defeated","boss.victory",8,1,10,18,3,21800,true,true,2100.0,21,1,1,132.77,8,0,4000,"",0,0,0,0,0,1,0.957,6.96,5,true,3,0,3,3,0,0,0.000,1.000,"|||repair||crossing_pass|||||crossing_pass|||||||crossing_pass|||||",false,false,0,0
"Deep - Resource Manager","Deep","Resource Manager","DP-ORANGE02",1440,22,"Boss Vote Failed - Game Over","boss_vote_failed",7,0,10,20,4,24100,true,false,2100.0,22,0,0,132.77,7,0,4000,"",0,6,0,0,0,0,1.000,6.36,5,true,3,0,3,3,0,0,0.000,1.000,"|||||crossing_pass|||||crossing_pass|||||||crossing_pass||||",false,false,0,0
"Deep - Resource Manager","Deep","Resource Manager","DP-ORANGE02",1441,23,"Boss Vote Failed - Game Over","boss_vote_failed",7,1,10,20,3,21000,true,false,2100.0,22,0,1,132.77,7,3100,4000,"",0,9,0,0,0,1,0.957,6.09,6,true,3,0,3,2,1,0,0.000,0.667,"repair|||||detour|||||crossing_pass|||||||crossing_pass|||||",false,false,0,0
"Deep - Resource Manager","Deep","Resource Manager","DP-ORANGE02",1442,22,"Boss Vote Failed - Game Over","boss_vote_failed",7,1,10,20,4,22300,true,false,2100.0,22,0,0,132.77,7,0,4000,"",0,0,0,0,0,1,1.000,6.36,6,true,3,0,3,3,0,0,0.000,1.000,"||||crossing_pass||||repair||crossing_pass|||||||crossing_pass||||",false,false,0,0
"Deep - Resource Manager","Deep","Resource Manager","DP-ORANGE02",1443,23,"Victory - Boss Defeated","boss.victory",7,0,10,19,4,23800,true,true,2100.0,22,0,1,132.77,7,0,4000,"",0,9,0,0,1,0,0.957,6.09,5,true,3,0,3,2,1,0,0.000,0.667,"|||||crossing_pass|||||detour|||||||crossing_pass|camp||||",false,false,0,0
"Deep - Resource Manager","Deep","Resource Manager","DP-ORANGE02",1444,22,"Boss Vote Failed - Game Over","boss_vote_failed",7,0,10,18,4,23800,true,false,2100.0,22,0,0,132.77,7,0,4000,"",0,0,0,0,0,0,1.000,6.36,6,true,3,0,3,3,0,0,0.000,1.000,"|||||crossing_pass|||||crossing_pass|||||||crossing_pass||||",false,false,0,0
"Deep - Resource Manager","Deep","Resource Manager","DP-ORANGE02",1445,23,"Boss Vote Failed - Game Over","boss_vote_failed",7,0,10,18,3,23700,true,false,2100.0,22,0,1,132.77,7,0,4000,"",0,0,0,0,0,0,0.957,6.09,5,true,3,0,3,2,1,0,0.000,0.667,"|||||crossing_pass|||||detour|||||||crossing_pass|||||",false,false,0,0
"Deep - Resource Manager","Deep","Resource Manager","DP-ORANGE02",1446,23,"Victory - Boss Defeated","boss.victory",7,0,9,16,4,23700,true,true,2100.0,22,0,1,132.77,7,0,4000,"",0,0,0,0,1,0,0.957,6.09,7,true,3,0,3,2,1,0,0.000,0.667,"||||crossing_pass|||||crossing_pass||||||||detour||||camp|",false,false,0,0
"Deep - Resource Manager","Deep","Resource Manager","DP-ORANGE02",1447,23,"Boss Vote Failed - Game Over","boss_vote_failed",7,1,10,15,4,21800,true,false,2100.0,23,0,0,127.00,7,0,4000,"",0,4,0,0,1,1,1.000,6.09,6,true,3,0,3,3,0,0,0.000,1.000,"||||crossing_pass|||||crossing_pass||repair||||camp|||crossing_pass||||",false,false,0,0
"Deep - Resource Manager","Deep","Resource Manager","DP-ORANGE02",1448,23,"Boss Vote Failed - Game Over","boss_vote_failed",8,0,10,17,4,23300,true,false,2100.0,21,1,1,132.77,8,0,4000,"",0,0,0,0,0,0,0.957,6.96,5,true,3,0,3,3,0,0,0.000,1.000,"|||||crossing_pass|||||crossing_pass|||||||crossing_pass|||||",false,false,0,0
"Deep - Resource Manager","Deep","Resource Manager","DP-ORANGE02",1449,23,"Boss Vote Failed - Game Over","boss_vote_failed",7,1,9,16,4,22800,true,false,2100.0,23,0,0,127.00,7,0,4000,"",0,5,0,0,0,1,1.000,6.09,5,true,3,0,3,2,1,0,0.000,0.667,"|||||crossing_pass|||||detour||||||repair||crossing_pass||||",false,false,0,0
"Deep - Resource Manager","Deep","Resource Manager","DP-ORANGE02",1450,23,"Victory - Boss Defeated","boss.victory",8,0,10,19,4,22800,true,true,2100.0,23,0,0,127.00,8,0,4000,"",0,0,0,0,0,0,1.000,6.96,6,true,3,0,3,2,1,0,0.000,0.667,"|||||detour||||||crossing_pass|||||||crossing_pass||||",false,false,0,0
"Deep - Resource Manager","Deep","Resource Manager","DP-ORANGE02",1451,22,"Boss Vote Failed - Game Over","boss_vote_failed",6,1,10,19,4,23100,true,false,2100.0,22,0,0,132.77,6,0,4000,"",0,0,0,0,0,1,1.000,5.45,5,true,3,0,3,3,0,0,0.000,1.000,"|||||crossing_pass|||||crossing_pass||repair|||||crossing_pass||||",false,false,0,0
"Deep - Resource Manager","Deep","Resource Manager","DP-ORANGE02",1452,23,"Boss Vote Failed - Game Over","boss_vote_failed",7,0,9,18,3,23300,true,false,2100.0,21,1,1,132.77,7,0,4000,"",0,2,0,0,1,0,0.957,6.09,6,true,3,0,3,3,0,0,0.000,1.000,"|||camp||crossing_pass|||||crossing_pass|||||||crossing_pass|||||",false,false,0,0
"Deep - Resource Manager","Deep","Resource Manager","DP-ORANGE02",1453,22,"Boss Vote Failed - Game Over","boss_vote_failed",7,0,10,19,4,23800,true,false,2100.0,22,0,0,132.77,7,0,4000,"",0,0,0,0,0,0,1.000,6.36,6,true,3,0,3,3,0,0,0.000,1.000,"||||crossing_pass||||||crossing_pass|||||||crossing_pass||||",false,false,0,0
"Deep - Resource Manager","Deep","Resource Manager","DP-ORANGE02",1454,23,"Boss Vote Failed - Game Over","boss_vote_failed",6,0,10,20,3,22800,true,false,2100.0,22,0,1,132.77,6,0,4000,"",0,0,0,0,0,0,0.957,5.22,6,true,3,0,3,2,1,0,0.000,0.667,"|||||crossing_pass|||||crossing_pass|||||||detour|||||",false,false,0,0
"Deep - Resource Manager","Deep","Resource Manager","DP-ORANGE02",1455,22,"Boss Vote Failed - Game Over","boss_vote_failed",7,1,10,19,4,22100,true,false,2100.0,22,0,0,132.77,7,0,4000,"",0,4,0,0,0,1,1.000,6.36,6,true,3,0,3,3,0,0,0.000,1.000,"||||crossing_pass|||||crossing_pass||||repair||||crossing_pass||||",false,false,0,0
"Deep - Resource Manager","Deep","Resource Manager","DP-ORANGE02",1456,23,"Victory - Boss Defeated","boss.victory",7,0,10,20,3,22800,true,true,2100.0,22,1,0,127.00,7,0,4000,"",0,0,0,0,1,0,1.000,6.09,5,true,3,0,3,1,2,0,0.000,0.333,"|||||detour|||||detour||||camp||||crossing_pass||||",false,false,0,0
"Deep - Resource Manager","Deep","Resource Manager","DP-ORANGE02",1457,22,"Victory - Boss Defeated","boss.victory",8,0,10,19,4,23800,true,true,2100.0,21,1,0,132.77,8,0,4000,"",0,0,0,0,0,0,1.000,7.27,5,true,3,0,3,3,0,0,0.000,1.000,"|||||crossing_pass|||||crossing_pass|||||||crossing_pass||||",false,false,0,0
"Deep - Resource Manager","Deep","Resource Manager","DP-ORANGE02",1458,22,"Boss Vote Failed - Game Over","boss_vote_failed",6,0,10,20,4,22800,true,false,2100.0,21,1,0,132.77,6,0,4000,"",0,2,0,0,0,0,1.000,5.45,6,true,3,0,3,3,0,0,0.000,1.000,"|||||crossing_pass|||||crossing_pass|||||||crossing_pass||||",false,false,0,0
"Deep - Resource Manager","Deep","Resource Manager","DP-ORANGE02",1459,23,"Victory - Boss Defeated","boss.victory",9,0,10,18,4,23300,true,true,2100.0,23,0,0,127.00,9,0,4000,"",0,5,0,0,1,0,1.000,7.83,6,true,3,0,3,3,0,0,0.000,1.000,"|||||crossing_pass|camp|||||crossing_pass|||||||crossing_pass||||",false,false,0,0
"Deep - Resource Manager","Deep","Resource Manager","DP-ORANGE02",1460,23,"Boss Vote Failed - Game Over","boss_vote_failed",8,0,10,18,3,23300,true,false,2100.0,22,0,1,132.77,8,0,4000,"",0,0,0,0,0,0,0.957,6.96,5,true,3,0,3,2,1,0,0.000,0.667,"|||||crossing_pass|||||crossing_pass|||||||detour|||||",false,false,0,0
"Deep - Resource Manager","Deep","Resource Manager","DP-ORANGE02",1461,22,"Boss Vote Failed - Game Over","boss_vote_failed",7,0,10,19,4,23200,true,false,2100.0,22,0,0,132.77,7,0,4000,"",0,5,0,0,0,0,1.000,6.36,7,true,3,0,3,3,0,0,0.000,1.000,"|||||crossing_pass|||||crossing_pass|||||||crossing_pass||||",false,false,0,0
"Deep - Resource Manager","Deep","Resource Manager","DP-ORANGE02",1462,22,"Boss Vote Failed - Game Over","boss_vote_failed",6,0,10,20,4,23800,true,false,2100.0,22,0,0,132.77,6,0,4000,"",0,0,0,0,0,0,1.000,5.45,6,true,3,0,3,1,2,0,0.000,0.333,"||||detour||||||detour|||||||crossing_pass||||",false,false,0,0
"Deep - Resource Manager","Deep","Resource Manager","DP-ORANGE02",1463,22,"Boss Vote Failed - Game Over","boss_vote_failed",6,0,10,20,4,22700,true,false,2100.0,22,0,0,132.77,6,0,4000,"",0,6,0,0,0,0,1.000,5.45,6,true,3,0,3,3,0,0,0.000,1.000,"||||crossing_pass|||||crossing_pass||||||||crossing_pass||||",false,false,0,0
"Deep - Resource Manager","Deep","Resource Manager","DP-ORANGE02",1464,22,"Victory - Boss Defeated","boss.victory",7,1,10,20,4,20200,true,true,2100.0,22,0,0,132.77,7,3100,4000,"",0,0,0,0,0,1,1.000,6.36,5,true,3,0,3,3,0,0,0.000,1.000,"|||repair||crossing_pass|||||crossing_pass|||||||crossing_pass||||",false,false,0,0
"Deep - Resource Manager","Deep","Resource Manager","DP-ORANGE02",1465,23,"Boss Vote Failed - Game Over","boss_vote_failed",8,0,10,17,4,22800,true,false,2100.0,23,0,0,127.00,8,0,4000,"",0,4,0,0,0,0,1.000,6.96,6,true,3,0,3,2,1,0,0.000,0.667,"|||||crossing_pass|||||crossing_pass|||||||detour|||||",false,false,0,0
"Deep - Resource Manager","Deep","Resource Manager","DP-ORANGE02",1466,22,"Boss Vote Failed - Game Over","boss_vote_failed",7,0,10,18,4,23800,true,false,2100.0,22,0,0,132.77,7,0,4000,"",0,0,0,0,0,0,1.000,6.36,6,true,3,0,3,2,1,0,0.000,0.667,"|||||crossing_pass|||||detour|||||||crossing_pass||||",false,false,0,0
"Deep - Resource Manager","Deep","Resource Manager","DP-ORANGE02",1467,22,"Boss Vote Failed - Game Over","boss_vote_failed",7,0,10,19,4,22600,true,false,2100.0,22,0,0,132.77,7,0,4000,"",0,5,0,0,0,0,1.000,6.36,6,true,3,0,3,2,1,0,0.000,0.667,"||||crossing_pass||||||detour|||||||crossing_pass||||",false,false,0,0
"Deep - Resource Manager","Deep","Resource Manager","DP-ORANGE02",1468,23,"Boss Vote Failed - Game Over","boss_vote_failed",7,0,10,20,3,23300,true,false,2100.0,20,2,1,132.77,7,0,4000,"",0,8,0,0,1,0,0.957,6.09,6,true,3,0,3,3,0,0,0.000,1.000,"||||crossing_pass|||||crossing_pass||||||||crossing_pass|||camp||",false,false,0,0
"Deep - Resource Manager","Deep","Resource Manager","DP-ORANGE02",1469,22,"Boss Vote Failed - Game Over","boss_vote_failed",7,0,10,20,4,23700,true,false,2100.0,22,0,0,132.77,7,0,4000,"tariff_tsunami",1,0,0,0,0,0,1.000,6.36,5,true,3,0,3,3,0,0,0.000,1.000,"|||||crossing_pass|||||crossing_pass|||||||crossing_pass||||",false,false,0,0
"Deep - Resource Manager","Deep","Resource Manager","DP-ORANGE02",1470,23,"Boss Vote Failed - Game Over","boss_vote_failed",7,1,9,17,4,21200,true,false,2100.0,23,0,0,127.00,7,3100,4000,"",0,0,0,1,0,1,1.000,6.09,5,true,3,0,3,2,1,0,0.000,0.667,"|||||crossing_pass|||repair||crossing_pass|||||||detour|||||",false,false,0,0
"Deep - Resource Manager","Deep","Resource Manager","DP-ORANGE02",1471,22,"Boss Vote Failed - Game Over","boss_vote_failed",7,0,10,18,4,24300,true,false,2100.0,21,1,0,132.77,7,0,4000,"",0,6,0,0,0,0,1.000,6.36,5,true,3,0,3,3,0,0,0.000,1.000,"|||||crossing_pass|||||crossing_pass|||||||crossing_pass||||",false,false,0,0
"Deep - Resource Manager","Deep","Resource Manager","DP-ORANGE02",1472,23,"Boss Vote Failed - Game Over","boss_vote_failed",8,1,10,16,4,22100,true,false,2100.0,21,1,1,132.77,8,0,4000,"",0,0,0,0,0,1,0.957,6.96,6,true,3,0,3,3,0,0,0.000,1.000,"|||||crossing_pass|||||crossing_pass|||||repair||crossing_pass|||||",false,false,0,0
"Deep - Resource Manager","Deep","Resource Manager","DP-ORANGE02",1473,23,"Victory - Boss Defeated","boss.victory",7,0,10,20,4,22700,true,true,2100.0,22,0,1,132.77,7,0,4000,"",0,0,0,0,1,0,0.957,6.09,7,true,3,0,3,2,1,0,0.000,0.667,"|||||crossing_pass|||||detour|||||camp|||crossing_pass||||",false,false,0,0
"Deep - Resource Manager","Deep","Resource Manager","DP-ORANGE02",1474,23,"Boss Vote Failed - Game Over","boss_vote_failed",7,1,10,19,3,20200,true,false,2100.0,21,1,1,132.77,7,3100,4000,"",0,3,0,0,0,1,0.957,6.09,5,true,3,0,3,3,0,0,0.000,1.000,"|||||crossing_pass|||||crossing_pass|||||||repair|crossing_pass||||",false,false,0,0
"Deep - Resource Manager","Deep","Resource Manager","DP-ORANGE02",1475,22,"Boss Vote Failed - Game Over","boss_vote_failed",6,0,10,20,4,23200,true,false,2100.0,22,0,0,132.77,6,0,4000,"",0,0,0,0,0,0,1.000,5.45,6,true,3,0,3,3,0,0,0.000,1.000,"||||crossing_pass|||||crossing_pass||||||||crossing_pass||||",false,false,0,0
"Deep - Resource Manager","Deep","Resource Manager","DP-ORANGE02",1476,22,"Victory - Boss Defeated","boss.victory",6,0,10,18,4,22000,true,true,2100.0,22,0,0,132.77,6,0,4000,"",0,0,0,0,0,0,1.000,5.45,6,true,3,0,3,2,1,0,0.000,0.667,"||||crossing_pass|||||crossing_pass||||||||detour||||",false,false,0,0
"Deep - Resource Manager","Deep","Resource Manager","DP-ORANGE02",1477,23,"Boss Vote Failed - Game Over","boss_vote_failed",8,0,10,20,3,24100,true,false,2100.0,21,1,1,132.77,8,0,4000,"",0,1,0,0,0,0,0.957,6.96,5,true,3,0,3,2,1,0,0.000,0.667,"|||||crossing_pass|||||detour|||||||crossing_pass|||||",false,false,0,0
"Deep - Resource Manager","Deep","Resource Manager","DP-ORANGE02",1478,23,"Victory - Boss Defeated","boss.victory",6,1,10,18,4,21200,true,true,2100.0,22,0,1,132.77,6,0,4000,"",0,0,0,0,0,1,0.957,5.22,6,true,3,0,3,3,0,0,0.000,1.000,"||||crossing_pass||||||crossing_pass;repair|||||||crossing_pass|||||",false,false,0,0
"Deep - Resource Manager","Deep","Resource Manager","DP-ORANGE02",1479,23,"Victory - Boss Defeated","boss.victory",8,0,10,19,3,23800,true,true,2100.0,22,0,1,132.77,8,0,4000,"",0,0,0,0,0,0,0.957,6.96,5,true,3,0,3,1,2,0,0.000,0.333,"|||||crossing_pass|||||detour|||||||detour|||||",false,false,0,0
"Deep - Resource Manager","Deep","Resource Manager","DP-ORANGE02",1480,22,"Victory - Boss Defeated","boss.victory",7,0,10,19,4,23800,true,true,2100.0,22,0,0,132.77,7,0,4000,"",0,0,0,0,0,0,1.000,6.36,5,true,3,0,3,3,0,0,0.000,1.000,"|||||crossing_pass|||||crossing_pass|||||||crossing_pass||||",false,false,0,0
"Deep - Resource Manager","Deep","Resource Manager","DP-ORANGE02",1481,22,"Victory - Boss Defeated","boss.victory",7,0,10,18,4,22600,true,true,2100.0,21,1,0,132.77,7,0,4000,"",0,0,1,0,0,0,1.000,6.36,6,true,3,0,3,3,0,0,0.000,1.000,"||||crossing_pass|||||crossing_pass||||||||crossing_pass||||",false,false,0,0
"Deep - Resource Manager","Deep","Resource Manager","DP-ORANGE02",1482,22,"Victory - Boss Defeated","boss.victory",6,0,10,18,4,23800,true,true,2100.0,22,0,0,132.77,6,0,4000,"",0,0,0,0,0,0,1.000,5.45,6,true,3,0,3,3,0,0,0.000,1.000,"|||||crossing_pass|||||crossing_pass|||||||crossing_pass||||",false,false,0,0
"Deep - Resource Manager","Deep","Resource Manager","DP-ORANGE02",1483,22,"Boss Vote Failed - Game Over","boss_vote_failed",7,0,10,20,4,23800,true,false,2100.0,22,0,0,132.77,7,0,4000,"",0,0,0,0,0,0,1.000,6.36,5,true,3,0,3,3,0,0,0.000,1.000,"|||||crossing_pass|||||crossing_pass|||||||crossing_pass||||",false,false,0,0
"Deep - Resource Manager","Deep","Resource Manager","DP-ORANGE02",1484,22,"Boss Vote Failed - Game Over","boss_vote_failed",7,0,10,15,4,24300,true,false,2100.0,20,2,0,132.77,7,0,4000,"",0,0,0,0,0,0,1.000,6.36,6,true,3,0,3,3,0,0,0.000,1.000,"||||crossing_pass|||||crossing_pass||||||||crossing_pass||||",false,false,0,0
"Deep - Resource Manager","Deep","Resource Manager","DP-ORANGE02",1485,22,"Boss Vote Failed - Game Over","boss_vote_failed",6,0,10,18,4,23800,true,false,2100.0,22,0,0,132.77,6,0,4000,"",0,5,0,0,0,0,1.000,5.45,6,true,3,0,3,3,0,0,0.000,1.000,"||||crossing_pass|||||crossing_pass||||||||crossing_pass||||",false,false,0,0
"Deep - Resource Manager","Deep","Resource Manager","DP-ORANGE02",1486,22,"Boss Vote Failed - Game Over","boss_vote_failed",6,0,10,19,4,23300,true,false,2100.0,22,0,0,132.77,6,0,4000,"",0,4,0,0,0,0,1.000,5.45,6,true,3,0,3,3,0,0,0.000,1.000,"|||||crossing_pass|||||crossing_pass|||||||crossing_pass||||",false,false,0,0
"Deep - Resource Manager","Deep","Resource Manager","DP-ORANGE02",1487,22,"Victory - Boss Defeated","boss.victory",7,0,10,19,4,23200,true,true,2100.0,22,0,0,132.77,7,0,4000,"",0,0,0,0,1,0,1.000,6.36,7,true,3,0,3,2,1,0,0.000,0.667,"||||crossing_pass||||||detour||||camp|||crossing_pass||||",false,false,0,0
"Deep - Resource Manager","Deep","Resource Manager","DP-ORANGE02",1488,22,"Boss Vote Failed - Game Over","boss_vote_failed",6,0,10,20,4,24100,true,false,2100.0,22,0,0,132.77,6,0,4000,"",0,0,0,0,0,0,1.000,5.45,5,true,3,0,3,1,2,0,0.000,0.333,"|||||crossing_pass|||||detour|||||||detour||||",false,false,0,0
"Deep - Resource Manager","Deep","Resource Manager","DP-ORANGE02",1489,22,"Boss Vote Failed - Game Over","boss_vote_failed",7,0,10,18,4,23800,true,false,2100.0,21,1,0,132.77,7,0,4000,"",0,0,1,0,0,0,1.000,6.36,6,true,3,0,3,2,1,0,0.000,0.667,"|||||crossing_pass|||||detour|||||||crossing_pass||||",false,false,0,0
"Deep - Resource Manager","Deep","Resource Manager","DP-ORANGE02",1490,23,"Boss Vote Failed - Game Over","boss_vote_failed",8,0,10,18,4,24000,true,false,2100.0,20,2,1,132.77,8,0,4000,"",0,0,0,0,1,0,0.957,6.96,7,true,3,0,3,3,0,0,0.000,1.000,"||||crossing_pass|||||crossing_pass|||||||camp||crossing_pass||||",false,false,0,0
"Deep - Resource Manager","Deep","Resource Manager","DP-ORANGE02",1491,23,"Victory - Boss Defeated","boss.victory",8,0,10,19,3,23400,true,true,2100.0,22,0,1,132.77,8,0,4000,"war_dept_reorg",2,0,0,0,0,0,0.957,6.96,8,true,3,0,3,2,1,0,0.000,0.667,"||||crossing_pass||||||crossing_pass|||||||detour|||||",false,false,0,0
"Deep - Resource Manager","Deep","Resource Manager","DP-ORANGE02",1492,22,"Boss Vote Failed - Game Over","boss_vote_failed",7,0,10,20,4,23200,true,false,2100.0,22,0,0,132.77,7,0,4000,"",0,7,0,0,0,0,1.000,6.36,6,true,3,0,3,3,0,0,0.000,1.000,"||||crossing_pass|||||crossing_pass||||||||crossing_pass||||",false,false,0,0
"Deep - Resource Manager","Deep","Resource Manager","DP-ORANGE02",1493,23,"Victory - Boss Defeated","boss.victory",9,0,10,20,3,24100,true,true,2100.0,22,0,1,132.77,9,0,4000,"",0,4,0,0,0,0,0.957,7.83,5,true,3,0,3,3,0,0,0.000,1.000,"|||||crossing_pass|||||crossing_pass|||||||crossing_pass|||||",false,false,0,0
"Deep - Resource Manager","Deep","Resource Manager","DP-ORANGE02",1494,23,"Boss Vote Failed - Game Over","boss_vote_failed",8,0,10,20,3,22900,true,false,2100.0,21,1,1,132.77,8,0,4000,"",0,6,0,0,0,0,0.957,6.96,5,true,3,0,3,2,1,0,0.000,0.667,"|||||crossing_pass|||||detour|||||||crossing_pass|||||",false,false,0,0
"Deep - Resource Manager","Deep","Resource Manager","DP-ORANGE02",1495,22,"Boss Vote Failed - Game Over","boss_vote_failed",7,0,10,20,4,23800,true,false,2100.0,21,1,0,132.77,7,0,4000,"tariff_tsunami",1,0,0,0,0,0,1.000,6.36,6,true,3,0,3,3,0,0,0.000,1.000,"|||||crossing_pass|||||crossing_pass|||||||crossing_pass||||",false,false,0,0
"Deep - Resource Manager","Deep","Resource Manager","DP-ORANGE02",1496,24,"Boss Vote Failed - Game Over","boss_vote_failed",7,1,10,15,4,21900,true,false,2100.0,23,0,1,127.00,7,0,4000,"",0,0,0,0,1,1,0.958,5.83,6,true,3,0,3,1,2,0,0.000,0.333,"||||detour|||repair|||detour|||||||camp||crossing_pass||||",false,false,0,0
"Deep - Resource Manager","Deep","Resource Manager","DP-ORANGE02",1497,23,"Boss Vote Failed - Game Over","boss_vote_failed",8,3,10,20,4,15700,true,false,2100.0,23,0,0,127.00,8,2700,4000,"",0,0,0,0,0,3,1.000,6.96,6,true,3,0,3,3,0,0,0.000,1.000,"||||repair|crossing_pass||repair|||crossing_pass||||||repair||crossing_pass||||",false,false,0,0
"Deep - Resource Manager","Deep","Resource Manager","DP-ORANGE02",1498,22,"Boss Vote Failed - Game Over","boss_vote_failed",8,0,9,19,4,25100,true,false,2100.0,21,1,0,132.77,8,0,4000,"",0,7,0,0,0,0,1.000,7.27,5,true,3,0,3,3,0,0,0.000,1.000,"|||||crossing_pass|||||crossing_pass|||||||crossing_pass||||",false,false,0,0
"Deep - Resource Manager","Deep","Resource Manager","DP-ORANGE02",1499,24,"Boss Vote Failed - Game Over","boss_vote_failed",8,0,10,19,3,22300,true,false,2100.0,22,0,2,132.77,8,0,4000,"",0,0,0,0,2,0,0.917,6.67,5,true,3,0,3,3,0,0,0.000,1.000,"|||||crossing_pass|||||crossing_pass||||||camp||crossing_pass|camp||||",false,false,0,0
"Deep - Resource Manager","Deep","Resource Manager","DP-ORANGE02",1500,23,"Boss Vote Failed - Game Over","boss_vote_failed",8,0,10,19,3,22600,true,false,2100.0,22,0,1,132.77,8,0,4000,"",0,0,0,0,0,0,0.957,6.96,5,true,3,0,3,1,2,0,0.000,0.333,"||||detour||||||detour|||||||crossing_pass|||||",false,false,0,0
"Deep - Resource Manager","Deep","Resource Manager","DP-ORANGE02",1501,22,"Boss Vote Failed - Game Over","boss_vote_failed",8,0,10,19,4,23800,true,false,2100.0,20,2,0,132.77,8,0,4000,"",0,7,0,0,0,0,1.000,7.27,5,true,3,0,3,3,0,0,0.000,1.000,"|||||crossing_pass|||||crossing_pass|||||||crossing_pass||||",false,false,0,0
"Deep - Resource Manager","Deep","Resource Manager","DP-ORANGE02",1502,22,"Boss Vote Failed - Game Over","boss_vote_failed",6,1,10,15,4,22300,true,false,2100.0,22,0,0,132.77,6,0,4000,"",0,0,0,0,0,1,1.000,5.45,6,true,3,0,3,3,0,0,0.000,1.000,"||||crossing_pass|repair|||||crossing_pass|||||||crossing_pass||||",false,false,0,0
"Deep - Resource Manager","Deep","Resource Manager","DP-ORANGE02",1503,23,"Boss Vote Failed - Game Over","boss_vote_failed",7,0,10,20,4,22300,true,false,2100.0,22,1,0,127.00,7,0,4000,"",0,0,0,0,1,0,1.000,6.09,6,true,3,0,3,3,0,0,0.000,1.000,"|||||crossing_pass|||||crossing_pass|||||camp|||crossing_pass||||",false,false,0,0
"Deep - Resource Manager","Deep","Resource Manager","DP-ORANGE02",1504,22,"Boss Vote Failed - Game Over","boss_vote_failed",8,0,9,20,4,24300,true,false,2100.0,22,0,0,132.77,8,0,4000,"book_panic",2,0,0,0,0,0,1.000,7.27,5,true,3,0,3,2,1,0,0.000,0.667,"|||||detour|||||crossing_pass|||||||crossing_pass||||",false,false,0,0
"Deep - Resource Manager","Deep","Resource Manager","DP-ORANGE02",1505,22,"Boss Vote Failed - Game Over","boss_vote_failed",7,0,10,18,4,24300,true,false,2100.0,21,1,0,132.77,7,0,4000,"",0,0,0,0,0,0,1.000,6.36,5,true,3,0,3,3,0,0,0.000,1.000,"|||||crossing_pass|||||crossing_pass|||||||crossing_pass||||",false,false,0,0
"Deep - Resource Manager","Deep","Resource Manager","DP-ORANGE02",1506,22,"Boss Vote Failed - Game Over","boss_vote_failed",7,0,10,18,4,24600,true,false,2100.0,22,0,0,132.77,7,0,4000,"",0,8,0,0,0,0,1.000,6.36,5,true,3,0,3,3,0,0,0.000,1.000,"|||||crossing_pass|||||crossing_pass|||||||crossing_pass||||",false,false,0,0
"Deep - Resource Manager","Deep","Resource Manager","DP-ORANGE02",1507,22,"Boss Vote Failed - Game Over","boss_vote_failed",7,0,10,19,4,23300,true,false,2100.0,21,1,0,132.77,7,0,4000,"",0,0,0,0,0,0,1.000,6.36,5,true,3,0,3,3,0,0,0.000,1.000,"|||||crossing_pass|||||crossing_pass|||||||crossing_pass||||",false,false,0,0
"Deep - Resource Manager","Deep","Resource Manager","DP-ORANGE02",1508,22,"Boss Vote Failed - Game Over","boss_vote_failed",6,0,10,20,4,23800,true,false,2100.0,22,0,0,132.77,6,0,4000,"",0,0,0,0,0,0,1.000,5.45,5,true,3,0,3,2,1,0,0.000,0.667,"||||detour||||||crossing_pass|||||||crossing_pass||||",false,false,0,0
"Deep - Resource Manager","Deep","Resource Manager","DP-ORANGE02",1509,23,"Boss Vote Failed - Game Over","boss_vote_failed",9,1,10,19,4,21000,true,false,2100.0,23,0,0,127.00,9,0,4000,"war_dept_reorg",1,0,0,0,1,1,1.000,7.83,6,true,3,0,3,2,1,0,0.000,0.667,"||camp|||crossing_pass|||||crossing_pass|||||repair|||detour||||",false,false,0,0
"Deep - Resource Manager","Deep","Resource Manager","DP-ORANGE02",1510,23,"Boss Vote Failed - Game Over","boss_vote_failed",8,0,10,19,4,23300,true,false,2100.0,22,0,1,132.77,8,0,4000,"",0,0,0,0,0,0,0.957,6.96,5,true,3,0,3,2,1,0,0.000,0.667,"|||||crossing_pass|||||crossing_pass|||||||detour|||||",false,false,0,0
"Deep - Resource Manager","Deep","Resource Manager","DP-ORANGE02",1511,22,"Victory - Boss Defeated","boss.victory",7,0,10,19,4,23300,true,true,2100.0,22,0,0,132.77,7,0,4000,"tariff_tsunami",2,0,0,0,0,0,1.000,6.36,5,true,3,0,3,3,0,0,0.000,1.000,"|||||crossing_pass|||||crossing_pass|||||||crossing_pass||||",false,false,0,0
"Deep - Resource Manager","Deep","Resource Manager","DP-ORANGE02",1512,22,"Boss Vote Failed - Game Over","boss_vote_failed",8,0,10,19,4,23700,true,false,2100.0,21,1,0,132.77,8,0,4000,"",0,0,0,0,0,0,1.000,7.27,5,true,3,0,3,3,0,0,0.000,1.000,"|||||crossing_pass|||||crossing_pass|||||||crossing_pass||||",false,false,0,0
"Deep - Resource Manager","Deep","Resource Manager","DP-ORANGE02",1513,22,"Boss Vote Failed - Game Over","boss_vote_failed",7,0,10,18,4,23800,true,false,2100.0,22,0,0,132.77,7,0,4000,"",0,6,0,0,0,0,1.000,6.36,6,true,3,0,3,3,0,0,0.000,1.000,"||||crossing_pass||||||crossing_pass|||||||crossing_pass||||",false,false,0,0
"Deep - Resource Manager","Deep","Resource Manager","DP-ORANGE02",1514,22,"Boss Vote Failed - Game Over","boss_vote_failed",7,0,10,18,4,24300,true,false,2100.0,21,1,0,132.77,7,0,4000,"",0,0,0,0,0,0,1.000,6.36,5,true,3,0,3,3,0,0,0.000,1.000,"|||||crossing_pass|||||crossing_pass|||||||crossing_pass||||",false,false,0,0
"Deep - Resource Manager","Deep","Resource Manager","DP-ORANGE02",1515,23,"Boss Vote Failed - Game Over","boss_vote_failed",7,0,10,20,4,22800,true,false,2100.0,22,0,1,132.77,7,0,4000,"",0,0,0,0,0,0,0.957,6.09,6,true,3,0,3,3,0,0,0.000,1.000,"|||||crossing_pass|||||crossing_pass|||||||crossing_pass|||||",false,false,0,0
"Deep - Resource Manager","Deep","Resource Manager","DP-ORANGE02",1516,24,"Victory - Boss Defeated","boss.victory",8,0,10,19,2,22100,true,true,2100.0,22,0,2,132.77,8,0,4000,"",0,0,0,1,1,0,0.917,6.67,5,true,3,0,3,3,0,0,0.000,1.000,"|||camp|||crossing_pass|||||crossing_pass|||||||crossing_pass|||||",false,false,0,0
"Deep - Resource Manager","Deep","Resource Manager","DP-ORANGE02",1517,23,"Boss Vote Failed - Game Over","boss_vote_failed",6,0,10,16,4,24300,true,false,2100.0,22,0,1,132.77,6,0,4000,"",0,0,0,0,1,0,0.957,5.22,6,true,3,0,3,3,0,0,0.000,1.000,"||camp|||crossing_pass|||||crossing_pass|||||||crossing_pass|||||",false,false,0,0
"Deep - Resource Manager","Deep","Resource Manager","DP-ORANGE02",1518,22,"Boss Vote Failed - Game Over","boss_vote_failed",6,1,9,18,4,20600,true,false,2100.0,22,0,0,132.77,6,3100,4000,"",0,0,1,0,0,1,1.000,5.45,5,true,3,0,3,2,1,0,0.000,0.667,"|||||crossing_pass|||||crossing_pass|repair||||||detour||||",false,false,0,0
"Deep - Resource Manager","Deep","Resource Manager","DP-ORANGE02",1519,24,"Boss Vote Failed - Game Over","boss_vote_failed",7,0,9,20,4,22300,true,false,2100.0,23,0,1,127.00,7,0,4000,"",0,0,0,0,1,0,0.958,5.83,5,true,3,0,3,1,2,0,0.000,0.333,"|||||detour|||||crossing_pass||||||||camp|detour||||",false,false,0,0
"Deep - Resource Manager","Deep","Resource Manager","DP-ORANGE02",1520,23,"Boss Vote Failed - Game Over","boss_vote_failed",8,0,10,19,3,22700,true,false,2100.0,21,1,1,132.77,8,0,4000,"",0,0,0,0,0,0,0.957,6.96,5,true,3,0,3,3,0,0,0.000,1.000,"|||||crossing_pass|||||crossing_pass|||||||crossing_pass|||||",false,false,0,0
"Deep - Resource Manager","Deep","Resource Manager","DP-ORANGE02",1521,23,"Victory - Boss Defeated","boss.victory",7,0,10,18,4,23800,true,true,2100.0,21,1,1,132.77,7,0,4000,"",0,0,0,0,1,0,0.957,6.09,6,true,3,0,3,3,0,0,0.000,1.000,"||||crossing_pass||||||crossing_pass|||||||crossing_pass||camp|||",false,false,0,0
"Deep - Resource Manager","Deep","Resource Manager","DP-ORANGE02",1522,22,"Boss Vote Failed - Game Over","boss_vote_failed",8,0,10,19,4,23300,true,false,2100.0,22,0,0,132.77,8,0,4000,"",0,4,0,0,0,0,1.000,7.27,6,true,3,0,3,3,0,0,0.000,1.000,"|||||crossing_pass|||||crossing_pass|||||||crossing_pass||||",false,false,0,0
"Deep - Resource Manager","Deep","Resource Manager","DP-ORANGE02",1523,23,"Victory - Boss Defeated","boss.victory",7,1,10,18,4,20600,true,true,2100.0,21,1,1,132.77,7,3100,4000,"",0,0,0,0,1,1,0.957,6.09,6,true,3,0,3,3,0,0,0.000,1.000,"|||||crossing_pass||||crossing_pass|repair|||||||camp|crossing_pass||||",false,false,0,0
"Deep - Resource Manager","Deep","Resource Manager","DP-ORANGE02",1524,23,"Boss Vote Failed - Game Over","boss_vote_failed",7,0,10,20,3,23800,true,false,2100.0,22,0,1,132.77,7,0,4000,"",0,0,0,0,0,0,0.957,6.09,7,true,3,0,3,2,1,0,0.000,0.667,"||||crossing_pass||||||detour|||||||crossing_pass|||||",false,false,0,0
"Deep - Resource Manager","Deep","Resource Manager","DP-ORANGE02",1525,23,"Victory - Boss Defeated","boss.victory",9,0,10,16,4,24300,true,true,2100.0,21,2,0,127.00,9,0,4000,"",0,0,0,0,0,0,1.000,7.83,6,true,3,0,3,2,1,0,0.000,0.667,"|||||crossing_pass|||||crossing_pass|||||||detour|||||",false,false,0,0
"Deep - Resource Manager","Deep","Resource Manager","DP-ORANGE02",1526,22,"Boss Vote Failed - Game Over","boss_vote_failed",6,0,9,19,4,23800,true,false,2100.0,22,0,0,132.77,6,0,4000,"",0,0,0,0,0,0,1.000,5.45,6,true,3,0,3,3,0,0,0.000,1.000,"||||crossing_pass||||||crossing_pass|||||||crossing_pass||||",false,false,0,0
"Deep - Resource Manager","Deep","Resource Manager","DP-ORANGE02",1527,22,"Boss Vote Failed - Game Over","boss_vote_failed",7,0,10,18,4,23300,true,false,2100.0,22,0,0,132.77,7,0,4000,"",0,0,0,0,0,0,1.000,6.36,5,true,3,0,3,3,0,0,0.000,1.000,"|||||crossing_pass|||||crossing_pass|||||||crossing_pass||||",false,false,0,0
"Deep - Resource Manager","Deep","Resource Manager","DP-ORANGE02",1528,22,"Victory - Boss Defeated","boss.victory",7,0,10,20,4,22600,true,true,2100.0,22,0,0,132.77,7,0,4000,"",0,0,0,0,0,0,1.000,6.36,7,true,3,0,3,3,0,0,0.000,1.000,"||||crossing_pass||||||crossing_pass|||||||crossing_pass||||",false,false,0,0
"Deep - Resource Manager","Deep","Resource Manager","DP-ORANGE02",1529,23,"Boss Vote Failed - Game Over","boss_vote_failed",6,2,10,18,4,18900,true,false,2100.0,22,0,1,132.77,6,2700,4000,"",0,0,0,0,0,2,0.957,5.22,5,true,3,0,3,3,0,0,0.000,1.000,"|||||crossing_pass||||repair|crossing_pass|||||||crossing_pass|repair||||",false,false,0,0
"Deep - Resource Manager","Deep","Resource Manager","DP-ORANGE02",1530,23,"Victory - Boss Defeated","boss.victory",7,0,10,19,4,23800,true,true,2100.0,22,0,1,132.77,7,0,4000,"",0,0,0,0,1,0,0.957,6.09,6,true,3,0,3,2,1,0,0.000,0.667,"|||||detour|||||crossing_pass|||||||crossing_pass||camp|||",false,false,0,0
"Deep - Resource Manager","Deep","Resource Manager","DP-ORANGE02",1531,23,"Boss Vote Failed - Game Over","boss_vote_failed",8,0,10,15,4,24300,true,false,2100.0,22,0,1,132.77,8,0,4000,"",0,0,0,0,1,0,0.957,6.96,5,true,3,0,3,2,1,0,0.000,0.667,"|||||detour|||||crossing_pass|||||||crossing_pass||||camp|",false,false,0,0
"Deep - Resource Manager","Deep","Resource Manager","DP-ORANGE02",1532,23,"Victory - Boss Defeated","boss.victory",9,0,10,17,4,23800,true,true,2100.0,21,2,0,127.00,9,0,4000,"",0,0,0,0,1,0,1.000,7.83,7,true,3,0,3,3,0,0,0.000,1.000,"||||crossing_pass||||||crossing_pass|||||||crossing_pass||||camp|",false,false,0,0
"Deep - Resource Manager","Deep","Resource Manager","DP-ORANGE02",1533,22,"Victory - Boss Defeated","boss.victory",7,0,10,20,4,21500,true,true,2100.0,22,0,0,132.77,7,0,4000,"",0,0,0,0,0,0,1.000,6.36,5,true,3,0,3,2,1,0,0.000,0.667,"|||||crossing_pass|||||crossing_pass|||||||detour||||",false,false,0,0
"Deep - Resource Manager","Deep","Resource Manager","DP-ORANGE02",1534,22,"Victory - Boss Defeated","boss.victory",7,0,10,19,4,25100,true,true,2100.0,22,0,0,132.77,7,0,4000,"",0,0,0,0,0,0,1.000,6.36,6,true,3,0,3,3,0,0,0.000,1.000,"||||crossing_pass||||||crossing_pass|||||||crossing_pass||||",false,false,0,0
"Deep - Resource Manager","Deep","Resource Manager","DP-ORANGE02",1535,23,"Victory - Boss Defeated","boss.victory",7,0,10,20,3,23200,true,true,2100.0,22,0,1,132.77,7,0,4000,"",0,3,0,0,0,0,0.957,6.09,6,true,3,0,3,1,2,0,0.000,0.333,"|||||crossing_pass|||||detour|||||||detour|||||",false,false,0,0
"Deep - Resource Manager","Deep","Resource Manager","DP-ABBOTT03",1536,22,"Boss Vote Failed - Game Over","boss_vote_failed",7,1,10,20,4,21600,true,false,2100.0,22,0,0,132.77,7,0,4000,"",0,5,0,0,0,1,1.000,6.36,6,true,3,0,3,3,0,0,0.000,1.000,"|||||crossing_pass|||||crossing_pass|||||||crossing_pass|repair|||",false,false,0,0
"Deep - Resource Manager","Deep","Resource Manager","DP-ABSCAM03",1537,23,"Boss Vote Failed - Game Over","boss_vote_failed",7,0,10,18,3,23600,true,false,2100.0,21,1,1,132.77,7,0,4000,"war_dept_reorg",2,0,0,0,0,0,0.957,6.09,5,true,3,0,3,3,0,0,0.000,1.000,"|||||crossing_pass|||||crossing_pass|||||||crossing_pass|||||",false,false,0,0
"Deep - Resource Manager","Deep","Resource Manager","DP-AILEEN03",1538,22,"Boss Vote Failed - Game Over","boss_vote_failed",7,0,10,18,4,23800,true,false,2100.0,22,0,0,132.77,7,0,4000,"",0,0,0,0,0,0,1.000,6.36,6,true,3,0,3,2,1,0,0.000,0.667,"||||detour|||||crossing_pass||||||||crossing_pass||||",false,false,0,0
"Deep - Resource Manager","Deep","Resource Manager","DP-AILES03",1539,22,"Boss Vote Failed - Game Over","boss_vote_failed",7,0,10,18,4,22600,true,false,2100.0,22,0,0,132.77,7,0,4000,"",0,0,0,0,0,0,1.000,6.36,6,true,3,0,3,2,1,0,0.000,0.667,"|||||crossing_pass|||||crossing_pass|||||||detour||||",false,false,0,0
"Deep - Resource Manager","Deep","Resource Manager","DP-ALEXJON03",1540,22,"Victory - Boss Defeated","boss.victory",6,0,10,18,4,23300,true,true,2100.0,22,0,0,132.77,6,0,4000,"",0,0,0,0,0,0,1.000,5.45,6,true,3,0,3,3,0,0,0.000,1.000,"||||crossing_pass|||||crossing_pass||||||||crossing_pass||||",false,false,0,0
"Deep - Resource Manager","Deep","Resource Manager","DP-ALITO03",1541,23,"Boss Vote Failed - Game Over","boss_vote_failed",7,0,10,18,3,24100,true,false,2100.0,22,0,1,132.77,7,0,4000,"",0,4,0,0,0,0,0.957,6.09,5,true,3,0,3,3,0,0,0.000,1.000,"|||||crossing_pass|||||crossing_pass|||||||crossing_pass|||||",false,false,0,0
"Deep - Resource Manager","Deep","Resource Manager","DP-AMNESTY03",1542,22,"Boss Vote Failed - Game Over","boss_vote_failed",7,0,10,19,4,24300,true,false,2100.0,22,0,0,132.77,7,0,4000,"",0,0,0,0,0,0,1.000,6.36,6,true,3,0,3,2,1,0,0.000,0.667,"||||crossing_pass|||||crossing_pass||||||||detour||||",false,false,0,0
"Deep - Resource Manager","Deep","Resource Manager","DP-AMYBAR03",1543,22,"Boss Vote Failed - Game Over","boss_vote_failed",7,0,10,20,4,23300,true,false,2100.0,22,0,0,132.77,7,0,4000,"",0,0,0,0,0,0,1.000,6.36,6,true,3,0,3,3,0,0,0.000,1.000,"|||||crossing_pass|||||crossing_pass|||||||crossing_pass||||",false,false,0,0
"Deep - Resource Manager","Deep","Resource Manager","DP-ANTIFA03",1544,23,"Boss Vote Failed - Game Over","boss_vote_failed",7,0,9,16,4,23300,true,false,2100.0,21,1,1,132.77,7,0,4000,"",0,0,0,0,0,0,0.957,6.09,5,true,3,0,3,2,1,0,0.000,0.667,"|||||detour|||||crossing_pass|||||||crossing_pass|||||",false,false,0,0
"Deep - Resource Manager","Deep","Resource Manager","DP-ANTIVAX03",1545,23,"Boss Vote Failed - Game Over","boss_vote_failed",7,0,10,18,3,24600,true,false,2100.0,21,1,1,132.77,7,0,4000,"",0,0,0,0,0,0,0.957,6.09,5,true,3,0,3,2,1,0,0.000,0.667,"|||||detour|||||crossing_pass|||||||crossing_pass|||||",false,false,0,0
"Deep - Resource Manager","Deep","Resource Manager","DP-AOC03",1546,22,"Boss Vote Failed - Game Over","boss_vote_failed",7,0,10,18,4,25100,true,false,2100.0,22,0,0,132.77,7,0,4000,"",0,5,0,0,1,0,1.000,6.36,6,true,3,0,3,2,1,0,0.000,0.667,"||||detour||||camp||crossing_pass|||||||crossing_pass||||",false,false,0,0
"Deep - Resource Manager","Deep","Resource Manager","DP-ASYLUM03",1547,23,"Victory - Boss Defeated","boss.victory",7,0,10,17,4,24000,true,true,2100.0,22,0,1,132.77,7,0,4000,"",0,0,0,0,0,0,0.957,6.09,6,true,3,0,3,3,0,0,0.000,1.000,"|||||crossing_pass|||||crossing_pass|||||||crossing_pass|||||",false,false,0,0
"Deep - Resource Manager","Deep","Resource Manager","DP-AUDITAZ03",1548,22,"Victory - Boss Defeated","boss.victory",8,0,10,18,4,25100,true,true,2100.0,22,0,0,132.77,8,0,4000,"",0,0,0,0,0,0,1.000,7.27,5,true,3,0,3,3,0,0,0.000,1.000,"|||||crossing_pass|||||crossing_pass|||||||crossing_pass||||",false,false,0,0
"Deep - Resource Manager","Deep","Resource Manager","DP-AZAR03",1549,22,"Boss Vote Failed - Game Over","boss_vote_failed",7,0,10,18,4,24600,true,false,2100.0,22,0,0,132.77,7,0,4000,"",0,0,0,0,0,0,1.000,6.36,5,true,3,0,3,3,0,0,0.000,1.000,"|||||crossing_pass|||||crossing_pass|||||||crossing_pass||||",false,false,0,0
"Deep - Resource Manager","Deep","Resource Manager","DP-BANHAM03",1550,23,"Victory - Boss Defeated","boss.victory",7,0,10,18,4,23800,true,true,2100.0,22,0,1,132.77,7,0,4000,"",0,3,0,0,0,0,0.957,6.09,6,true,3,0,3,2,1,0,0.000,0.667,"|||||crossing_pass|||||detour|||||||crossing_pass|||||",false,false,0,0
"Deep - Resource Manager","Deep","Resource Manager","DP-BANNON03",1551,23,"Victory - Boss Defeated","boss.victory",7,1,10,19,4,19900,true,true,2100.0,23,0,0,127.00,7,2700,4000,"",0,0,0,0,0,1,1.000,6.09,7,true,3,0,3,1,2,0,0.000,0.333,"||||detour||||repair||crossing_pass|||||||detour|||||",false,false,0,0
"Deep - Resource Manager","Deep","Resource Manager","DP-BARR03",1552,24,"Boss Vote Failed - Game Over","boss_vote_failed",6,2,9,19,4,19800,true,false,2100.0,21,1,2,132.77,6,0,4000,"",0,0,0,0,1,2,0.917,5.00,6,true,3,0,3,3,0,0,0.000,1.000,"|||||camp|crossing_pass;repair|||||crossing_pass;repair|||||||crossing_pass|||||",false,false,0,0
"Deep - Resource Manager","Deep","Resource Manager","DP-BARRON03",1553,22,"Victory - Boss Defeated","boss.victory",7,1,10,19,4,22000,true,true,2100.0,22,0,0,132.77,7,0,4000,"",0,9,0,0,0,1,1.000,6.36,6,true,3,0,3,2,1,0,0.000,0.667,"|||||crossing_pass|repair||||detour|||||||crossing_pass||||",false,false,0,0
"Deep - Resource Manager","Deep","Resource Manager","DP-BECK03",1554,23,"Victory - Boss Defeated","boss.victory",8,0,10,19,3,24600,true,true,2100.0,22,0,1,132.77,8,0,4000,"",0,0,0,0,0,0,0.957,6.96,5,true,3,0,3,2,1,0,0.000,0.667,"|||||crossing_pass|||||detour|||||||crossing_pass|||||",false,false,0,0
"Deep - Resource Manager","Deep","Resource Manager","DP-BEDMIN03",1555,23,"Boss Vote Failed - Game Over","boss_vote_failed",8,0,10,17,4,23600,true,false,2100.0,22,0,1,132.77,8,0,4000,"",0,0,0,0,0,0,0.957,6.96,6,true,3,0,3,2,1,0,0.000,0.667,"|||||crossing_pass|||||crossing_pass|||||||detour|||||",false,false,0,0
"Deep - Resource Manager","Deep","Resource Manager","DP-BENGHAZ03",1556,22,"Victory - Boss Defeated","boss.victory",6,0,10,19,4,23200,true,true,2100.0,22,0,0,132.77,6,0,4000,"",0,4,0,0,0,0,1.000,5.45,6,true,3,0,3,2,1,0,0.000,0.667,"||||detour||||||crossing_pass|||||||crossing_pass||||",false,false,0,0
"Deep - Resource Manager","Deep","Resource Manager","DP-BERNIE03",1557,23,"Boss Vote Failed - Game Over","boss_vote_failed",7,1,10,20,4,21300,true,false,2100.0,23,0,0,127.00,7,0,4000,"",0,0,0,0,1,1,1.000,6.09,6,true,3,0,3,2,1,0,0.000,0.667,"|||||detour|||||crossing_pass||||camp||||crossing_pass|repair|||",false,false,0,0
"Deep - Resource Manager","Deep","Resource Manager","DP-BIDEN03",1558,24,"Boss Vote Failed - Game Over","boss_vote_failed",8,1,10,20,4,21800,true,false,2100.0,23,0,1,127.00,8,0,4000,"",0,1,0,0,1,1,0.958,6.67,5,true,3,0,3,2,1,0,0.000,0.667,"|||||detour|||||crossing_pass|||||repair|||crossing_pass|camp||||",false,false,0,0
"Deep - Resource Manager","Deep","Resource Manager","DP-BIGLY03",1559,22,"Boss Vote Failed - Game Over","boss_vote_failed",6,0,10,20,4,23300,true,false,2100.0,22,0,0,132.77,6,0,4000,"",0,0,0,0,0,0,1.000,5.45,6,true,3,0,3,2,1,0,0.000,0.667,"||||detour|||||crossing_pass||||||||crossing_pass||||",false,false,0,0
"Deep - Resource Manager","Deep","Resource Manager","DP-BIGMAC03",1560,23,"Boss Vote Failed - Game Over","boss_vote_failed",7,1,10,18,4,21600,true,false,2100.0,22,1,0,127.00,7,0,4000,"",0,3,0,0,0,1,1.000,6.09,6,true,3,0,3,2,1,0,0.000,0.667,"|||||crossing_pass|||||detour;repair||||||||crossing_pass||||",false,false,0,0
"Deep - Resource Manager","Deep","Resource Manager","DP-BLEACH03",1561,23,"Boss Vote Failed - Game Over","boss_vote_failed",8,0,10,18,4,24100,true,false,2100.0,22,0,1,132.77,8,0,4000,"",0,0,0,0,0,0,0.957,6.96,7,true,3,0,3,3,0,0,0.000,1.000,"|||||crossing_pass|||||crossing_pass|||||||crossing_pass|||||",false,false,0,0
"Deep - Resource Manager","Deep","Resource Manager","DP-BLEXIT03",1562,23,"Boss Vote Failed - Game Over","boss_vote_failed",7,1,10,20,4,21100,true,false,2100.0,22,1,0,127.00,7,2700,4000,"",0,5,0,0,1,1,1.000,6.09,6,true,3,0,3,3,0,0,0.000,1.000,"||||crossing_pass|||||crossing_pass|||repair||camp||||crossing_pass||||",false,false,0,0
"Deep - Resource Manager","Deep","Resource Manager","DP-BLM03",1563,22,"Victory - Boss Defeated","boss.victory",7,0,10,20,4,22600,true,true,2100.0,20,2,0,132.77,7,0,4000,"",0,0,0,0,0,0,1.000,6.36,5,true,3,0,3,3,0,0,0.000,1.000,"|||||crossing_pass|||||crossing_pass|||||||crossing_pass||||",false,false,0,0
"Deep - Resource Manager","Deep","Resource Manager","DP-BOEBERT03",1564,22,"Boss Vote Failed - Game Over","boss_vote_failed",8,0,10,18,4,23200,true,false,2100.0,22,0,0,132.77,8,0,4000,"",0,0,0,0,0,0,1.000,7.27,6,true,3,0,3,3,0,0,0.000,1.000,"|||||crossing_pass|||||crossing_pass|||||||crossing_pass||||",false,false,0,0
"Deep - Resource Manager","Deep","Resource Manager","DP-BOLTON03",1565,22,"Victory - Boss Defeated","boss.victory",7,0,10,18,4,23800,true,true,2100.0,22,0,0,132.77,7,0,4000,"",0,7,0,0,0,0,1.000,6.36,6,true,3,0,3,3,0,0,0.000,1.000,"||||crossing_pass|||||crossing_pass||||||||crossing_pass||||",false,false,0,0
"Deep - Resource Manager","Deep","Resource Manager","DP-BONTA03",1566,22,"Victory - Boss Defeated","boss.victory",7,0,10,19,4,23800,true,true,2100.0,21,1,0,132.77,7,0,4000,"",0,6,0,0,0,0,1.000,6.36,5,true,3,0,3,3,0,0,0.000,1.000,"|||||crossing_pass|||||crossing_pass|||||||crossing_pass||||",false,false,0,0
"Deep - Resource Manager","Deep","Resource Manager","DP-BORDER03",1567,23,"Boss Vote Failed - Game Over","boss_vote_failed",7,0,10,17,4,23800,true,false,2100.0,20,1,2,139.10,7,0,4000,"",0,0,0,0,0,0,0.913,6.09,5,true,3,0,3,2,1,0,0.000,0.667,"|||||crossing_pass|||||crossing_pass|||||||detour|||||",false,false,0,0
"Deep - Resource Manager","Deep","Resource Manager","DP-BOXES03",1568,23,"Boss Vote Failed - Game Over","boss_vote_failed",7,0,10,18,4,23800,true,false,2100.0,22,0,1,132.77,7,0,4000,"",0,5,0,0,0,0,0.957,6.09,6,true,3,0,3,3,0,0,0.000,1.000,"|||||crossing_pass|||||crossing_pass|||||||crossing_pass|||||",false,false,0,0
"Deep - Resource Manager","Deep","Resource Manager","DP-BREIT03",1569,23,"Boss Vote Failed - Game Over","boss_vote_failed",8,1,10,20,4,19500,true,false,2100.0,23,0,0,127.00,8,3100,4000,"",0,7,0,0,0,1,1.000,6.96,6,true,3,0,3,2,1,0,0.000,0.667,"||||crossing_pass|||repair|||detour||||||||crossing_pass||||",false,false,0,0
"Deep - Resource Manager","Deep","Resource Manager","DP-BUNKER03",1570,23,"Boss Vote Failed - Game Over","boss_vote_failed",8,0,9,20,4,23600,true,false,2100.0,22,0,1,132.77,8,0,4000,"",0,6,1,0,1,0,0.957,6.96,5,true,3,0,3,3,0,0,0.000,1.000,"|||||crossing_pass|||||crossing_pass|||||camp|||crossing_pass||||",false,false,0,0
"Deep - Resource Manager","Deep","Resource Manager","DP-BUTLER03",1571,22,"Boss Vote Failed - Game Over","boss_vote_failed",7,1,10,20,4,21200,true,false,2100.0,22,0,0,132.77,7,0,4000,"",0,0,0,0,0,1,1.000,6.36,6,true,3,0,3,3,0,0,0.000,1.000,"|||||crossing_pass||repair|||crossing_pass|||||||crossing_pass||||",false,false,0,0
"Deep - Resource Manager","Deep","Resource Manager","DP-CANNON03",1572,23,"Boss Vote Failed - Game Over","boss_vote_failed",8,1,10,18,3,20500,true,false,2100.0,22,0,1,132.77,8,2700,4000,"",0,0,0,0,0,1,0.957,6.96,5,true,3,0,3,3,0,0,0.000,1.000,"|||repair||crossing_pass|||||crossing_pass||||||||crossing_pass||||",false,false,0,0
"Deep - Resource Manager","Deep","Resource Manager","DP-CAPRIOT03",1573,22,"Boss Vote Failed - Game Over","boss_vote_failed",6,1,10,18,4,20900,true,false,2100.0,22,0,0,132.77,6,0,4000,"",0,0,0,0,0,1,1.000,5.45,5,true,3,0,3,2,1,0,0.000,0.667,"|||repair||crossing_pass|||||crossing_pass|||||||detour||||",false,false,0,0
"Deep - Resource Manager","Deep","Resource Manager","DP-CARAVAN03",1574,23,"Boss Vote Failed - Game Over","boss_vote_failed",7,0,10,20,4,22800,true,false,2100.0,22,0,1,132.77,7,0,4000,"",0,0,0,0,1,0,0.957,6.09,6,true,3,0,3,3,0,0,0.000,1.000,"|||||crossing_pass|||||crossing_pass|||||||camp|crossing_pass||||",false,false,0,0
"Deep - Resource Manager","Deep","Resource Manager","DP-CARSON03",1575,22,"Victory - Boss Defeated","boss.victory",6,0,10,18,4,23800,true,true,2100.0,22,0,0,132.77,6,0,4000,"",0,0,0,0,0,0,1.000,5.45,6,true,3,0,3,2,1,0,0.000,0.667,"|||||crossing_pass|||||crossing_pass|||||||detour||||",false,false,0,0
"Deep - Resource Manager","Deep","Resource Manager","DP-CHEETO03",1576,22,"Boss Vote Failed - Game Over","boss_vote_failed",8,1,10,19,4,22100,true,false,2100.0,21,1,0,132.77,8,0,4000,"",0,0,0,0,0,1,1.000,7.27,5,true,3,0,3,3,0,0,0.000,1.000,"|||||crossing_pass|||||crossing_pass||||||repair|crossing_pass||||",false,false,0,0
"Deep - Resource Manager","Deep","Resource Manager","DP-CHENEY03",1577,22,"Boss Vote Failed - Game Over","boss_vote_failed",7,0,10,19,4,23800,true,false,2100.0,22,0,0,132.77,7,0,4000,"",0,0,0,0,0,0,1.000,6.36,6,true,3,0,3,3,0,0,0.000,1.000,"||||crossing_pass||||||crossing_pass|||||||crossing_pass||||",false,false,0,0
"Deep - Resource Manager","Deep","Resource Manager","DP-CHESBRO03",1578,22,"Boss Vote Failed - Game Over","boss_vote_failed",7,0,10,18,4,25100,true,false,2100.0,22,0,0,132.77,7,0,4000,"",0,0,0,0,0,0,1.000,6.36,6,true,3,0,3,3,0,0,0.000,1.000,"|||||crossing_pass|||||crossing_pass|||||||crossing_pass||||",false,false,0,0
"Deep - Resource Manager","Deep","Resource Manager","DP-CHINAV03",1579,23,"Boss Vote Failed - Game Over","boss_vote_failed",7,1,10,20,4,22600,true,false,2100.0,22,0,1,132.77,7,0,4000,"",0,1,0,0,1,1,0.957,6.09,5,true,3,0,3,2,1,0,0.000,0.667,"|||||detour|||||crossing_pass;repair||||camp||||crossing_pass||||",false,false,0,0
"Deep - Resource Manager","Deep","Resource Manager","DP-CLIMATE03",1580,23,"Boss Vote Failed - Game Over","boss_vote_failed",7,1,10,16,4,21000,true,false,2100.0,22,0,1,132.77,7,0,4000,"",0,0,1,0,0,1,0.957,6.09,6,true,3,0,3,2,1,0,0.000,0.667,"|||||detour|||||crossing_pass||||||repair|crossing_pass|||||",false,false,0,0
"Deep - Resource Manager","Deep","Resource Manager","DP-CLOWN03",1581,22,"Boss Vote Failed - Game Over","boss_vote_failed",7,0,10,18,4,24300,true,false,2100.0,22,0,0,132.77,7,0,4000,"",0,0,0,0,0,0,1.000,6.36,6,true,3,0,3,3,0,0,0.000,1.000,"||||crossing_pass|||||crossing_pass||||||||crossing_pass||||",false,false,0,0
"Deep - Resource Manager","Deep","Resource Manager","DP-COAL03",1582,23,"Boss Vote Failed - Game Over","boss_vote_failed",7,1,10,18,4,21900,true,false,2100.0,23,0,0,127.00,7,0,4000,"",0,1,0,0,0,1,1.000,6.09,6,true,3,0,3,2,1,0,0.000,0.667,"|||||crossing_pass|||||crossing_pass|||repair||||detour|||||",false,false,0,0
"Deep - Resource Manager","Deep","Resource Manager","DP-COATS03",1583,23,"Victory - Boss Defeated","boss.victory",8,0,9,16,4,23800,true,true,2100.0,20,2,1,132.77,8,0,4000,"",0,1,1,0,0,0,0.957,6.96,5,true,3,0,3,2,1,0,0.000,0.667,"|||||detour|||||crossing_pass|||||||crossing_pass|||||",false,false,0,0
"Deep - Resource Manager","Deep","Resource Manager","DP-COHEN03",1584,23,"Boss Vote Failed - Game Over","boss_vote_failed",7,0,10,16,4,24300,true,false,2100.0,20,2,1,132.77,7,0,4000,"",0,0,0,1,1,0,0.957,6.09,6,true,3,0,3,2,1,0,0.000,0.667,"||||detour|||||crossing_pass||||||camp|||crossing_pass||||",false,false,0,0
"Deep - Resource Manager","Deep","Resource Manager","DP-COLLUSN03",1585,23,"Boss Vote Failed - Game Over","boss_vote_failed",7,0,10,18,4,24100,true,false,2100.0,22,0,1,132.77,7,0,4000,"",0,0,0,0,0,0,0.957,6.09,6,true,3,0,3,2,1,0,0.000,0.667,"|||||detour|||||crossing_pass|||||||crossing_pass|||||",false,false,0,0
"Deep - Resource Manager","Deep","Resource Manager","DP-CONWAY03",1586,23,"Boss Vote Failed - Game Over","boss_vote_failed",8,1,10,17,4,22800,true,false,2100.0,22,0,1,132.77,8,0,4000,"",0,0,0,0,0,1,0.957,6.96,6,true,3,0,3,2,1,0,0.000,0.667,"|||repair||crossing_pass|||||detour|||||||crossing_pass|||||",false,false,0,0

🏁 Total time: 11.414212417s
